,0,1,2,3,4,5,6,7,8,9
2006-12-04 00:00:00+00:00,0.99099404,0.0,0.0,0.0,0.0,0.0,0.0,0.0,0.0,0.0
2006-12-10 00:00:00+00:00,0.0,0.0,0.0,0.0,0.0,0.0,0.0,0.0,0.0,0.0
2006-12-11 00:00:00+00:00,0.0,0.5015712,0.0,0.0,0.0,0.0,0.0,0.0,0.0,0.0
2006-12-17 00:00:00+00:00,0.0,0.0,0.0,0.0,0.0,0.0,0.0,0.0,0.0,0.0
2006-12-24 00:00:00+00:00,0.0,0.0,0.0,0.0,0.0,0.0,0.0,0.0,0.0,0.0
2006-12-25 00:00:00+00:00,0.0,0.0,0.0,0.0,0.0,0.0,0.0,0.84243584,0.0,0.0
2006-12-31 00:00:00+00:00,0.0,0.0,0.0,0.0,0.0,0.0,0.0,0.0,0.0,0.0
2007-01-07 00:00:00+00:00,0.0,0.0,0.0,0.0,0.0,0.0,0.0,0.0,0.0,0.0
2007-01-14 00:00:00+00:00,0.0,0.0,0.0,0.0,0.0,0.0,0.0,0.0,0.0,0.0
2007-01-15 00:00:00+00:00,0.0,0.0,0.0,0.0,0.0,0.0,0.0,0.9938299,0.0,0.0
2007-01-21 00:00:00+00:00,0.0,0.0,0.0,0.0,0.0,0.0,0.0,0.0,0.0,0.0
2007-01-28 00:00:00+00:00,0.0,0.0,0.0,0.0,0.0,0.0,0.0,0.0,0.0,0.0
2007-02-04 00:00:00+00:00,0.0,0.0,0.0,0.0,0.0,0.0,0.0,0.0,0.0,0.0
2007-02-11 00:00:00+00:00,0.0,0.0,0.0,0.0,0.0,0.0,0.0,0.0,0.0,0.0
2007-02-12 00:00:00+00:00,0.0,0.0,0.0,0.9689294,0.0,0.0,0.0,0.0,0.0,0.0
2007-02-18 00:00:00+00:00,0.0,0.0,0.0,0.0,0.0,0.0,0.0,0.0,0.0,0.0
2007-02-25 00:00:00+00:00,0.0,0.0,0.0,0.0,0.0,0.0,0.0,0.0,0.0,0.0
2007-02-26 00:00:00+00:00,0.0,0.0,0.0,0.4094484,0.0,0.0,0.0,0.0,0.0,0.0
2007-03-04 00:00:00+00:00,0.0,0.0,0.0,0.0,0.0,0.0,0.0,0.0,0.0,0.0
2007-03-05 00:00:00+00:00,0.0,0.0,0.0,0.18677571,0.0,0.0,0.0,0.0,0.0,0.0
2007-03-11 00:00:00+00:00,0.0,0.0,0.0,0.0,0.0,0.0,0.0,0.0,0.0,0.0
2007-03-12 00:00:00+00:00,0.0,0.0,0.0,0.0,0.0,0.0,0.91742533,0.0,0.0,0.0
2007-03-18 00:00:00+00:00,0.0,0.0,0.0,0.0,0.0,0.0,0.0,0.0,0.0,0.0
2007-03-25 00:00:00+00:00,0.0,0.0,0.0,0.0,0.0,0.0,0.0,0.0,0.0,0.0
2007-04-01 00:00:00+00:00,0.0,0.0,0.0,0.0,0.0,0.0,0.0,0.0,0.0,0.0
2007-04-08 00:00:00+00:00,0.0,0.0,0.0,0.0,0.0,0.0,0.0,0.0,0.0,0.0
2007-04-15 00:00:00+00:00,0.0,0.0,0.0,0.0,0.0,0.0,0.0,0.0,0.0,0.0
2007-04-16 00:00:00+00:00,0.0,0.0,0.9885971,0.0,0.0,0.0,0.0,0.0,0.0,0.0
2007-04-22 00:00:00+00:00,0.0,0.0,0.0,0.0,0.0,0.0,0.0,0.0,0.0,0.0
2007-04-29 00:00:00+00:00,0.0,0.0,0.0,0.0,0.0,0.0,0.0,0.0,0.0,0.0
2007-04-30 00:00:00+00:00,0.0,0.0,0.0,0.0,0.68384695,0.68520105,0.0,0.0,0.0,0.0
2007-05-06 00:00:00+00:00,0.0,0.0,0.0,0.0,0.0,0.0,0.0,0.0,0.0,0.0
2007-05-07 00:00:00+00:00,0.0,0.0,0.0,0.0,0.0,0.7991708,0.0,0.0,0.0,0.0
2007-05-13 00:00:00+00:00,0.0,0.0,0.0,0.0,0.0,0.0,0.0,0.0,0.0,0.0
2007-05-14 00:00:00+00:00,0.0,0.0,0.0,0.0,0.19940881,0.0,0.0,0.0,0.0,0.0
2007-05-20 00:00:00+00:00,0.0,0.0,0.0,0.0,0.0,0.0,0.0,0.0,0.0,0.0
2007-05-27 00:00:00+00:00,0.0,0.0,0.0,0.0,0.0,0.0,0.0,0.0,0.0,0.0
2007-06-03 00:00:00+00:00,0.0,0.0,0.0,0.0,0.0,0.0,0.0,0.0,0.0,0.0
2007-06-10 00:00:00+00:00,0.0,0.0,0.0,0.0,0.0,0.0,0.0,0.0,0.0,0.0
2007-06-17 00:00:00+00:00,0.0,0.0,0.0,0.0,0.0,0.0,0.0,0.0,0.0,0.0
2007-06-24 00:00:00+00:00,0.0,0.0,0.0,0.0,0.0,0.0,0.0,0.0,0.0,0.0
2007-07-01 00:00:00+00:00,0.0,0.0,0.0,0.0,0.0,0.0,0.0,0.0,0.0,0.0
2007-07-02 00:00:00+00:00,0.98162156,0.0,0.0,0.0,0.0,0.0,0.0,0.0,0.0,0.0
2007-07-08 00:00:00+00:00,0.0,0.0,0.0,0.0,0.0,0.0,0.0,0.0,0.0,0.0
2007-07-15 00:00:00+00:00,0.0,0.0,0.0,0.0,0.0,0.0,0.0,0.0,0.0,0.0
2007-07-16 00:00:00+00:00,0.0,0.0,0.9973809,0.0,0.0,0.0,0.0,0.0,0.0,0.0
2007-07-22 00:00:00+00:00,0.0,0.0,0.0,0.0,0.0,0.0,0.0,0.0,0.0,0.0
2007-07-23 00:00:00+00:00,0.0,0.0,0.0,0.49672753,0.0,0.0,0.0,0.0,0.0,0.0
2007-07-29 00:00:00+00:00,0.0,0.0,0.0,0.0,0.0,0.0,0.0,0.0,0.0,0.0
2007-08-05 00:00:00+00:00,0.0,0.0,0.0,0.0,0.0,0.0,0.0,0.0,0.0,0.0
2007-08-12 00:00:00+00:00,0.0,0.0,0.0,0.0,0.0,0.0,0.0,0.0,0.0,0.0
2007-08-13 00:00:00+00:00,0.0,0.0,0.0,0.33349133,0.0,0.0,0.0,0.0,0.0,0.0
2007-08-19 00:00:00+00:00,0.0,0.0,0.0,0.0,0.0,0.0,0.0,0.0,0.0,0.0
2007-08-26 00:00:00+00:00,0.0,0.0,0.0,0.0,0.0,0.0,0.0,0.0,0.0,0.0
2007-09-02 00:00:00+00:00,0.0,0.0,0.0,0.0,0.0,0.0,0.0,0.0,0.0,0.0
2007-09-03 00:00:00+00:00,0.0,0.0,0.0,0.0,0.0,0.0,0.9960995,0.0,0.0,0.0
2007-09-09 00:00:00+00:00,0.0,0.0,0.0,0.0,0.0,0.0,0.0,0.0,0.0,0.0
2007-09-10 00:00:00+00:00,0.0,0.0,0.0,0.0,0.0,0.0,0.37743124,0.0,0.0,0.0
2007-09-16 00:00:00+00:00,0.0,0.0,0.0,0.0,0.0,0.0,0.0,0.0,0.0,0.0
2007-09-23 00:00:00+00:00,0.0,0.0,0.0,0.0,0.0,0.0,0.0,0.0,0.0,0.0
2007-09-30 00:00:00+00:00,0.0,0.0,0.0,0.0,0.0,0.0,0.0,0.0,0.0,0.0
2007-10-01 00:00:00+00:00,0.0,0.9923015,0.0,0.0,0.0,0.0,0.0,0.0,0.0,0.0
2007-10-07 00:00:00+00:00,0.0,0.0,0.0,0.0,0.0,0.0,0.0,0.0,0.0,0.0
2007-10-14 00:00:00+00:00,0.0,0.0,0.0,0.0,0.0,0.0,0.0,0.0,0.0,0.0
2007-10-21 00:00:00+00:00,0.0,0.0,0.0,0.0,0.0,0.0,0.0,0.0,0.0,0.0
2007-10-28 00:00:00+00:00,0.0,0.0,0.0,0.0,0.0,0.0,0.0,0.0,0.0,0.0
2007-10-29 00:00:00+00:00,0.0,0.943678,0.0,0.0,0.0,0.0,0.0,0.0,0.0,0.0
2007-11-04 00:00:00+00:00,0.0,0.0,0.0,0.0,0.0,0.0,0.0,0.0,0.0,0.0
2007-11-05 00:00:00+00:00,0.0,0.0,0.0,0.0,0.0,0.0,0.0,0.0,0.0,0.9549548
2007-11-11 00:00:00+00:00,0.0,0.0,0.0,0.0,0.0,0.0,0.0,0.0,0.0,0.0
2007-11-12 00:00:00+00:00,0.0,0.010855554,0.0,0.0,0.0,0.0,0.0,0.0,0.0,0.0
2007-11-18 00:00:00+00:00,0.0,0.0,0.0,0.0,0.0,0.0,0.0,0.0,0.0,0.0
2007-11-19 00:00:00+00:00,0.0,0.0,0.0,0.0,0.0,0.0,0.0,0.0,0.0,0.9689325
2007-11-25 00:00:00+00:00,0.0,0.0,0.0,0.0,0.0,0.0,0.0,0.0,0.0,0.0
2007-12-02 00:00:00+00:00,0.0,0.0,0.0,0.0,0.0,0.0,0.0,0.0,0.0,0.0
2007-12-09 00:00:00+00:00,0.0,0.0,0.0,0.0,0.0,0.0,0.0,0.0,0.0,0.0
2007-12-16 00:00:00+00:00,0.0,0.0,0.0,0.0,0.0,0.0,0.0,0.0,0.0,0.0
2007-12-17 00:00:00+00:00,0.0,0.98874205,0.0,0.0,0.0,0.0,0.0,0.0,0.0,0.0
2007-12-23 00:00:00+00:00,0.0,0.0,0.0,0.0,0.0,0.0,0.0,0.0,0.0,0.0
2007-12-30 00:00:00+00:00,0.0,0.0,0.0,0.0,0.0,0.0,0.0,0.0,0.0,0.0
2007-12-31 00:00:00+00:00,0.0,0.9830025,0.0,0.0,0.0,0.0,0.0,0.0,0.0,0.0
2008-01-06 00:00:00+00:00,0.0,0.0,0.0,0.0,0.0,0.0,0.0,0.0,0.0,0.0
2008-01-07 00:00:00+00:00,0.011123128,0.0,0.0,0.0,0.0,0.0,0.0,0.0,0.0,0.0
2008-01-13 00:00:00+00:00,0.0,0.0,0.0,0.0,0.0,0.0,0.0,0.0,0.0,0.0
2008-01-20 00:00:00+00:00,0.0,0.0,0.0,0.0,0.0,0.0,0.0,0.0,0.0,0.0
2008-01-21 00:00:00+00:00,0.0,0.0,0.0,0.96398294,0.0,0.0,0.0,0.0,0.0,0.0
2008-01-27 00:00:00+00:00,0.0,0.0,0.0,0.0,0.0,0.0,0.0,0.0,0.0,0.0
2008-02-03 00:00:00+00:00,0.0,0.0,0.0,0.0,0.0,0.0,0.0,0.0,0.0,0.0
2008-02-10 00:00:00+00:00,0.0,0.0,0.0,0.0,0.0,0.0,0.0,0.0,0.0,0.0
2008-02-17 00:00:00+00:00,0.0,0.0,0.0,0.0,0.0,0.0,0.0,0.0,0.0,0.0
2008-02-24 00:00:00+00:00,0.0,0.0,0.0,0.0,0.0,0.0,0.0,0.0,0.0,0.0
2008-03-02 00:00:00+00:00,0.0,0.0,0.0,0.0,0.0,0.0,0.0,0.0,0.0,0.0
2008-03-03 00:00:00+00:00,0.0,0.0,0.0,0.0,0.12901236,0.0,0.0,0.0,0.0,0.0
2008-03-09 00:00:00+00:00,0.0,0.0,0.0,0.0,0.0,0.0,0.0,0.0,0.0,0.0
2008-03-10 00:00:00+00:00,0.0,0.0,0.0,0.04878041,0.0,0.0,0.0,0.0,0.0,0.0
2008-03-16 00:00:00+00:00,0.0,0.0,0.0,0.0,0.0,0.0,0.0,0.0,0.0,0.0
2008-03-17 00:00:00+00:00,0.0,0.0,0.56026375,0.0,0.0,0.0,0.0,0.0,0.0,0.0
2008-03-23 00:00:00+00:00,0.0,0.0,0.0,0.0,0.0,0.0,0.0,0.0,0.0,0.0
2008-03-30 00:00:00+00:00,0.0,0.0,0.0,0.0,0.0,0.0,0.0,0.0,0.0,0.0
2008-04-06 00:00:00+00:00,0.0,0.0,0.0,0.0,0.0,0.0,0.0,0.0,0.0,0.0
2008-04-13 00:00:00+00:00,0.0,0.0,0.0,0.0,0.0,0.0,0.0,0.0,0.0,0.0
2008-04-20 00:00:00+00:00,0.0,0.0,0.0,0.0,0.0,0.0,0.0,0.0,0.0,0.0
2008-04-27 00:00:00+00:00,0.0,0.0,0.0,0.0,0.0,0.0,0.0,0.0,0.0,0.0
2008-05-04 00:00:00+00:00,0.0,0.0,0.0,0.0,0.0,0.0,0.0,0.0,0.0,0.0
2008-05-05 00:00:00+00:00,0.0,0.0,0.0,0.0,0.0,0.9549748,0.0,0.0,0.0,0.0
2008-05-11 00:00:00+00:00,0.0,0.0,0.0,0.0,0.0,0.0,0.0,0.0,0.0,0.0
2008-05-12 00:00:00+00:00,0.3645745,0.0,0.0,0.0,0.0,0.0,0.0,0.0,0.0,0.0
2008-05-18 00:00:00+00:00,0.0,0.0,0.0,0.0,0.0,0.0,0.0,0.0,0.0,0.0
2008-05-25 00:00:00+00:00,0.0,0.0,0.0,0.0,0.0,0.0,0.0,0.0,0.0,0.0
2008-05-26 00:00:00+00:00,0.0,0.0,0.0,0.23290315,0.0,0.0,0.0,0.0,0.0,0.0
2008-06-01 00:00:00+00:00,0.0,0.0,0.0,0.0,0.0,0.0,0.0,0.0,0.0,0.0
2008-06-02 00:00:00+00:00,0.0,0.0,0.26508856,0.0,0.0,0.0,0.0,0.0,0.0,0.0
2008-06-08 00:00:00+00:00,0.0,0.0,0.0,0.0,0.0,0.0,0.0,0.0,0.0,0.0
2008-06-09 00:00:00+00:00,0.0,0.0,0.0,0.0,0.9571072,0.0,0.0,0.0,0.0,0.0
2008-06-15 00:00:00+00:00,0.0,0.0,0.0,0.0,0.0,0.0,0.0,0.0,0.0,0.0
2008-06-22 00:00:00+00:00,0.0,0.0,0.0,0.0,0.0,0.0,0.0,0.0,0.0,0.0
2008-06-23 00:00:00+00:00,0.0,0.78295,0.0,0.0,0.0,0.0,0.0,0.0,0.0,0.0
2008-06-29 00:00:00+00:00,0.0,0.0,0.0,0.0,0.0,0.0,0.0,0.0,0.0,0.0
2008-06-30 00:00:00+00:00,0.0,0.0,0.0,0.0,0.0,0.0,0.9980859,0.0,0.0,0.0
2008-07-06 00:00:00+00:00,0.0,0.0,0.0,0.0,0.0,0.0,0.0,0.0,0.0,0.0
2008-07-13 00:00:00+00:00,0.0,0.0,0.0,0.0,0.0,0.0,0.0,0.0,0.0,0.0
2008-07-14 00:00:00+00:00,0.0,0.58002174,0.0,0.0,0.0,0.0,0.0,0.0,0.0,0.0
2008-07-20 00:00:00+00:00,0.0,0.0,0.0,0.0,0.0,0.0,0.0,0.0,0.0,0.0
2008-07-27 00:00:00+00:00,0.0,0.0,0.0,0.0,0.0,0.0,0.0,0.0,0.0,0.0
2008-08-03 00:00:00+00:00,0.0,0.0,0.0,0.0,0.0,0.0,0.0,0.0,0.0,0.0
2008-08-04 00:00:00+00:00,0.020012137,0.0,0.0,0.0,0.0,0.0,0.0,0.0,0.0,0.0
2008-08-10 00:00:00+00:00,0.0,0.0,0.0,0.0,0.0,0.0,0.0,0.0,0.0,0.0
2008-08-17 00:00:00+00:00,0.0,0.0,0.0,0.0,0.0,0.0,0.0,0.0,0.0,0.0
2008-08-24 00:00:00+00:00,0.0,0.0,0.0,0.0,0.0,0.0,0.0,0.0,0.0,0.0
2008-08-25 00:00:00+00:00,0.4798568,0.0,0.0,0.0,0.0,0.0,0.0,0.0,0.0,0.0
2008-08-31 00:00:00+00:00,0.0,0.0,0.0,0.0,0.0,0.0,0.0,0.0,0.0,0.0
2008-09-07 00:00:00+00:00,0.0,0.0,0.0,0.0,0.0,0.0,0.0,0.0,0.0,0.0
2008-09-08 00:00:00+00:00,0.0,0.0,0.0,0.9399523,0.0,0.0,0.0,0.0,0.0,0.0
2008-09-14 00:00:00+00:00,0.0,0.0,0.0,0.0,0.0,0.0,0.0,0.0,0.0,0.0
2008-09-21 00:00:00+00:00,0.0,0.0,0.0,0.0,0.0,0.0,0.0,0.0,0.0,0.0
2008-09-28 00:00:00+00:00,0.0,0.0,0.0,0.0,0.0,0.0,0.0,0.0,0.0,0.0
2008-10-05 00:00:00+00:00,0.0,0.0,0.0,0.0,0.0,0.0,0.0,0.0,0.0,0.0
2008-10-12 00:00:00+00:00,0.0,0.0,0.0,0.0,0.0,0.0,0.0,0.0,0.0,0.0
2008-10-13 00:00:00+00:00,0.0,0.0,0.0,0.0,0.99426305,0.0,0.0,0.0,0.0,0.0
2008-10-19 00:00:00+00:00,0.0,0.0,0.0,0.0,0.0,0.0,0.0,0.0,0.0,0.0
2008-10-20 00:00:00+00:00,0.0,0.0,0.0,0.53571314,0.0,0.0,0.0,0.0,0.0,0.0
2008-10-26 00:00:00+00:00,0.0,0.0,0.0,0.0,0.0,0.0,0.0,0.0,0.0,0.0
2008-11-02 00:00:00+00:00,0.0,0.0,0.0,0.0,0.0,0.0,0.0,0.0,0.0,0.0
2008-11-09 00:00:00+00:00,0.0,0.0,0.0,0.0,0.0,0.0,0.0,0.0,0.0,0.0
2008-11-16 00:00:00+00:00,0.0,0.0,0.0,0.0,0.0,0.0,0.0,0.0,0.0,0.0
2008-11-23 00:00:00+00:00,0.0,0.0,0.0,0.0,0.0,0.0,0.0,0.0,0.0,0.0
2008-11-30 00:00:00+00:00,0.0,0.0,0.0,0.0,0.0,0.0,0.0,0.0,0.0,0.0
2008-12-01 00:00:00+00:00,0.0,0.0,0.81007457,0.0,0.0,0.0,0.0,0.0,0.0,0.0
2008-12-07 00:00:00+00:00,0.0,0.0,0.0,0.0,0.0,0.0,0.0,0.0,0.0,0.0
2008-12-14 00:00:00+00:00,0.0,0.0,0.0,0.0,0.0,0.0,0.0,0.0,0.0,0.0
2008-12-15 00:00:00+00:00,0.05001912,0.0,0.0,0.0,0.0,0.0,0.0,0.0,0.0,0.0
2008-12-21 00:00:00+00:00,0.0,0.0,0.0,0.0,0.0,0.0,0.0,0.0,0.0,0.0
2008-12-28 00:00:00+00:00,0.0,0.0,0.0,0.0,0.0,0.0,0.0,0.0,0.0,0.0
2008-12-29 00:00:00+00:00,0.0,0.0,0.9887391,0.0,0.0,0.0,0.0,0.0,0.0,0.0
2009-01-04 00:00:00+00:00,0.0,0.0,0.0,0.0,0.0,0.0,0.0,0.0,0.0,0.0
2009-01-11 00:00:00+00:00,0.0,0.0,0.0,0.0,0.0,0.0,0.0,0.0,0.0,0.0
2009-01-12 00:00:00+00:00,0.0,0.0,0.0,0.0,0.0,0.0,0.0,0.0,0.0,0.977478
2009-01-18 00:00:00+00:00,0.0,0.0,0.0,0.0,0.0,0.0,0.0,0.0,0.0,0.0
2009-01-25 00:00:00+00:00,0.0,0.0,0.0,0.0,0.0,0.0,0.0,0.0,0.0,0.0
2009-02-01 00:00:00+00:00,0.0,0.0,0.0,0.0,0.0,0.0,0.0,0.0,0.0,0.0
2009-02-08 00:00:00+00:00,0.0,0.0,0.0,0.0,0.0,0.0,0.0,0.0,0.0,0.0
2009-02-09 00:00:00+00:00,0.0,0.0,0.0,0.0,0.0,0.9967253,0.0,0.0,0.0,0.0
2009-02-15 00:00:00+00:00,0.0,0.0,0.0,0.0,0.0,0.0,0.0,0.0,0.0,0.0
2009-02-16 00:00:00+00:00,0.0,0.0,0.0,0.0,0.9904187,0.0,0.0,0.0,0.0,0.0
2009-02-22 00:00:00+00:00,0.0,0.0,0.0,0.0,0.0,0.0,0.0,0.0,0.0,0.0
2009-03-01 00:00:00+00:00,0.0,0.0,0.0,0.0,0.0,0.0,0.0,0.0,0.0,0.0
2009-03-08 00:00:00+00:00,0.0,0.0,0.0,0.0,0.0,0.0,0.0,0.0,0.0,0.0
2009-03-09 00:00:00+00:00,0.0,0.0,0.0,0.0,0.0,0.0,0.32232982,0.0,0.0,0.0
2009-03-15 00:00:00+00:00,0.0,0.0,0.0,0.0,0.0,0.0,0.0,0.0,0.0,0.0
2009-03-22 00:00:00+00:00,0.0,0.0,0.0,0.0,0.0,0.0,0.0,0.0,0.0,0.0
2009-03-29 00:00:00+00:00,0.0,0.0,0.0,0.0,0.0,0.0,0.0,0.0,0.0,0.0
2009-03-30 00:00:00+00:00,0.0,0.20307992,0.0,0.0,0.0,0.0,0.0,0.0,0.0,0.0
2009-04-05 00:00:00+00:00,0.0,0.0,0.0,0.0,0.0,0.0,0.0,0.0,0.0,0.0
2009-04-12 00:00:00+00:00,0.0,0.0,0.0,0.0,0.0,0.0,0.0,0.0,0.0,0.0
2009-04-19 00:00:00+00:00,0.0,0.0,0.0,0.0,0.0,0.0,0.0,0.0,0.0,0.0
2009-04-20 00:00:00+00:00,0.0,0.0,0.0,0.0,0.0,0.0,0.0,0.25134218,0.1807688,0.5428599
2009-04-26 00:00:00+00:00,0.0,0.0,0.0,0.0,0.0,0.0,0.0,0.0,0.0,0.0
2009-05-03 00:00:00+00:00,0.0,0.0,0.0,0.0,0.0,0.0,0.0,0.0,0.0,0.0
2009-05-10 00:00:00+00:00,0.0,0.0,0.0,0.0,0.0,0.0,0.0,0.0,0.0,0.0
2009-05-17 00:00:00+00:00,0.0,0.0,0.0,0.0,0.0,0.0,0.0,0.0,0.0,0.0
2009-05-24 00:00:00+00:00,0.0,0.0,0.0,0.0,0.0,0.0,0.0,0.0,0.0,0.0
2009-05-25 00:00:00+00:00,0.0,0.0,0.0,0.0,0.98198414,0.0,0.0,0.0,0.0,0.0
2009-05-31 00:00:00+00:00,0.0,0.0,0.0,0.0,0.0,0.0,0.0,0.0,0.0,0.0
2009-06-07 00:00:00+00:00,0.0,0.0,0.0,0.0,0.0,0.0,0.0,0.0,0.0,0.0
2009-06-14 00:00:00+00:00,0.0,0.0,0.0,0.0,0.0,0.0,0.0,0.0,0.0,0.0
2009-06-21 00:00:00+00:00,0.0,0.0,0.0,0.0,0.0,0.0,0.0,0.0,0.0,0.0
2009-06-28 00:00:00+00:00,0.0,0.0,0.0,0.0,0.0,0.0,0.0,0.0,0.0,0.0
2009-07-05 00:00:00+00:00,0.0,0.0,0.0,0.0,0.0,0.0,0.0,0.0,0.0,0.0
2009-07-06 00:00:00+00:00,0.9470221,0.0,0.0,0.0,0.0,0.0,0.0,0.0,0.0,0.0
2009-07-12 00:00:00+00:00,0.0,0.0,0.0,0.0,0.0,0.0,0.0,0.0,0.0,0.0
2009-07-13 00:00:00+00:00,0.0,0.35354394,0.0,0.0,0.0,0.0,0.0,0.0,0.0,0.0
2009-07-19 00:00:00+00:00,0.0,0.0,0.0,0.0,0.0,0.0,0.0,0.0,0.0,0.0
2009-07-26 00:00:00+00:00,0.0,0.0,0.0,0.0,0.0,0.0,0.0,0.0,0.0,0.0
2009-07-27 00:00:00+00:00,0.0,0.0,0.0,0.0,0.0,0.0,0.95495623,0.0,0.0,0.0
2009-08-02 00:00:00+00:00,0.0,0.0,0.0,0.0,0.0,0.0,0.0,0.0,0.0,0.0
2009-08-03 00:00:00+00:00,0.0,0.0,0.0,0.0,0.0,0.0,0.0,0.9399462,0.0,0.0
2009-08-09 00:00:00+00:00,0.0,0.0,0.0,0.0,0.0,0.0,0.0,0.0,0.0,0.0
2009-08-16 00:00:00+00:00,0.0,0.0,0.0,0.0,0.0,0.0,0.0,0.0,0.0,0.0
2009-08-17 00:00:00+00:00,0.0,1.9393175,0.0,0.0,0.0,0.0,0.0,0.0,0.0,0.0
2009-08-23 00:00:00+00:00,0.0,0.0,0.0,0.0,0.0,0.0,0.0,0.0,0.0,0.0
2009-08-30 00:00:00+00:00,0.0,0.0,0.0,0.0,0.0,0.0,0.0,0.0,0.0,0.0
2009-09-06 00:00:00+00:00,0.0,0.0,0.0,0.0,0.0,0.0,0.0,0.0,0.0,0.0
2009-09-13 00:00:00+00:00,0.0,0.0,0.0,0.0,0.0,0.0,0.0,0.0,0.0,0.0
2009-09-14 00:00:00+00:00,0.0,0.0,0.9956899,0.0,0.0,0.0,0.0,0.0,0.0,0.0
2009-09-20 00:00:00+00:00,0.0,0.0,0.0,0.0,0.0,0.0,0.0,0.0,0.0,0.0
2009-09-21 00:00:00+00:00,0.0,0.0,0.0,0.0,0.43010932,0.0,0.0,0.0,0.0,0.0
2009-09-27 00:00:00+00:00,0.0,0.0,0.0,0.0,0.0,0.0,0.0,0.0,0.0,0.0
2009-10-04 00:00:00+00:00,0.0,0.0,0.0,0.0,0.0,0.0,0.0,0.0,0.0,0.0
2009-10-11 00:00:00+00:00,0.0,0.0,0.0,0.0,0.0,0.0,0.0,0.0,0.0,0.0
2009-10-18 00:00:00+00:00,0.0,0.0,0.0,0.0,0.0,0.0,0.0,0.0,0.0,0.0
2009-10-19 00:00:00+00:00,0.0,0.0,0.0,0.4215801,0.0,0.0,0.0,0.0,0.0,0.0
2009-10-25 00:00:00+00:00,0.0,0.0,0.0,0.0,0.0,0.0,0.0,0.0,0.0,0.0
2009-10-26 00:00:00+00:00,0.0,0.39785913,0.0,0.0,0.0,0.0,0.0,0.0,0.0,0.0
2009-11-01 00:00:00+00:00,0.0,0.0,0.0,0.0,0.0,0.0,0.0,0.0,0.0,0.0
2009-11-08 00:00:00+00:00,0.0,0.0,0.0,0.0,0.0,0.0,0.0,0.0,0.0,0.0
2009-11-15 00:00:00+00:00,0.0,0.0,0.0,0.0,0.0,0.0,0.0,0.0,0.0,0.0
2009-11-22 00:00:00+00:00,0.0,0.0,0.0,0.0,0.0,0.0,0.0,0.0,0.0,0.0
2009-11-23 00:00:00+00:00,0.7009127,0.0,0.0,0.0,0.0,0.0,0.0,0.0,0.0,0.0
2009-11-29 00:00:00+00:00,0.0,0.0,0.0,0.0,0.0,0.0,0.0,0.0,0.0,0.0
2009-12-06 00:00:00+00:00,0.0,0.0,0.0,0.0,0.0,0.0,0.0,0.0,0.0,0.0
2009-12-13 00:00:00+00:00,0.0,0.0,0.0,0.0,0.0,0.0,0.0,0.0,0.0,0.0
2009-12-20 00:00:00+00:00,0.0,0.0,0.0,0.0,0.0,0.0,0.0,0.0,0.0,0.0
2009-12-27 00:00:00+00:00,0.0,0.0,0.0,0.0,0.0,0.0,0.0,0.0,0.0,0.0
2010-01-03 00:00:00+00:00,0.0,0.0,0.0,0.0,0.0,0.0,0.0,0.0,0.0,0.0
2010-01-04 00:00:00+00:00,0.6337462,0.0,0.0,0.0,0.0,0.0,0.0,0.0,0.0,0.0
2010-01-10 00:00:00+00:00,0.0,0.0,0.0,0.0,0.0,0.0,0.0,0.0,0.0,0.0
2010-01-17 00:00:00+00:00,0.0,0.0,0.0,0.0,0.0,0.0,0.0,0.0,0.0,0.0
2010-01-24 00:00:00+00:00,0.0,0.0,0.0,0.0,0.0,0.0,0.0,0.0,0.0,0.0
2010-01-25 00:00:00+00:00,0.0,0.0,0.0,0.0,0.973506,0.0,0.0,0.0,0.0,0.0
2010-01-31 00:00:00+00:00,0.0,0.0,0.0,0.0,0.0,0.0,0.0,0.0,0.0,0.0
2010-02-01 00:00:00+00:00,0.0,0.0,0.0,0.0,0.0,0.0,0.0,0.9307058,0.0,0.0
2010-02-07 00:00:00+00:00,0.0,0.0,0.0,0.0,0.0,0.0,0.0,0.0,0.0,0.0
2010-02-14 00:00:00+00:00,0.0,0.0,0.0,0.0,0.0,0.0,0.0,0.0,0.0,0.0
2010-02-21 00:00:00+00:00,0.0,0.0,0.0,0.0,0.0,0.0,0.0,0.0,0.0,0.0
2010-02-22 00:00:00+00:00,0.0,0.0,0.0,0.0,0.0,0.0,0.9965079,0.0,0.0,0.0
2010-02-28 00:00:00+00:00,0.0,0.0,0.0,0.0,0.0,0.0,0.0,0.0,0.0,0.0
2010-03-01 00:00:00+00:00,0.0,0.0,0.0,0.0,0.0,0.0,0.987659,0.0,0.0,0.0
2010-03-07 00:00:00+00:00,0.0,0.0,0.0,0.0,0.0,0.0,0.0,0.0,0.0,0.0
2010-03-14 00:00:00+00:00,0.0,0.0,0.0,0.0,0.0,0.0,0.0,0.0,0.0,0.0
2010-03-15 00:00:00+00:00,0.0,0.0,0.30944446,0.0,0.0,0.0,0.0,0.0,0.0,0.0
2010-03-21 00:00:00+00:00,0.0,0.0,0.0,0.0,0.0,0.0,0.0,0.0,0.0,0.0
2010-03-28 00:00:00+00:00,0.0,0.0,0.0,0.0,0.0,0.0,0.0,0.0,0.0,0.0
2010-04-04 00:00:00+00:00,0.0,0.0,0.0,0.0,0.0,0.0,0.0,0.0,0.0,0.0
2010-04-05 00:00:00+00:00,0.0,0.0,0.0,0.0,0.0,0.9639719,0.0,0.0,0.0,0.0
2010-04-11 00:00:00+00:00,0.0,0.0,0.0,0.0,0.0,0.0,0.0,0.0,0.0,0.0
2010-04-18 00:00:00+00:00,0.0,0.0,0.0,0.0,0.0,0.0,0.0,0.0,0.0,0.0
2010-04-25 00:00:00+00:00,0.0,0.0,0.0,0.0,0.0,0.0,0.0,0.0,0.0,0.0
2010-05-02 00:00:00+00:00,0.0,0.0,0.0,0.0,0.0,0.0,0.0,0.0,0.0,0.0
2010-05-03 00:00:00+00:00,0.0,0.0,0.0,0.0,0.9699709,0.0,0.0,0.0,0.0,0.0
2010-05-09 00:00:00+00:00,0.0,0.0,0.0,0.0,0.0,0.0,0.0,0.0,0.0,0.0
2010-05-16 00:00:00+00:00,0.0,0.0,0.0,0.0,0.0,0.0,0.0,0.0,0.0,0.0
2010-05-17 00:00:00+00:00,0.0,0.0,0.66153073,0.0,0.0,0.0,0.0,0.0,0.0,0.0
2010-05-23 00:00:00+00:00,0.0,0.0,0.0,0.0,0.0,0.0,0.0,0.0,0.0,0.0
2010-05-30 00:00:00+00:00,0.0,0.0,0.0,0.0,0.0,0.0,0.0,0.0,0.0,0.0
2010-06-06 00:00:00+00:00,0.0,0.0,0.0,0.0,0.0,0.0,0.0,0.0,0.0,0.0
2010-06-13 00:00:00+00:00,0.0,0.0,0.0,0.0,0.0,0.0,0.0,0.0,0.0,0.0
2010-06-20 00:00:00+00:00,0.0,0.0,0.0,0.0,0.0,0.0,0.0,0.0,0.0,0.0
2010-06-27 00:00:00+00:00,0.0,0.0,0.0,0.0,0.0,0.0,0.0,0.0,0.0,0.0
2010-06-28 00:00:00+00:00,0.0,0.0,0.0,0.0,0.94993955,0.0,0.0,0.0,0.0,0.0
2010-07-04 00:00:00+00:00,0.0,0.0,0.0,0.0,0.0,0.0,0.0,0.0,0.0,0.0
2010-07-05 00:00:00+00:00,0.0,0.0,0.0,0.0,0.0,0.0,0.6963132,0.0,0.0,0.0
2010-07-11 00:00:00+00:00,0.0,0.0,0.0,0.0,0.0,0.0,0.0,0.0,0.0,0.0
2010-07-12 00:00:00+00:00,0.0,0.0,0.20099579,0.0,0.0,0.0,0.0,0.0,0.0,0.0
2010-07-18 00:00:00+00:00,0.0,0.0,0.0,0.0,0.0,0.0,0.0,0.0,0.0,0.0
2010-07-19 00:00:00+00:00,0.011119117,0.0,0.0,0.0,0.0,0.0,0.0,0.0,0.0,0.0
2010-07-25 00:00:00+00:00,0.0,0.0,0.0,0.0,0.0,0.0,0.0,0.0,0.0,0.0
2010-07-26 00:00:00+00:00,0.0,0.0,0.53266793,0.0,0.0,0.0,0.0,0.0,0.0,0.0
2010-08-01 00:00:00+00:00,0.0,0.0,0.0,0.0,0.0,0.0,0.0,0.0,0.0,0.0
2010-08-02 00:00:00+00:00,0.0,0.0,0.48214138,0.0,0.0,0.0,0.0,0.0,0.0,0.0
2010-08-08 00:00:00+00:00,0.0,0.0,0.0,0.0,0.0,0.0,0.0,0.0,0.0,0.0
2010-08-15 00:00:00+00:00,0.0,0.0,0.0,0.0,0.0,0.0,0.0,0.0,0.0,0.0
2010-08-16 00:00:00+00:00,0.0,0.0,0.72359324,0.0,0.0,0.0,0.0,0.0,0.0,0.0
2010-08-22 00:00:00+00:00,0.0,0.0,0.0,0.0,0.0,0.0,0.0,0.0,0.0,0.0
2010-08-23 00:00:00+00:00,0.0,0.0,0.40153134,0.0,0.0,0.0,0.0,0.0,0.0,0.0
2010-08-29 00:00:00+00:00,0.0,0.0,0.0,0.0,0.0,0.0,0.0,0.0,0.0,0.0
2010-09-05 00:00:00+00:00,0.0,0.0,0.0,0.0,0.0,0.0,0.0,0.0,0.0,0.0
2010-09-06 00:00:00+00:00,0.4548442,0.0,0.0,0.0,0.0,0.0,0.0,0.0,0.0,0.0
2010-09-12 00:00:00+00:00,0.0,0.0,0.0,0.0,0.0,0.0,0.0,0.0,0.0,0.0
2010-09-19 00:00:00+00:00,0.0,0.0,0.0,0.0,0.0,0.0,0.0,0.0,0.0,0.0
2010-09-26 00:00:00+00:00,0.0,0.0,0.0,0.0,0.0,0.0,0.0,0.0,0.0,0.0
2010-09-27 00:00:00+00:00,0.0,0.0,0.99051785,0.0,0.0,0.0,0.0,0.0,0.0,0.0
2010-10-03 00:00:00+00:00,0.0,0.0,0.0,0.0,0.0,0.0,0.0,0.0,0.0,0.0
2010-10-04 00:00:00+00:00,0.68432033,0.0,0.0,0.0,0.0,0.0,0.0,0.0,0.0,0.0
2010-10-10 00:00:00+00:00,0.0,0.0,0.0,0.0,0.0,0.0,0.0,0.0,0.0,0.0
2010-10-17 00:00:00+00:00,0.0,0.0,0.0,0.0,0.0,0.0,0.0,0.0,0.0,0.0
2010-10-24 00:00:00+00:00,0.0,0.0,0.0,0.0,0.0,0.0,0.0,0.0,0.0,0.0
2010-10-31 00:00:00+00:00,0.0,0.0,0.0,0.0,0.0,0.0,0.0,0.0,0.0,0.0
2010-11-07 00:00:00+00:00,0.0,0.0,0.0,0.0,0.0,0.0,0.0,0.0,0.0,0.0
2010-11-08 00:00:00+00:00,0.0,0.0,0.0,0.8827537,0.0,0.0,0.0,0.0,0.0,0.0
2010-11-14 00:00:00+00:00,0.0,0.0,0.0,0.0,0.0,0.0,0.0,0.0,0.0,0.0
2010-11-21 00:00:00+00:00,0.0,0.0,0.0,0.0,0.0,0.0,0.0,0.0,0.0,0.0
2010-11-28 00:00:00+00:00,0.0,0.0,0.0,0.0,0.0,0.0,0.0,0.0,0.0,0.0
2010-11-29 00:00:00+00:00,0.28701925,0.0,0.0,0.0,0.0,0.0,0.0,0.0,0.0,0.0
2010-12-05 00:00:00+00:00,0.0,0.0,0.0,0.0,0.0,0.0,0.0,0.0,0.0,0.0
2010-12-12 00:00:00+00:00,0.0,0.0,0.0,0.0,0.0,0.0,0.0,0.0,0.0,0.0
2010-12-19 00:00:00+00:00,0.0,0.0,0.0,0.0,0.0,0.0,0.0,0.0,0.0,0.0
2010-12-26 00:00:00+00:00,0.0,0.0,0.0,0.0,0.0,0.0,0.0,0.0,0.0,0.0
2011-01-02 00:00:00+00:00,0.0,0.0,0.0,0.0,0.0,0.0,0.0,0.0,0.0,0.0
2011-01-09 00:00:00+00:00,0.0,0.0,0.0,0.0,0.0,0.0,0.0,0.0,0.0,0.0
2011-01-10 00:00:00+00:00,0.0,0.0,0.0,0.0,0.0,0.98332196,0.0,0.0,0.0,0.0
2011-01-16 00:00:00+00:00,0.0,0.0,0.0,0.0,0.0,0.0,0.0,0.0,0.0,0.0
2011-01-23 00:00:00+00:00,0.0,0.0,0.0,0.0,0.0,0.0,0.0,0.0,0.0,0.0
2011-01-24 00:00:00+00:00,0.0,0.0,1.91265303,0.0,0.0,0.0,0.0,0.0,0.0,0.0
2011-01-30 00:00:00+00:00,0.0,0.0,0.0,0.0,0.0,0.0,0.0,0.0,0.0,0.0
2011-02-06 00:00:00+00:00,0.0,0.0,0.0,0.0,0.0,0.0,0.0,0.0,0.0,0.0
2011-02-07 00:00:00+00:00,0.0,0.0,0.0,0.63817656,0.0,0.0,0.0,0.0,0.0,0.0
2011-02-13 00:00:00+00:00,0.0,0.0,0.0,0.0,0.0,0.0,0.0,0.0,0.0,0.0
2011-02-14 00:00:00+00:00,0.0,0.0,0.0,1.1796546,0.0,0.0,0.0,0.0,0.0,0.0
2011-02-20 00:00:00+00:00,0.0,0.0,0.0,0.0,0.0,0.0,0.0,0.0,0.0,0.0
2011-02-27 00:00:00+00:00,0.0,0.0,0.0,0.0,0.0,0.0,0.0,0.0,0.0,0.0
2011-02-28 00:00:00+00:00,0.0,0.0,0.0,0.0,0.0,0.0,0.33030155,0.0,0.0,0.0
2011-03-06 00:00:00+00:00,0.0,0.0,0.0,0.0,0.0,0.0,0.0,0.0,0.0,0.0
2011-03-13 00:00:00+00:00,0.0,0.0,0.0,0.0,0.0,0.0,0.0,0.0,0.0,0.0
2011-03-20 00:00:00+00:00,0.0,0.0,0.0,0.0,0.0,0.0,0.0,0.0,0.0,0.0
2011-03-27 00:00:00+00:00,0.0,0.0,0.0,0.0,0.0,0.0,0.0,0.0,0.0,0.0
2011-03-28 00:00:00+00:00,0.0,0.0,0.62503254,0.0,0.0,0.0,0.0,0.0,0.0,0.0
2011-04-03 00:00:00+00:00,0.0,0.0,0.0,0.0,0.0,0.0,0.0,0.0,0.0,0.0
2011-04-10 00:00:00+00:00,0.0,0.0,0.0,0.0,0.0,0.0,0.0,0.0,0.0,0.0
2011-04-11 00:00:00+00:00,0.0,0.0,0.0,0.0,0.0,0.0,0.2853195,0.0,0.0,0.0
2011-04-17 00:00:00+00:00,0.0,0.0,0.0,0.0,0.0,0.0,0.0,0.0,0.0,0.0
2011-04-24 00:00:00+00:00,0.0,0.0,0.0,0.0,0.0,0.0,0.0,0.0,0.0,0.0
2011-05-01 00:00:00+00:00,0.0,0.0,0.0,0.0,0.0,0.0,0.0,0.0,0.0,0.0
2011-05-02 00:00:00+00:00,0.0,0.0,0.0,0.68199414,0.0,0.0,0.0,0.0,0.0,0.0
2011-05-08 00:00:00+00:00,0.0,0.0,0.0,0.0,0.0,0.0,0.0,0.0,0.0,0.0
2011-05-15 00:00:00+00:00,0.0,0.0,0.0,0.0,0.0,0.0,0.0,0.0,0.0,0.0
2011-05-16 00:00:00+00:00,0.0,0.0,0.0,0.0,0.0,0.0,0.0,0.94701296,0.0,0.0
2011-05-22 00:00:00+00:00,0.0,0.0,0.0,0.0,0.0,0.0,0.0,0.0,0.0,0.0
2011-05-29 00:00:00+00:00,0.0,0.0,0.0,0.0,0.0,0.0,0.0,0.0,0.0,0.0
2011-06-05 00:00:00+00:00,0.0,0.0,0.0,0.0,0.0,0.0,0.0,0.0,0.0,0.0
2011-06-06 00:00:00+00:00,0.0,0.0,0.0,0.0,0.0,0.0,0.34228554,0.0,0.0,0.0
2011-06-12 00:00:00+00:00,0.0,0.0,0.0,0.0,0.0,0.0,0.0,0.0,0.0,0.0
2011-06-13 00:00:00+00:00,0.0,0.9608288,0.0,0.0,0.0,0.0,0.0,0.0,0.0,0.0
2011-06-19 00:00:00+00:00,0.0,0.0,0.0,0.0,0.0,0.0,0.0,0.0,0.0,0.0
2011-06-26 00:00:00+00:00,0.0,0.0,0.0,0.0,0.0,0.0,0.0,0.0,0.0,0.0
2011-06-27 00:00:00+00:00,0.0,0.0,0.0,0.0,0.0,0.0,1.5555065899999998,0.0,0.0,0.0
2011-07-03 00:00:00+00:00,0.0,0.0,0.0,0.0,0.0,0.0,0.0,0.0,0.0,0.0
2011-07-04 00:00:00+00:00,0.0,0.0,0.0,0.24922109,0.0,0.0,0.0,0.0,0.0,0.0
2011-07-10 00:00:00+00:00,0.0,0.0,0.0,0.0,0.0,0.0,0.0,0.0,0.0,0.0
2011-07-17 00:00:00+00:00,0.0,0.0,0.0,0.0,0.0,0.0,0.0,0.0,0.0,0.0
2011-07-18 00:00:00+00:00,0.0,0.0,0.0,1.2107124,0.0,0.0,0.0,0.0,0.0,0.0
2011-07-24 00:00:00+00:00,0.0,0.0,0.0,0.0,0.0,0.0,0.0,0.0,0.0,0.0
2011-07-31 00:00:00+00:00,0.0,0.0,0.0,0.0,0.0,0.0,0.0,0.0,0.0,0.0
2011-08-01 00:00:00+00:00,0.0,0.9885965,0.0,0.0,0.0,0.0,0.0,0.0,0.0,0.0
2011-08-07 00:00:00+00:00,0.0,0.0,0.0,0.0,0.0,0.0,0.0,0.0,0.0,0.0
2011-08-14 00:00:00+00:00,0.0,0.0,0.0,0.0,0.0,0.0,0.0,0.0,0.0,0.0
2011-08-15 00:00:00+00:00,0.0,0.0,0.0,0.0,0.0,0.99479425,0.0,0.0,0.0,0.0
2011-08-21 00:00:00+00:00,0.0,0.0,0.0,0.0,0.0,0.0,0.0,0.0,0.0,0.0
2011-08-22 00:00:00+00:00,0.0,0.0,0.0,0.0,0.94995266,0.0,0.0,0.0,0.0,0.0
2011-08-28 00:00:00+00:00,0.0,0.0,0.0,0.0,0.0,0.0,0.0,0.0,0.0,0.0
2011-09-04 00:00:00+00:00,0.0,0.0,0.0,0.0,0.0,0.0,0.0,0.0,0.0,0.0
2011-09-05 00:00:00+00:00,0.0,0.0,0.9499625,0.0,0.0,0.0,0.0,0.0,0.0,0.0
2011-09-11 00:00:00+00:00,0.0,0.0,0.0,0.0,0.0,0.0,0.0,0.0,0.0,0.0
2011-09-12 00:00:00+00:00,0.8085588,0.0,0.0,0.0,0.0,0.0,0.0,0.0,0.0,0.0
2011-09-18 00:00:00+00:00,0.0,0.0,0.0,0.0,0.0,0.0,0.0,0.0,0.0,0.0
2011-09-19 00:00:00+00:00,0.0,0.0,0.0,0.36199573,0.0,0.0,0.0,0.0,0.0,0.0
2011-09-25 00:00:00+00:00,0.0,0.0,0.0,0.0,0.0,0.0,0.0,0.0,0.0,0.0
2011-09-26 00:00:00+00:00,0.0,0.9762968,0.0,0.0,0.0,0.0,0.0,0.0,0.0,0.0
2011-10-02 00:00:00+00:00,0.0,0.0,0.0,0.0,0.0,0.0,0.0,0.0,0.0,0.0
2011-10-03 00:00:00+00:00,0.0,0.0,0.0,0.47932622,0.0,0.0,0.0,0.0,0.0,0.0
2011-10-09 00:00:00+00:00,0.0,0.0,0.0,0.0,0.0,0.0,0.0,0.0,0.0,0.0
2011-10-16 00:00:00+00:00,0.0,0.0,0.0,0.0,0.0,0.0,0.0,0.0,0.0,0.0
2011-10-17 00:00:00+00:00,0.9780367,0.0,0.0,0.0,0.0,0.0,0.0,0.0,0.0,0.0
2011-10-23 00:00:00+00:00,0.0,0.0,0.0,0.0,0.0,0.0,0.0,0.0,0.0,0.0
2011-10-24 00:00:00+00:00,0.0,0.0,0.0,0.0,0.982336,0.0,0.0,0.0,0.0,0.0
2011-10-30 00:00:00+00:00,0.0,0.0,0.0,0.0,0.0,0.0,0.0,0.0,0.0,0.0
2011-11-06 00:00:00+00:00,0.0,0.0,0.0,0.0,0.0,0.0,0.0,0.0,0.0,0.0
2011-11-13 00:00:00+00:00,0.0,0.0,0.0,0.0,0.0,0.0,0.0,0.0,0.0,0.0
2011-11-14 00:00:00+00:00,0.0,0.0,0.6452405,0.0,0.0,0.0,0.0,0.0,0.0,0.0
2011-11-20 00:00:00+00:00,0.0,0.0,0.0,0.0,0.0,0.0,0.0,0.0,0.0,0.0
2011-11-27 00:00:00+00:00,0.0,0.0,0.0,0.0,0.0,0.0,0.0,0.0,0.0,0.0
2011-11-28 00:00:00+00:00,0.0,0.0,0.6786097,0.0,0.0,0.0,0.0,0.0,0.0,0.0
2011-12-04 00:00:00+00:00,0.0,0.0,0.0,0.0,0.0,0.0,0.0,0.0,0.0,0.0
2011-12-11 00:00:00+00:00,0.0,0.0,0.0,0.0,0.0,0.0,0.0,0.0,0.0,0.0
2011-12-12 00:00:00+00:00,0.0,0.0,0.0,0.47395146,0.0,0.0,0.0,0.0,0.0,0.0
2011-12-18 00:00:00+00:00,0.0,0.0,0.0,0.0,0.0,0.0,0.0,0.0,0.0,0.0
2011-12-25 00:00:00+00:00,0.0,0.0,0.0,0.0,0.0,0.0,0.0,0.0,0.0,0.0
2012-01-01 00:00:00+00:00,0.0,0.0,0.0,0.0,0.0,0.0,0.0,0.0,0.0,0.0
2012-01-08 00:00:00+00:00,0.0,0.0,0.0,0.0,0.0,0.0,0.0,0.0,0.0,0.0
2012-01-09 00:00:00+00:00,0.0,0.0,0.0,0.0,0.0,0.0,0.0,0.0,0.0,0.9895257
2012-01-15 00:00:00+00:00,0.0,0.0,0.0,0.0,0.0,0.0,0.0,0.0,0.0,0.0
2012-01-16 00:00:00+00:00,0.01112518,0.0,0.0,0.0,0.0,0.0,0.0,0.0,0.0,0.0
2012-01-22 00:00:00+00:00,0.0,0.0,0.0,0.0,0.0,0.0,0.0,0.0,0.0,0.0
2012-01-23 00:00:00+00:00,0.0,0.0,0.0,0.0,0.0,0.0,0.2231192,0.0,0.0,0.0
2012-01-29 00:00:00+00:00,0.0,0.0,0.0,0.0,0.0,0.0,0.0,0.0,0.0,0.0
2012-02-05 00:00:00+00:00,0.0,0.0,0.0,0.0,0.0,0.0,0.0,0.0,0.0,0.0
2012-02-12 00:00:00+00:00,0.0,0.0,0.0,0.0,0.0,0.0,0.0,0.0,0.0,0.0
2012-02-13 00:00:00+00:00,0.0,0.0,0.0,0.0,0.0,0.98830384,0.0,0.0,0.0,0.0
2012-02-19 00:00:00+00:00,0.0,0.0,0.0,0.0,0.0,0.0,0.0,0.0,0.0,0.0
2012-02-26 00:00:00+00:00,0.0,0.0,0.0,0.0,0.0,0.0,0.0,0.0,0.0,0.0
2012-03-04 00:00:00+00:00,0.0,0.0,0.0,0.0,0.0,0.0,0.0,0.0,0.0,0.0
2012-03-11 00:00:00+00:00,0.0,0.0,0.0,0.0,0.0,0.0,0.0,0.0,0.0,0.0
2012-03-12 00:00:00+00:00,0.0,0.0,0.0,0.0,0.029099703,0.0,0.0,0.0,0.0,0.0
2012-03-18 00:00:00+00:00,0.0,0.0,0.0,0.0,0.0,0.0,0.0,0.0,0.0,0.0
2012-03-25 00:00:00+00:00,0.0,0.0,0.0,0.0,0.0,0.0,0.0,0.0,0.0,0.0
2012-03-26 00:00:00+00:00,0.0,0.0,0.40681928,0.0,0.0,0.0,0.0,0.0,0.0,0.0
2012-04-01 00:00:00+00:00,0.0,0.0,0.0,0.0,0.0,0.0,0.0,0.0,0.0,0.0
2012-04-02 00:00:00+00:00,0.0,0.96894014,0.0,0.0,0.0,0.0,0.0,0.0,0.0,0.0
2012-04-08 00:00:00+00:00,0.0,0.0,0.0,0.0,0.0,0.0,0.0,0.0,0.0,0.0
2012-04-15 00:00:00+00:00,0.0,0.0,0.0,0.0,0.0,0.0,0.0,0.0,0.0,0.0
2012-04-16 00:00:00+00:00,0.0,0.5913845,0.0,0.0,0.0,0.0,0.0,0.0,0.0,0.0
2012-04-22 00:00:00+00:00,0.0,0.0,0.0,0.0,0.0,0.0,0.0,0.0,0.0,0.0
2012-04-29 00:00:00+00:00,0.0,0.0,0.0,0.0,0.0,0.0,0.0,0.0,0.0,0.0
2012-05-06 00:00:00+00:00,0.0,0.0,0.0,0.0,0.0,0.0,0.0,0.0,0.0,0.0
2012-05-13 00:00:00+00:00,0.0,0.0,0.0,0.0,0.0,0.0,0.0,0.0,0.0,0.0
2012-05-14 00:00:00+00:00,0.0,0.0,0.0,0.0,0.0,0.0,0.6505511,0.0,0.0,0.0
2012-05-20 00:00:00+00:00,0.0,0.0,0.0,0.0,0.0,0.0,0.0,0.0,0.0,0.0
2012-05-21 00:00:00+00:00,0.0,0.0,0.7238994,0.0,0.0,0.0,0.0,0.0,0.0,0.0
2012-05-27 00:00:00+00:00,0.0,0.0,0.0,0.0,0.0,0.0,0.0,0.0,0.0,0.0
2012-06-03 00:00:00+00:00,0.0,0.0,0.0,0.0,0.0,0.0,0.0,0.0,0.0,0.0
2012-06-10 00:00:00+00:00,0.0,0.0,0.0,0.0,0.0,0.0,0.0,0.0,0.0,0.0
2012-06-11 00:00:00+00:00,0.0,0.9666352,0.0,0.0,0.0,0.0,0.0,0.0,0.0,0.0
2012-06-17 00:00:00+00:00,0.0,0.0,0.0,0.0,0.0,0.0,0.0,0.0,0.0,0.0
2012-06-18 00:00:00+00:00,0.0,0.0,0.0,0.9869477,0.0,0.0,0.0,0.0,0.0,0.0
2012-06-24 00:00:00+00:00,0.0,0.0,0.0,0.0,0.0,0.0,0.0,0.0,0.0,0.0
2012-07-01 00:00:00+00:00,0.0,0.0,0.0,0.0,0.0,0.0,0.0,0.0,0.0,0.0
2012-07-08 00:00:00+00:00,0.0,0.0,0.0,0.0,0.0,0.0,0.0,0.0,0.0,0.0
2012-07-09 00:00:00+00:00,0.0,0.0,0.0,0.0,0.0,0.0,0.0,0.0,0.924946,0.0
2012-07-15 00:00:00+00:00,0.0,0.0,0.0,0.0,0.0,0.0,0.0,0.0,0.0,0.0
2012-07-16 00:00:00+00:00,0.0,0.0,0.0,0.0,0.0,0.0,0.61634684,0.0,0.0,0.0
2012-07-22 00:00:00+00:00,0.0,0.0,0.0,0.0,0.0,0.0,0.0,0.0,0.0,0.0
2012-07-23 00:00:00+00:00,0.0,0.0,0.9639584,0.0,0.0,0.0,0.0,0.0,0.0,0.0
2012-07-29 00:00:00+00:00,0.0,0.0,0.0,0.0,0.0,0.0,0.0,0.0,0.0,0.0
2012-08-05 00:00:00+00:00,0.0,0.0,0.0,0.0,0.0,0.0,0.0,0.0,0.0,0.0
2012-08-06 00:00:00+00:00,0.0,0.0,0.0,0.0,0.0,0.0,0.9499004,0.0,0.0,0.0
2012-08-12 00:00:00+00:00,0.0,0.0,0.0,0.0,0.0,0.0,0.0,0.0,0.0,0.0
2012-08-19 00:00:00+00:00,0.0,0.0,0.0,0.0,0.0,0.0,0.0,0.0,0.0,0.0
2012-08-20 00:00:00+00:00,0.0,0.0,0.0,0.6646728,0.0,0.0,0.0,0.0,0.0,0.0
2012-08-26 00:00:00+00:00,0.0,0.0,0.0,0.0,0.0,0.0,0.0,0.0,0.0,0.0
2012-08-27 00:00:00+00:00,0.0,0.0,0.0,0.0,0.0,0.0,0.0,0.97349757,0.0,0.0
2012-09-02 00:00:00+00:00,0.0,0.0,0.0,0.0,0.0,0.0,0.0,0.0,0.0,0.0
2012-09-09 00:00:00+00:00,0.0,0.0,0.0,0.0,0.0,0.0,0.0,0.0,0.0,0.0
2012-09-10 00:00:00+00:00,0.0,0.0,0.92493767,0.0,0.0,0.0,0.0,0.0,0.0,0.0
2012-09-16 00:00:00+00:00,0.0,0.0,0.0,0.0,0.0,0.0,0.0,0.0,0.0,0.0
2012-09-23 00:00:00+00:00,0.0,0.0,0.0,0.0,0.0,0.0,0.0,0.0,0.0,0.0
2012-09-24 00:00:00+00:00,0.0,0.0,0.9749672,0.0,0.0,0.0,0.0,0.0,0.0,0.0
2012-09-30 00:00:00+00:00,0.0,0.0,0.0,0.0,0.0,0.0,0.0,0.0,0.0,0.0
2012-10-01 00:00:00+00:00,0.0,0.0,0.0,2.12030046,0.0,0.0,0.0,0.0,0.0,0.0
2012-10-07 00:00:00+00:00,0.0,0.0,0.0,0.0,0.0,0.0,0.0,0.0,0.0,0.0
2012-10-08 00:00:00+00:00,0.0,0.0,0.0,2.07546111,0.0,0.0,0.0,0.0,0.0,0.0
2012-10-14 00:00:00+00:00,0.0,0.0,0.0,0.0,0.0,0.0,0.0,0.0,0.0,0.0
2012-10-15 00:00:00+00:00,0.0,0.0,0.0,0.49551123,0.0,0.0,0.0,0.0,0.0,0.0
2012-10-21 00:00:00+00:00,0.0,0.0,0.0,0.0,0.0,0.0,0.0,0.0,0.0,0.0
2012-10-22 00:00:00+00:00,0.0,0.0,0.0,0.0,0.0,0.0,0.0,0.0,0.0,1.98970313
2012-10-28 00:00:00+00:00,0.0,0.0,0.0,0.0,0.0,0.0,0.0,0.0,0.0,0.0
2012-10-29 00:00:00+00:00,0.0,0.0,0.0,0.0,0.0,0.0,2.01121498,0.0,0.0,0.0
2012-11-04 00:00:00+00:00,0.0,0.0,0.0,0.0,0.0,0.0,0.0,0.0,0.0,0.0
2012-11-05 00:00:00+00:00,0.0,0.0,0.0,0.24160978,0.0,0.0,0.0,0.0,0.0,0.0
2012-11-11 00:00:00+00:00,0.0,0.0,0.0,0.0,0.0,0.0,0.0,0.0,0.0,0.0
2012-11-18 00:00:00+00:00,0.0,0.0,0.0,0.0,0.0,0.0,0.0,0.0,0.0,0.0
2012-11-25 00:00:00+00:00,0.0,0.0,0.0,0.0,0.0,0.0,0.0,0.0,0.0,0.0
2012-12-02 00:00:00+00:00,0.0,0.0,0.0,0.0,0.0,0.0,0.0,0.0,0.0,0.0
2012-12-03 00:00:00+00:00,0.0,0.0,0.0,0.0,0.0,0.0,0.0,0.9976606,0.0,0.0
2012-12-09 00:00:00+00:00,0.0,0.0,0.0,0.0,0.0,0.0,0.0,0.0,0.0,0.0
2012-12-10 00:00:00+00:00,0.0,0.0,1.99376517,0.0,0.0,0.0,0.0,0.0,0.0,0.0
2012-12-16 00:00:00+00:00,0.0,0.0,0.0,0.0,0.0,0.0,0.0,0.0,0.0,0.0
2012-12-23 00:00:00+00:00,0.0,0.0,0.0,0.0,0.0,0.0,0.0,0.0,0.0,0.0
2012-12-30 00:00:00+00:00,0.0,0.0,0.0,0.0,0.0,0.0,0.0,0.0,0.0,0.0
2013-01-06 00:00:00+00:00,0.0,0.0,0.0,0.0,0.0,0.0,0.0,0.0,0.0,0.0
2013-01-13 00:00:00+00:00,0.0,0.0,0.0,0.0,0.0,0.0,0.0,0.0,0.0,0.0
2013-01-20 00:00:00+00:00,0.0,0.0,0.0,0.0,0.0,0.0,0.0,0.0,0.0,0.0
2013-01-21 00:00:00+00:00,0.0,0.0,0.0,0.061523993,0.0,0.0,0.0,0.0,0.0,0.0
2013-01-27 00:00:00+00:00,0.0,0.0,0.0,0.0,0.0,0.0,0.0,0.0,0.0,0.0
2013-02-03 00:00:00+00:00,0.0,0.0,0.0,0.0,0.0,0.0,0.0,0.0,0.0,0.0
2013-02-10 00:00:00+00:00,0.0,0.0,0.0,0.0,0.0,0.0,0.0,0.0,0.0,0.0
2013-02-11 00:00:00+00:00,0.0,0.0,0.995517,0.0,0.0,0.0,0.0,0.0,0.0,0.0
2013-02-17 00:00:00+00:00,0.0,0.0,0.0,0.0,0.0,0.0,0.0,0.0,0.0,0.0
2013-02-24 00:00:00+00:00,0.0,0.0,0.0,0.0,0.0,0.0,0.0,0.0,0.0,0.0
2013-02-25 00:00:00+00:00,0.0,0.74544137,0.0,0.0,0.0,0.0,0.0,0.0,0.0,0.0
2013-03-03 00:00:00+00:00,0.0,0.0,0.0,0.0,0.0,0.0,0.0,0.0,0.0,0.0
2013-03-10 00:00:00+00:00,0.0,0.0,0.0,0.0,0.0,0.0,0.0,0.0,0.0,0.0
2013-03-11 00:00:00+00:00,0.0,0.0,0.0,0.0,0.0,0.0,0.30030158,0.0,0.0,0.0
2013-03-17 00:00:00+00:00,0.0,0.0,0.0,0.0,0.0,0.0,0.0,0.0,0.0,0.0
2013-03-24 00:00:00+00:00,0.0,0.0,0.0,0.0,0.0,0.0,0.0,0.0,0.0,0.0
2013-03-25 00:00:00+00:00,0.0,0.0,0.0,0.0,0.0,0.0,0.0,0.97497874,0.0,0.0
2013-03-31 00:00:00+00:00,0.0,0.0,0.0,0.0,0.0,0.0,0.0,0.0,0.0,0.0
2013-04-07 00:00:00+00:00,0.0,0.0,0.0,0.0,0.0,0.0,0.0,0.0,0.0,0.0
2013-04-08 00:00:00+00:00,0.0,0.0,0.99741936,0.0,0.0,0.0,0.0,0.0,0.0,0.0
2013-04-14 00:00:00+00:00,0.0,0.0,0.0,0.0,0.0,0.0,0.0,0.0,0.0,0.0
2013-04-15 00:00:00+00:00,0.0,0.0,0.0,0.0,0.0,0.0,0.9924908,0.0,0.0,0.0
2013-04-21 00:00:00+00:00,0.0,0.0,0.0,0.0,0.0,0.0,0.0,0.0,0.0,0.0
2013-04-22 00:00:00+00:00,0.0,0.0,0.0,0.0,0.99188524,0.0,0.0,0.0,0.0,0.0
2013-04-28 00:00:00+00:00,0.0,0.0,0.0,0.0,0.0,0.0,0.0,0.0,0.0,0.0
2013-05-05 00:00:00+00:00,0.0,0.0,0.0,0.0,0.0,0.0,0.0,0.0,0.0,0.0
2013-05-06 00:00:00+00:00,0.0,0.0,0.0,0.0,0.09773317,0.0,0.0,0.0,0.0,0.0
2013-05-12 00:00:00+00:00,0.0,0.0,0.0,0.0,0.0,0.0,0.0,0.0,0.0,0.0
2013-05-13 00:00:00+00:00,0.0,0.28873727,0.0,0.0,0.0,0.0,0.0,0.0,0.0,0.0
2013-05-19 00:00:00+00:00,0.0,0.0,0.0,0.0,0.0,0.0,0.0,0.0,0.0,0.0
2013-05-20 00:00:00+00:00,0.0,0.99317676,0.0,0.0,0.0,0.0,0.0,0.0,0.0,0.0
2013-05-26 00:00:00+00:00,0.0,0.0,0.0,0.0,0.0,0.0,0.0,0.0,0.0,0.0
2013-05-27 00:00:00+00:00,0.0,0.0,0.0,0.0,0.0,0.99061924,0.0,0.0,0.0,0.0
2013-06-02 00:00:00+00:00,0.0,0.0,0.0,0.0,0.0,0.0,0.0,0.0,0.0,0.0
2013-06-09 00:00:00+00:00,0.0,0.0,0.0,0.0,0.0,0.0,0.0,0.0,0.0,0.0
2013-06-16 00:00:00+00:00,0.0,0.0,0.0,0.0,0.0,0.0,0.0,0.0,0.0,0.0
2013-06-17 00:00:00+00:00,0.0,0.12436657,0.0,0.0,0.0,0.0,0.0,0.0,0.0,0.0
2013-06-23 00:00:00+00:00,0.0,0.0,0.0,0.0,0.0,0.0,0.0,0.0,0.0,0.0
2013-06-30 00:00:00+00:00,0.0,0.0,0.0,0.0,0.0,0.0,0.0,0.0,0.0,0.0
2013-07-07 00:00:00+00:00,0.0,0.0,0.0,0.0,0.0,0.0,0.0,0.0,0.0,0.0
2013-07-14 00:00:00+00:00,0.0,0.0,0.0,0.0,0.0,0.0,0.0,0.0,0.0,0.0
2013-07-15 00:00:00+00:00,0.0,0.0,0.0,0.0,0.0,0.0,0.9372107000000001,0.0,0.0,0.0
2013-07-21 00:00:00+00:00,0.0,0.0,0.0,0.0,0.0,0.0,0.0,0.0,0.0,0.0
2013-07-22 00:00:00+00:00,0.0,0.0,0.0,0.0,0.0,0.0,0.9946368,0.0,0.0,0.0
2013-07-28 00:00:00+00:00,0.0,0.0,0.0,0.0,0.0,0.0,0.0,0.0,0.0,0.0
2013-08-04 00:00:00+00:00,0.0,0.0,0.0,0.0,0.0,0.0,0.0,0.0,0.0,0.0
2013-08-11 00:00:00+00:00,0.0,0.0,0.0,0.0,0.0,0.0,0.0,0.0,0.0,0.0
2013-08-12 00:00:00+00:00,0.0,0.0,0.70298594,0.0,0.0,0.0,0.0,0.0,0.0,0.0
2013-08-18 00:00:00+00:00,0.0,0.0,0.0,0.0,0.0,0.0,0.0,0.0,0.0,0.0
2013-08-19 00:00:00+00:00,0.0,0.0,0.34495896,0.0,0.0,0.0,0.0,0.0,0.0,0.0
2013-08-25 00:00:00+00:00,0.0,0.0,0.0,0.0,0.0,0.0,0.0,0.0,0.0,0.0
2013-09-01 00:00:00+00:00,0.0,0.0,0.0,0.0,0.0,0.0,0.0,0.0,0.0,0.0
2013-09-08 00:00:00+00:00,0.0,0.0,0.0,0.0,0.0,0.0,0.0,0.0,0.0,0.0
2013-09-15 00:00:00+00:00,0.0,0.0,0.0,0.0,0.0,0.0,0.0,0.0,0.0,0.0
2013-09-22 00:00:00+00:00,0.0,0.0,0.0,0.0,0.0,0.0,0.0,0.0,0.0,0.0
2013-09-23 00:00:00+00:00,0.0,0.0,0.0,0.997168,0.0,0.0,0.0,0.0,0.0,0.0
2013-09-29 00:00:00+00:00,0.0,0.0,0.0,0.0,0.0,0.0,0.0,0.0,0.0,0.0
2013-09-30 00:00:00+00:00,0.0,0.0,0.0,0.0,0.0,0.0,0.2564759,0.0,0.0,0.0
2013-10-06 00:00:00+00:00,0.0,0.0,0.0,0.0,0.0,0.0,0.0,0.0,0.0,0.0
2013-10-13 00:00:00+00:00,0.0,0.0,0.0,0.0,0.0,0.0,0.0,0.0,0.0,0.0
2013-10-14 00:00:00+00:00,0.0,0.17021216,0.0,0.0,0.0,0.0,0.0,0.0,0.0,0.0
2013-10-20 00:00:00+00:00,0.0,0.0,0.0,0.0,0.0,0.0,0.0,0.0,0.0,0.0
2013-10-21 00:00:00+00:00,0.0,0.0,0.0,0.0,0.0,0.0,0.0,0.0,0.0,2.2639224
2013-10-27 00:00:00+00:00,0.0,0.0,0.0,0.0,0.0,0.0,0.0,0.0,0.0,0.0
2013-11-03 00:00:00+00:00,0.0,0.0,0.0,0.0,0.0,0.0,0.0,0.0,0.0,0.0
2013-11-04 00:00:00+00:00,0.0,0.0,0.0,0.0,0.36304033,0.0,0.0,0.0,0.0,0.0
2013-11-10 00:00:00+00:00,0.0,0.0,0.0,0.0,0.0,0.0,0.0,0.0,0.0,0.0
2013-11-17 00:00:00+00:00,0.0,0.0,0.0,0.0,0.0,0.0,0.0,0.0,0.0,0.0
2013-11-18 00:00:00+00:00,0.0,0.0,0.0,0.0,0.0,0.0,0.14541613,0.0,0.0,0.0
2013-11-24 00:00:00+00:00,0.0,0.0,0.0,0.0,0.0,0.0,0.0,0.0,0.0,0.0
2013-11-25 00:00:00+00:00,0.0,0.0,0.0,0.6164965,0.0,0.0,0.0,0.0,0.0,0.0
2013-12-01 00:00:00+00:00,0.0,0.0,0.0,0.0,0.0,0.0,0.0,0.0,0.0,0.0
2013-12-02 00:00:00+00:00,0.0,0.0,0.59959775,0.0,0.0,0.0,0.0,0.0,0.0,0.0
2013-12-08 00:00:00+00:00,0.0,0.0,0.0,0.0,0.0,0.0,0.0,0.0,0.0,0.0
2013-12-15 00:00:00+00:00,0.0,0.0,0.0,0.0,0.0,0.0,0.0,0.0,0.0,0.0
2013-12-22 00:00:00+00:00,0.0,0.0,0.0,0.0,0.0,0.0,0.0,0.0,0.0,0.0
2013-12-29 00:00:00+00:00,0.0,0.0,0.0,0.0,0.0,0.0,0.0,0.0,0.0,0.0
2013-12-30 00:00:00+00:00,0.0,0.0,0.0,0.0,0.0,0.0,0.0,0.0,0.0,0.9861404
2014-01-05 00:00:00+00:00,0.0,0.0,0.0,0.0,0.0,0.0,0.0,0.0,0.0,0.0
2014-01-12 00:00:00+00:00,0.0,0.0,0.0,0.0,0.0,0.0,0.0,0.0,0.0,0.0
2014-01-19 00:00:00+00:00,0.0,0.0,0.0,0.0,0.0,0.0,0.0,0.0,0.0,0.0
2014-01-20 00:00:00+00:00,0.0,0.0,0.0,0.99744827,0.0,0.0,0.0,0.0,0.0,0.0
2014-01-26 00:00:00+00:00,0.0,0.0,0.0,0.0,0.0,0.0,0.0,0.0,0.0,0.0
2014-02-02 00:00:00+00:00,0.0,0.0,0.0,0.0,0.0,0.0,0.0,0.0,0.0,0.0
2014-02-03 00:00:00+00:00,0.0,0.0,0.0,0.0,0.0,0.0,0.0,0.0,0.0,0.9823368
2014-02-09 00:00:00+00:00,0.0,0.0,0.0,0.0,0.0,0.0,0.0,0.0,0.0,0.0
2014-02-10 00:00:00+00:00,0.0,0.3549629,0.0,0.0,0.0,0.0,0.0,0.0,0.0,0.0
2014-02-16 00:00:00+00:00,0.0,0.0,0.0,0.0,0.0,0.0,0.0,0.0,0.0,0.0
2014-02-23 00:00:00+00:00,0.0,0.0,0.0,0.0,0.0,0.0,0.0,0.0,0.0,0.0
2014-02-24 00:00:00+00:00,0.0,0.0,0.0,0.0,0.4437131,0.0,0.0,0.0,0.0,0.0
2014-03-02 00:00:00+00:00,0.0,0.0,0.0,0.0,0.0,0.0,0.0,0.0,0.0,0.0
2014-03-09 00:00:00+00:00,0.0,0.0,0.0,0.0,0.0,0.0,0.0,0.0,0.0,0.0
2014-03-10 00:00:00+00:00,0.0,0.0,0.71986467,0.0,0.0,0.0,0.0,0.0,0.0,0.0
2014-03-16 00:00:00+00:00,0.0,0.0,0.0,0.0,0.0,0.0,0.0,0.0,0.0,0.0
2014-03-17 00:00:00+00:00,0.0,0.9780248,0.0,0.0,0.0,0.0,0.0,0.0,0.0,0.0
2014-03-23 00:00:00+00:00,0.0,0.0,0.0,0.0,0.0,0.0,0.0,0.0,0.0,0.0
2014-03-24 00:00:00+00:00,0.0,0.998439,0.0,0.0,0.0,0.0,0.0,0.0,0.0,0.97629154
2014-03-30 00:00:00+00:00,0.0,0.0,0.0,0.0,0.0,0.0,0.0,0.0,0.0,0.0
2014-04-06 00:00:00+00:00,0.0,0.0,0.0,0.0,0.0,0.0,0.0,0.0,0.0,0.0
2014-04-07 00:00:00+00:00,0.0,0.0,0.9389694,0.0,0.0,0.0,0.0,0.0,0.0,0.0
2014-04-13 00:00:00+00:00,0.0,0.0,0.0,0.0,0.0,0.0,0.0,0.0,0.0,0.0
2014-04-20 00:00:00+00:00,0.0,0.0,0.0,0.0,0.0,0.0,0.0,0.0,0.0,0.0
2014-04-21 00:00:00+00:00,0.0,0.0,0.0,0.0,0.0,0.98300844,0.0,0.0,0.0,0.0
2014-04-27 00:00:00+00:00,0.0,0.0,0.0,0.0,0.0,0.0,0.0,0.0,0.0,0.0
2014-05-04 00:00:00+00:00,0.0,0.0,0.0,0.0,0.0,0.0,0.0,0.0,0.0,0.0
2014-05-05 00:00:00+00:00,0.0,0.0,0.0,0.0,0.0,0.0,0.98781866,0.0,0.0,0.0
2014-05-11 00:00:00+00:00,0.0,0.0,0.0,0.0,0.0,0.0,0.0,0.0,0.0,0.0
2014-05-12 00:00:00+00:00,0.0,0.0,0.0,0.0,0.0,0.0,0.49672848,0.0,0.0,0.0
2014-05-18 00:00:00+00:00,0.0,0.0,0.0,0.0,0.0,0.0,0.0,0.0,0.0,0.0
2014-05-19 00:00:00+00:00,0.0,0.0,0.0,0.0,0.9525804,0.0,0.0,0.0,0.0,0.0
2014-05-25 00:00:00+00:00,0.0,0.0,0.0,0.0,0.0,0.0,0.0,0.0,0.0,0.0
2014-05-26 00:00:00+00:00,0.0,0.0,0.9908066,0.0,0.0,0.0,0.0,0.0,0.0,0.0
2014-06-01 00:00:00+00:00,0.0,0.0,0.0,0.0,0.0,0.0,0.0,0.0,0.0,0.0
2014-06-02 00:00:00+00:00,0.0,0.0,0.0,0.0,0.0,0.0,0.0,0.9944047,0.0,0.0
2014-06-08 00:00:00+00:00,0.0,0.0,0.0,0.0,0.0,0.0,0.0,0.0,0.0,0.0
2014-06-09 00:00:00+00:00,0.0,0.0,0.0,0.0,0.0,0.0,0.0,0.0,0.0,1.092444214
2014-06-15 00:00:00+00:00,0.0,0.0,0.0,0.0,0.0,0.0,0.0,0.0,0.0,0.0
2014-06-16 00:00:00+00:00,0.0,0.9936116,0.0,0.0,0.0,0.0,0.0,0.0,0.0,0.0
2014-06-22 00:00:00+00:00,0.0,0.0,0.0,0.0,0.0,0.0,0.0,0.0,0.0,0.0
2014-06-29 00:00:00+00:00,0.0,0.0,0.0,0.0,0.0,0.0,0.0,0.0,0.0,0.0
2014-06-30 00:00:00+00:00,0.0,0.0,0.0,0.0,0.41039196,0.0,0.0,0.0,0.0,0.0
2014-07-06 00:00:00+00:00,0.0,0.0,0.0,0.0,0.0,0.0,0.0,0.0,0.0,0.0
2014-07-07 00:00:00+00:00,0.30760267,0.0,0.0,0.0,0.0,0.0,0.0,0.0,0.0,0.0
2014-07-13 00:00:00+00:00,0.0,0.0,0.0,0.0,0.0,0.0,0.0,0.0,0.0,0.0
2014-07-14 00:00:00+00:00,0.0,0.0,0.8254371,0.0,0.0,0.0,0.0,0.0,0.0,0.0
2014-07-20 00:00:00+00:00,0.0,0.0,0.0,0.0,0.0,0.0,0.0,0.0,0.0,0.0
2014-07-27 00:00:00+00:00,0.0,0.0,0.0,0.0,0.0,0.0,0.0,0.0,0.0,0.0
2014-07-28 00:00:00+00:00,0.0,0.0,0.0,0.0,0.46507084,0.0,0.0,0.0,0.0,0.0
2014-08-03 00:00:00+00:00,0.0,0.0,0.0,0.0,0.0,0.0,0.0,0.0,0.0,0.0
2014-08-10 00:00:00+00:00,0.0,0.0,0.0,0.0,0.0,0.0,0.0,0.0,0.0,0.0
2014-08-17 00:00:00+00:00,0.0,0.0,0.0,0.0,0.0,0.0,0.0,0.0,0.0,0.0
2014-08-18 00:00:00+00:00,0.0,0.0,0.0,0.0,0.0,0.0,0.13749564,0.0,0.0,0.0
2014-08-24 00:00:00+00:00,0.0,0.0,0.0,0.0,0.0,0.0,0.0,0.0,0.0,0.0
2014-08-25 00:00:00+00:00,0.0,0.0,0.0,0.0,0.0,0.0,0.38335633,0.0,0.0,0.0
2014-08-31 00:00:00+00:00,0.0,0.0,0.0,0.0,0.0,0.0,0.0,0.0,0.0,0.0
2014-09-07 00:00:00+00:00,0.0,0.0,0.0,0.0,0.0,0.0,0.0,0.0,0.0,0.0
2014-09-08 00:00:00+00:00,0.0,0.0,0.0,0.0,0.0,0.0,0.0,0.9956059,0.0,0.0
2014-09-14 00:00:00+00:00,0.0,0.0,0.0,0.0,0.0,0.0,0.0,0.0,0.0,0.0
2014-09-21 00:00:00+00:00,0.0,0.0,0.0,0.0,0.0,0.0,0.0,0.0,0.0,0.0
2014-09-28 00:00:00+00:00,0.0,0.0,0.0,0.0,0.0,0.0,0.0,0.0,0.0,0.0
2014-09-29 00:00:00+00:00,0.0,0.0,0.0,0.0,0.0,0.0,0.0,0.9890143,0.0,0.0
2014-10-05 00:00:00+00:00,0.0,0.0,0.0,0.0,0.0,0.0,0.0,0.0,0.0,0.0
2014-10-06 00:00:00+00:00,0.0,0.0,0.9924285,0.0,0.0,0.0,0.0,0.0,0.0,0.0
2014-10-12 00:00:00+00:00,0.0,0.0,0.0,0.0,0.0,0.0,0.0,0.0,0.0,0.0
2014-10-19 00:00:00+00:00,0.0,0.0,0.0,0.0,0.0,0.0,0.0,0.0,0.0,0.0
2014-10-26 00:00:00+00:00,0.0,0.0,0.0,0.0,0.0,0.0,0.0,0.0,0.0,0.0
2014-11-02 00:00:00+00:00,0.0,0.0,0.0,0.0,0.0,0.0,0.0,0.0,0.0,0.0
2014-11-09 00:00:00+00:00,0.0,0.0,0.0,0.0,0.0,0.0,0.0,0.0,0.0,0.0
2014-11-10 00:00:00+00:00,0.0,0.0,0.0,0.0,0.0,0.0,0.5205388,0.0,0.0,0.0
2014-11-16 00:00:00+00:00,0.0,0.0,0.0,0.0,0.0,0.0,0.0,0.0,0.0,0.0
2014-11-23 00:00:00+00:00,0.0,0.0,0.0,0.0,0.0,0.0,0.0,0.0,0.0,0.0
2014-11-24 00:00:00+00:00,0.0,0.0,0.0,0.0,0.5559887,0.0,0.0,0.0,0.0,0.0
2014-11-30 00:00:00+00:00,0.0,0.0,0.0,0.0,0.0,0.0,0.0,0.0,0.0,0.0
2014-12-01 00:00:00+00:00,0.0,0.0,0.0,0.0,0.0,0.0,0.0,0.0,0.7284210799999999,0.0
2014-12-07 00:00:00+00:00,0.0,0.0,0.0,0.0,0.0,0.0,0.0,0.0,0.0,0.0
2014-12-14 00:00:00+00:00,0.0,0.0,0.0,0.0,0.0,0.0,0.0,0.0,0.0,0.0
2014-12-15 00:00:00+00:00,0.0,0.0,0.0,0.0,0.9867519,0.0,0.0,0.0,0.0,0.0
2014-12-21 00:00:00+00:00,0.0,0.0,0.0,0.0,0.0,0.0,0.0,0.0,0.0,0.0
2014-12-28 00:00:00+00:00,0.0,0.0,0.0,0.0,0.0,0.0,0.0,0.0,0.0,0.0
2015-01-04 00:00:00+00:00,0.0,0.0,0.0,0.0,0.0,0.0,0.0,0.0,0.0,0.0
2015-01-05 00:00:00+00:00,0.0,0.444795,0.0,0.0,0.0,0.0,0.0,0.0,0.0,0.0
2015-01-11 00:00:00+00:00,0.0,0.0,0.0,0.0,0.0,0.0,0.0,0.0,0.0,0.0
2015-01-12 00:00:00+00:00,0.0,0.0,0.0,0.0,0.0,0.0,0.0,0.88840425,0.0,0.0
2015-01-18 00:00:00+00:00,0.0,0.0,0.0,0.0,0.0,0.0,0.0,0.0,0.0,0.0
2015-01-19 00:00:00+00:00,0.0,0.0,0.0,0.0,0.0,0.0,1.4837146300000001,0.0,0.0,0.0
2015-01-25 00:00:00+00:00,0.0,0.0,0.0,0.0,0.0,0.0,0.0,0.0,0.0,0.0
2015-01-26 00:00:00+00:00,0.0,0.97330403,0.0,0.0,0.0,0.0,0.0,0.0,0.0,0.0
2015-02-01 00:00:00+00:00,0.0,0.0,0.0,0.0,0.0,0.0,0.0,0.0,0.0,0.0
2015-02-08 00:00:00+00:00,0.0,0.0,0.0,0.0,0.0,0.0,0.0,0.0,0.0,0.0
2015-02-09 00:00:00+00:00,0.0,0.0,0.978255961,0.0,0.0,0.0,0.0,0.0,0.0,0.0
2015-02-15 00:00:00+00:00,0.0,0.0,0.0,0.0,0.0,0.0,0.0,0.0,0.0,0.0
2015-02-22 00:00:00+00:00,0.0,0.0,0.0,0.0,0.0,0.0,0.0,0.0,0.0,0.0
2015-03-01 00:00:00+00:00,0.0,0.0,0.0,0.0,0.0,0.0,0.0,0.0,0.0,0.0
2015-03-08 00:00:00+00:00,0.0,0.0,0.0,0.0,0.0,0.0,0.0,0.0,0.0,0.0
2015-03-15 00:00:00+00:00,0.0,0.0,0.0,0.0,0.0,0.0,0.0,0.0,0.0,0.0
2015-03-16 00:00:00+00:00,0.0,0.0,0.9863487,0.0,0.0,0.0,0.0,0.0,0.0,0.0
2015-03-22 00:00:00+00:00,0.0,0.0,0.0,0.0,0.0,0.0,0.0,0.0,0.0,0.0
2015-03-23 00:00:00+00:00,0.0,0.0,0.0,0.0,0.0,0.0,1.3598321,0.0,0.0,0.0
2015-03-29 00:00:00+00:00,0.0,0.0,0.0,0.0,0.0,0.0,0.0,0.0,0.0,0.0
2015-04-05 00:00:00+00:00,0.0,0.0,0.0,0.0,0.0,0.0,0.0,0.0,0.0,0.0
2015-04-06 00:00:00+00:00,0.0,0.0,0.41295016,0.0,0.0,0.0,0.0,0.0,0.0,0.0
2015-04-12 00:00:00+00:00,0.0,0.0,0.0,0.0,0.0,0.0,0.0,0.0,0.0,0.0
2015-04-13 00:00:00+00:00,0.0,0.0,0.0,0.0,0.0,0.0,0.0,0.0,0.0,0.9952086
2015-04-19 00:00:00+00:00,0.0,0.0,0.0,0.0,0.0,0.0,0.0,0.0,0.0,0.0
2015-04-26 00:00:00+00:00,0.0,0.0,0.0,0.0,0.0,0.0,0.0,0.0,0.0,0.0
2015-04-27 00:00:00+00:00,0.0,0.0,0.0,0.0,0.0,0.0,0.22480297,0.0,0.0,0.0
2015-05-03 00:00:00+00:00,0.0,0.0,0.0,0.0,0.0,0.0,0.0,0.0,0.0,0.0
2015-05-04 00:00:00+00:00,0.0,0.0,0.0,0.0,0.0,0.0,0.46654928,0.0,0.0,0.0
2015-05-10 00:00:00+00:00,0.0,0.0,0.0,0.0,0.0,0.0,0.0,0.0,0.0,0.0
2015-05-11 00:00:00+00:00,0.0,0.35755482,0.0,0.0,0.0,0.0,0.0,0.0,0.0,0.0
2015-05-17 00:00:00+00:00,0.0,0.0,0.0,0.0,0.0,0.0,0.0,0.0,0.0,0.0
2015-05-24 00:00:00+00:00,0.0,0.0,0.0,0.0,0.0,0.0,0.0,0.0,0.0,0.0
2015-05-31 00:00:00+00:00,0.0,0.0,0.0,0.0,0.0,0.0,0.0,0.0,0.0,0.0
2015-06-07 00:00:00+00:00,0.0,0.0,0.0,0.0,0.0,0.0,0.0,0.0,0.0,0.0
2015-06-08 00:00:00+00:00,0.0,0.0,0.99443924,0.0,0.0,0.0,0.0,0.0,0.0,0.0
2015-06-14 00:00:00+00:00,0.0,0.0,0.0,0.0,0.0,0.0,0.0,0.0,0.0,0.0
2015-06-15 00:00:00+00:00,0.0,0.0,0.0,0.0,0.9908074,0.0,0.0,0.0,0.0,0.0
2015-06-21 00:00:00+00:00,0.0,0.0,0.0,0.0,0.0,0.0,0.0,0.0,0.0,0.0
2015-06-28 00:00:00+00:00,0.0,0.0,0.0,0.0,0.0,0.0,0.0,0.0,0.0,0.0
2015-06-29 00:00:00+00:00,0.0,0.0,0.0,0.0,0.0,0.0,0.34285867,0.0,0.0,0.0
2015-07-05 00:00:00+00:00,0.0,0.0,0.0,0.0,0.0,0.0,0.0,0.0,0.0,0.0
2015-07-12 00:00:00+00:00,0.0,0.0,0.0,0.0,0.0,0.0,0.0,0.0,0.0,0.0
2015-07-19 00:00:00+00:00,0.0,0.0,0.0,0.0,0.0,0.0,0.0,0.0,0.0,0.0
2015-07-20 00:00:00+00:00,0.0,0.0,0.9915015,0.0,0.0,0.0,0.0,0.0,0.0,0.0
2015-07-26 00:00:00+00:00,0.0,0.0,0.0,0.0,0.0,0.0,0.0,0.0,0.0,0.0
2015-07-27 00:00:00+00:00,0.0,0.0,0.0,0.0,0.0,0.0,0.0,0.0,0.0,0.9678238
2015-08-02 00:00:00+00:00,0.0,0.0,0.0,0.0,0.0,0.0,0.0,0.0,0.0,0.0
2015-08-03 00:00:00+00:00,0.9887426,0.0,0.0,0.0,0.0,0.0,0.0,0.0,0.0,0.0
2015-08-09 00:00:00+00:00,0.0,0.0,0.0,0.0,0.0,0.0,0.0,0.0,0.0,0.0
2015-08-10 00:00:00+00:00,0.0,0.0,0.0,0.0,0.0,0.0,0.99961776,0.0,0.0,0.0
2015-08-16 00:00:00+00:00,0.0,0.0,0.0,0.0,0.0,0.0,0.0,0.0,0.0,0.0
2015-08-17 00:00:00+00:00,0.0,0.0,0.0,0.9954969,0.0,0.0,0.0,0.0,0.0,0.0
2015-08-23 00:00:00+00:00,0.0,0.0,0.0,0.0,0.0,0.0,0.0,0.0,0.0,0.0
2015-08-24 00:00:00+00:00,0.0,0.0,0.54917604,0.0,0.0,0.0,0.0,0.0,0.0,0.0
2015-08-30 00:00:00+00:00,0.0,0.0,0.0,0.0,0.0,0.0,0.0,0.0,0.0,0.0
2015-09-06 00:00:00+00:00,0.0,0.0,0.0,0.0,0.0,0.0,0.0,0.0,0.0,0.0
2015-09-07 00:00:00+00:00,0.0,0.0,0.0,0.0,0.9780264,0.0,0.0,0.0,0.0,0.0
2015-09-13 00:00:00+00:00,0.0,0.0,0.0,0.0,0.0,0.0,0.0,0.0,0.0,0.0
2015-09-14 00:00:00+00:00,0.0,0.0,0.92094183,0.0,0.0,0.0,0.0,0.0,0.0,0.0
2015-09-20 00:00:00+00:00,0.0,0.0,0.0,0.0,0.0,0.0,0.0,0.0,0.0,0.0
2015-09-21 00:00:00+00:00,0.0,0.0,0.99322593,0.0,0.0,0.0,0.0,0.0,0.0,0.0
2015-09-27 00:00:00+00:00,0.0,0.0,0.0,0.0,0.0,0.0,0.0,0.0,0.0,0.0
2015-09-28 00:00:00+00:00,0.0,0.0,0.0,0.0,0.0,0.0,0.0,0.9861446,0.0,0.0
2015-10-04 00:00:00+00:00,0.0,0.0,0.0,0.0,0.0,0.0,0.0,0.0,0.0,0.0
2015-10-05 00:00:00+00:00,0.0,0.0,0.8094517,0.0,0.0,0.0,0.0,0.0,0.0,0.0
2015-10-11 00:00:00+00:00,0.0,0.0,0.0,0.0,0.0,0.0,0.0,0.0,0.0,0.0
2015-10-12 00:00:00+00:00,0.0,0.62522453,0.0,0.0,0.0,0.0,0.0,0.0,0.0,0.0
2015-10-18 00:00:00+00:00,0.0,0.0,0.0,0.0,0.0,0.0,0.0,0.0,0.0,0.0
2015-10-19 00:00:00+00:00,0.0,0.0,0.9365513750000001,0.0,0.0,0.0,0.0,0.0,0.0,0.0
2015-10-25 00:00:00+00:00,0.0,0.0,0.0,0.0,0.0,0.0,0.0,0.0,0.0,0.0
2015-10-26 00:00:00+00:00,0.0,0.0,0.0,0.0,0.0,0.0,0.0,0.0,0.0,0.9841994
2015-11-01 00:00:00+00:00,0.0,0.0,0.0,0.0,0.0,0.0,0.0,0.0,0.0,0.0
2015-11-08 00:00:00+00:00,0.0,0.0,0.0,0.0,0.0,0.0,0.0,0.0,0.0,0.0
2015-11-15 00:00:00+00:00,0.0,0.0,0.0,0.0,0.0,0.0,0.0,0.0,0.0,0.0
2015-11-22 00:00:00+00:00,0.0,0.0,0.0,0.0,0.0,0.0,0.0,0.0,0.0,0.0
2015-11-23 00:00:00+00:00,0.0,0.0,0.33378434,0.0,0.0,0.0,0.0,0.0,0.0,0.0
2015-11-29 00:00:00+00:00,0.0,0.0,0.0,0.0,0.0,0.0,0.0,0.0,0.0,0.0
2015-12-06 00:00:00+00:00,0.0,0.0,0.0,0.0,0.0,0.0,0.0,0.0,0.0,0.0
2015-12-13 00:00:00+00:00,0.0,0.0,0.0,0.0,0.0,0.0,0.0,0.0,0.0,0.0
2015-12-20 00:00:00+00:00,0.0,0.0,0.0,0.0,0.0,0.0,0.0,0.0,0.0,0.0
2015-12-21 00:00:00+00:00,0.0,0.0,0.0,0.0,0.0,0.0,0.98731005,0.0,0.0,0.0
2015-12-27 00:00:00+00:00,0.0,0.0,0.0,0.0,0.0,0.0,0.0,0.0,0.0,0.0
2015-12-28 00:00:00+00:00,0.0,0.0,0.9983503,0.0,0.0,0.0,0.0,0.0,0.0,0.0
2016-01-03 00:00:00+00:00,0.0,0.0,0.0,0.0,0.0,0.0,0.0,0.0,0.0,0.0
2016-01-04 00:00:00+00:00,0.0,0.0,0.75378215,0.0,0.0,0.0,0.0,0.0,0.0,0.0
2016-01-10 00:00:00+00:00,0.0,0.0,0.0,0.0,0.0,0.0,0.0,0.0,0.0,0.0
2016-01-11 00:00:00+00:00,0.0,0.99825454,0.0,0.0,0.0,0.0,0.0,0.0,0.0,0.0
2016-01-17 00:00:00+00:00,0.0,0.0,0.0,0.0,0.0,0.0,0.0,0.0,0.0,0.0
2016-01-18 00:00:00+00:00,0.5508556,0.0,0.0,0.0,0.0,0.0,0.0,0.0,0.0,0.0
2016-01-24 00:00:00+00:00,0.0,0.0,0.0,0.0,0.0,0.0,0.0,0.0,0.0,0.0
2016-01-25 00:00:00+00:00,0.9932296,0.0,0.0,0.0,0.0,0.0,0.0,0.0,0.0,0.0
2016-01-31 00:00:00+00:00,0.0,0.0,0.0,0.0,0.0,0.0,0.0,0.0,0.0,0.0
2016-02-01 00:00:00+00:00,0.30699787,0.0,0.0,0.0,0.0,0.0,0.0,0.0,0.0,0.0
2016-02-07 00:00:00+00:00,0.0,0.0,0.0,0.0,0.0,0.0,0.0,0.0,0.0,0.0
2016-02-14 00:00:00+00:00,0.0,0.0,0.0,0.0,0.0,0.0,0.0,0.0,0.0,0.0
2016-02-21 00:00:00+00:00,0.0,0.0,0.0,0.0,0.0,0.0,0.0,0.0,0.0,0.0
2016-02-28 00:00:00+00:00,0.0,0.0,0.0,0.0,0.0,0.0,0.0,0.0,0.0,0.0
2016-02-29 00:00:00+00:00,0.0,0.9667617,0.0,0.0,0.0,0.0,0.0,0.0,0.0,0.0
2016-03-06 00:00:00+00:00,0.0,0.0,0.0,0.0,0.0,0.0,0.0,0.0,0.0,0.0
2016-03-07 00:00:00+00:00,0.19440258,0.0,0.0,0.0,0.0,0.0,0.0,0.0,0.0,0.0
2016-03-13 00:00:00+00:00,0.0,0.0,0.0,0.0,0.0,0.0,0.0,0.0,0.0,0.0
2016-03-14 00:00:00+00:00,0.0,0.0,0.0,0.0,0.0,0.0,0.0,0.0,0.0,1.1922768
2016-03-20 00:00:00+00:00,0.0,0.0,0.0,0.0,0.0,0.0,0.0,0.0,0.0,0.0
2016-03-21 00:00:00+00:00,0.0,0.0,0.99403393,0.0,0.0,0.0,0.0,0.0,0.0,0.0
2016-03-27 00:00:00+00:00,0.0,0.0,0.0,0.0,0.0,0.0,0.0,0.0,0.0,0.0
2016-04-03 00:00:00+00:00,0.0,0.0,0.0,0.0,0.0,0.0,0.0,0.0,0.0,0.0
2016-04-10 00:00:00+00:00,0.0,0.0,0.0,0.0,0.0,0.0,0.0,0.0,0.0,0.0
2016-04-17 00:00:00+00:00,0.0,0.0,0.0,0.0,0.0,0.0,0.0,0.0,0.0,0.0
2016-04-24 00:00:00+00:00,0.0,0.0,0.0,0.0,0.0,0.0,0.0,0.0,0.0,0.0
2016-04-25 00:00:00+00:00,0.0,0.95197684,0.0,0.0,0.0,0.0,0.0,0.0,0.0,0.0
2016-05-01 00:00:00+00:00,0.0,0.0,0.0,0.0,0.0,0.0,0.0,0.0,0.0,0.0
2016-05-08 00:00:00+00:00,0.0,0.0,0.0,0.0,0.0,0.0,0.0,0.0,0.0,0.0
2016-05-15 00:00:00+00:00,0.0,0.0,0.0,0.0,0.0,0.0,0.0,0.0,0.0,0.0
2016-05-16 00:00:00+00:00,0.2520248,0.0,0.0,0.0,0.0,0.0,0.0,0.0,0.0,0.0
2016-05-22 00:00:00+00:00,0.0,0.0,0.0,0.0,0.0,0.0,0.0,0.0,0.0,0.0
2016-05-29 00:00:00+00:00,0.0,0.0,0.0,0.0,0.0,0.0,0.0,0.0,0.0,0.0
2016-06-05 00:00:00+00:00,0.0,0.0,0.0,0.0,0.0,0.0,0.0,0.0,0.0,0.0
2016-06-06 00:00:00+00:00,0.0,0.0,0.89804494,0.0,0.0,0.0,0.0,0.0,0.0,0.0
2016-06-12 00:00:00+00:00,0.0,0.0,0.0,0.0,0.0,0.0,0.0,0.0,0.0,0.0
2016-06-19 00:00:00+00:00,0.0,0.0,0.0,0.0,0.0,0.0,0.0,0.0,0.0,0.0
2016-06-20 00:00:00+00:00,0.0,0.3019487,0.0,0.61905295,0.0,0.0,0.36961263,0.0,0.0,0.692713
2016-06-26 00:00:00+00:00,0.0,0.0,0.0,0.0,0.0,0.0,0.0,0.0,0.0,0.0
2016-06-27 00:00:00+00:00,0.0,0.0,0.0,0.0,0.0,0.0,0.8707228,0.0,0.0,0.0
2016-07-03 00:00:00+00:00,0.0,0.0,0.0,0.0,0.0,0.0,0.0,0.0,0.0,0.0
2016-07-04 00:00:00+00:00,0.0,0.0,0.08820047,0.0,0.0,0.0,0.0,0.0,0.0,0.0
2016-07-10 00:00:00+00:00,0.0,0.0,0.0,0.0,0.0,0.0,0.0,0.0,0.0,0.0
2016-07-11 00:00:00+00:00,0.0,0.0,0.0,0.0,0.0,0.0,0.9893986,0.0,0.0,0.0
2016-07-17 00:00:00+00:00,0.0,0.0,0.0,0.0,0.0,0.0,0.0,0.0,0.0,0.0
2016-07-18 00:00:00+00:00,0.0,0.0,0.9964665,0.0,0.0,0.0,0.0,0.0,0.0,0.0
2016-07-24 00:00:00+00:00,0.0,0.0,0.0,0.0,0.0,0.0,0.0,0.0,0.0,0.0
2016-07-31 00:00:00+00:00,0.0,0.0,0.0,0.0,0.0,0.0,0.0,0.0,0.0,0.0
2016-08-07 00:00:00+00:00,0.0,0.0,0.0,0.0,0.0,0.0,0.0,0.0,0.0,0.0
2016-08-08 00:00:00+00:00,0.0,0.0,0.0,0.0,0.0,0.0,0.70525646,0.0,0.0,0.0
2016-08-14 00:00:00+00:00,0.0,0.0,0.0,0.0,0.0,0.0,0.0,0.0,0.0,0.0
2016-08-15 00:00:00+00:00,0.0,0.0,0.0,0.0,0.0,0.0,0.0,0.99530864,0.0,0.0
2016-08-21 00:00:00+00:00,0.0,0.0,0.0,0.0,0.0,0.0,0.0,0.0,0.0,0.0
2016-08-28 00:00:00+00:00,0.0,0.0,0.0,0.0,0.0,0.0,0.0,0.0,0.0,0.0
2016-09-04 00:00:00+00:00,0.0,0.0,0.0,0.0,0.0,0.0,0.0,0.0,0.0,0.0
2016-09-05 00:00:00+00:00,0.0,0.0,0.98675334,0.0,0.0,0.0,0.0,0.0,0.0,0.0
2016-09-11 00:00:00+00:00,0.0,0.0,0.0,0.0,0.0,0.0,0.0,0.0,0.0,0.0
2016-09-12 00:00:00+00:00,0.0,0.0,0.0,0.0,0.0,0.0,0.99967414,0.0,0.0,0.0
2016-09-18 00:00:00+00:00,0.0,0.0,0.0,0.0,0.0,0.0,0.0,0.0,0.0,0.0
2016-09-19 00:00:00+00:00,0.0,0.0,1.7944175699999998,0.0,0.0,0.0,0.0,0.0,0.0,0.0
2016-09-25 00:00:00+00:00,0.0,0.0,0.0,0.0,0.0,0.0,0.0,0.0,0.0,0.0
2016-09-26 00:00:00+00:00,0.0,0.0,0.0,0.0,0.99010026,0.0,0.0,0.0,0.0,0.0
2016-10-02 00:00:00+00:00,0.0,0.0,0.0,0.0,0.0,0.0,0.0,0.0,0.0,0.0
2016-10-03 00:00:00+00:00,0.0,0.9888785,0.0,0.0,0.0,0.0,0.0,0.0,0.0,0.0
2016-10-09 00:00:00+00:00,0.0,0.0,0.0,0.0,0.0,0.0,0.0,0.0,0.0,0.0
2016-10-10 00:00:00+00:00,0.0,0.9871312,0.0,0.0,0.0,0.0,0.0,0.0,0.0,0.0
2016-10-16 00:00:00+00:00,0.0,0.0,0.0,0.0,0.0,0.0,0.0,0.0,0.0,0.0
2016-10-17 00:00:00+00:00,0.0,0.53107023,0.0,0.0,0.0,0.0,0.0,0.0,0.0,0.0
2016-10-23 00:00:00+00:00,0.0,0.0,0.0,0.0,0.0,0.0,0.0,0.0,0.0,0.0
2016-10-30 00:00:00+00:00,0.0,0.0,0.0,0.0,0.0,0.0,0.0,0.0,0.0,0.0
2016-11-06 00:00:00+00:00,0.0,0.0,0.0,0.0,0.0,0.0,0.0,0.0,0.0,0.0
2016-11-07 00:00:00+00:00,0.0,0.0,0.0,0.0,0.0,0.0,0.92505143,0.0,0.0,0.0
2016-11-13 00:00:00+00:00,0.0,0.0,0.0,0.0,0.0,0.0,0.0,0.0,0.0,0.0
2016-11-20 00:00:00+00:00,0.0,0.0,0.0,0.0,0.0,0.0,0.0,0.0,0.0,0.0
2016-11-21 00:00:00+00:00,0.0,0.0,0.0,0.0,0.0,0.0,0.0,0.37740323,0.0,0.0
2016-11-27 00:00:00+00:00,0.0,0.0,0.0,0.0,0.0,0.0,0.0,0.0,0.0,0.0
2016-11-28 00:00:00+00:00,0.0,0.0,0.0,0.18566203,0.0,0.0,0.0,0.0,0.0,0.0
2016-12-04 00:00:00+00:00,0.0,0.0,0.0,0.0,0.0,0.0,0.0,0.0,0.0,0.0
2016-12-05 00:00:00+00:00,0.0,0.0,0.0,0.0,0.0,0.0,0.99369735,0.0,0.0,0.0
2016-12-11 00:00:00+00:00,0.0,0.0,0.0,0.0,0.0,0.0,0.0,0.0,0.0,0.0
2016-12-12 00:00:00+00:00,0.0,0.0,0.0,0.0,0.0,0.0,0.0,1.6493752000000002,0.0,0.0
2016-12-18 00:00:00+00:00,0.0,0.0,0.0,0.0,0.0,0.0,0.0,0.0,0.0,0.0
2016-12-19 00:00:00+00:00,0.0,0.0,0.0,0.9922344,0.0,0.0,0.0,0.0,0.0,0.0
2016-12-25 00:00:00+00:00,0.0,0.0,0.0,0.0,0.0,0.0,0.0,0.0,0.0,0.0
2017-01-01 00:00:00+00:00,0.0,0.0,0.0,0.0,0.0,0.0,0.0,0.0,0.0,0.0
2017-01-08 00:00:00+00:00,0.0,0.0,0.0,0.0,0.0,0.0,0.0,0.0,0.0,0.0
2017-01-15 00:00:00+00:00,0.0,0.0,0.0,0.0,0.0,0.0,0.0,0.0,0.0,0.0
2017-01-16 00:00:00+00:00,0.0,0.0,0.6130795,0.0,0.0,0.0,0.0,0.0,0.0,0.0
2017-01-22 00:00:00+00:00,0.0,0.0,0.0,0.0,0.0,0.0,0.0,0.0,0.0,0.0
2017-01-23 00:00:00+00:00,0.0,0.0,0.5873399,0.0,0.0,0.0,0.0,0.0,0.0,0.0
2017-01-29 00:00:00+00:00,0.0,0.0,0.0,0.0,0.0,0.0,0.0,0.0,0.0,0.0
2017-01-30 00:00:00+00:00,0.0,0.0,0.0,0.0,0.0,0.0,0.0,0.0,0.0,2.23639506
2017-02-05 00:00:00+00:00,0.0,0.0,0.0,0.0,0.0,0.0,0.0,0.0,0.0,0.0
2017-02-06 00:00:00+00:00,0.0,0.9976725,0.0,0.0,0.0,0.0,0.0,0.0,0.0,0.0
2017-02-12 00:00:00+00:00,0.0,0.0,0.0,0.0,0.0,0.0,0.0,0.0,0.0,0.0
2017-02-13 00:00:00+00:00,0.0,0.0,0.0,0.0,0.99327743,0.0,0.0,0.0,0.0,0.0
2017-02-19 00:00:00+00:00,0.0,0.0,0.0,0.0,0.0,0.0,0.0,0.0,0.0,0.0
2017-02-26 00:00:00+00:00,0.0,0.0,0.0,0.0,0.0,0.0,0.0,0.0,0.0,0.0
2017-02-27 00:00:00+00:00,0.0,0.0,0.0,0.0,0.0,0.0,0.0,0.0,0.9946081,0.0
2017-03-05 00:00:00+00:00,0.0,0.0,0.0,0.0,0.0,0.0,0.0,0.0,0.0,0.0
2017-03-06 00:00:00+00:00,0.0,0.0,0.98731697,0.0,0.0,0.069763854,0.0,0.0,0.0,0.0
2017-03-12 00:00:00+00:00,0.0,0.0,0.0,0.0,0.0,0.0,0.0,0.0,0.0,0.0
2017-03-13 00:00:00+00:00,0.0,0.0,0.0,0.0,0.0,0.0,0.0,0.9891462,0.0,0.0
2017-03-19 00:00:00+00:00,0.0,0.0,0.0,0.0,0.0,0.0,0.0,0.0,0.0,0.0
2017-03-26 00:00:00+00:00,0.0,0.0,0.0,0.0,0.0,0.0,0.0,0.0,0.0,0.0
2017-03-27 00:00:00+00:00,0.0,0.0,0.0,0.0,0.0,0.0,0.9927321,0.0,0.0,0.0
2017-04-02 00:00:00+00:00,0.0,0.0,0.0,0.0,0.0,0.0,0.0,0.0,0.0,0.0
2017-04-03 00:00:00+00:00,0.0,0.0,0.0,0.0,0.4561731,0.0,0.0,0.0,0.0,0.0
2017-04-09 00:00:00+00:00,0.0,0.0,0.0,0.0,0.0,0.0,0.0,0.0,0.0,0.0
2017-04-10 00:00:00+00:00,0.0,0.0,0.83726731,0.0,0.0,0.0,0.0,0.0,0.0,0.0
2017-04-16 00:00:00+00:00,0.0,0.0,0.0,0.0,0.0,0.0,0.0,0.0,0.0,0.0
2017-04-23 00:00:00+00:00,0.0,0.0,0.0,0.0,0.0,0.0,0.0,0.0,0.0,0.0
2017-04-24 00:00:00+00:00,0.0,0.0,0.0,0.0,0.0,0.0,0.9937857,0.0,0.0,0.0
2017-04-30 00:00:00+00:00,0.0,0.0,0.0,0.0,0.0,0.0,0.0,0.0,0.0,0.0
2017-05-01 00:00:00+00:00,0.42995206,0.0,0.0,0.0,0.0,0.0,0.0,0.0,0.0,0.0
2017-05-07 00:00:00+00:00,0.0,0.0,0.0,0.0,0.0,0.0,0.0,0.0,0.0,0.0
2017-05-14 00:00:00+00:00,0.0,0.0,0.0,0.0,0.0,0.0,0.0,0.0,0.0,0.0
2017-05-15 00:00:00+00:00,0.0,0.0,0.3036683,0.0,0.0,0.0,0.0,0.0,0.0,0.0
2017-05-21 00:00:00+00:00,0.0,0.0,0.0,0.0,0.0,0.0,0.0,0.0,0.0,0.0
2017-05-22 00:00:00+00:00,0.0,0.4975781,0.0,0.0,0.0,0.0,0.0,0.0,0.0,0.0
2017-05-28 00:00:00+00:00,0.0,0.0,0.0,0.0,0.0,0.0,0.0,0.0,0.0,0.0
2017-05-29 00:00:00+00:00,0.0,0.0,0.98814684,0.0,0.0,0.0,0.0,0.0,0.0,0.0
2017-06-04 00:00:00+00:00,0.0,0.0,0.0,0.0,0.0,0.0,0.0,0.0,0.0,0.0
2017-06-11 00:00:00+00:00,0.0,0.0,0.0,0.0,0.0,0.0,0.0,0.0,0.0,0.0
2017-06-12 00:00:00+00:00,0.9356672,0.0,0.0,0.0,0.0,0.0,0.0,0.0,0.0,0.0
2017-06-18 00:00:00+00:00,0.0,0.0,0.0,0.0,0.0,0.0,0.0,0.0,0.0,0.0
2017-06-25 00:00:00+00:00,0.0,0.0,0.0,0.0,0.0,0.0,0.0,0.0,0.0,0.0
2017-06-26 00:00:00+00:00,0.0,0.0,0.0,0.0,0.6438516,0.0,0.0,0.0,0.0,0.0
2017-07-02 00:00:00+00:00,0.0,0.0,0.0,0.0,0.0,0.0,0.0,0.0,0.0,0.0
2017-07-09 00:00:00+00:00,0.0,0.0,0.0,0.0,0.0,0.0,0.0,0.0,0.0,0.0
2017-07-10 00:00:00+00:00,0.5521599,0.0,0.0,0.0,0.0,0.0,0.0,0.0,0.0,0.0
2017-07-16 00:00:00+00:00,0.0,0.0,0.0,0.0,0.0,0.0,0.0,0.0,0.0,0.0
2017-07-17 00:00:00+00:00,0.0,0.0,0.0,0.0,0.0,0.0,0.0,0.9884526,0.0,0.0
2017-07-23 00:00:00+00:00,0.0,0.0,0.0,0.0,0.0,0.0,0.0,0.0,0.0,0.0
2017-07-24 00:00:00+00:00,0.0,0.0,0.203919,0.0,0.0,0.0,0.0,0.0,0.0,0.0
2017-07-30 00:00:00+00:00,0.0,0.0,0.0,0.0,0.0,0.0,0.0,0.0,0.0,0.0
2017-07-31 00:00:00+00:00,0.0,0.0,0.0,0.0,0.0,0.0,0.0,0.705485,0.0,0.0
2017-08-06 00:00:00+00:00,0.0,0.0,0.0,0.0,0.0,0.0,0.0,0.0,0.0,0.0
2017-08-07 00:00:00+00:00,0.0,0.0,0.055518094,0.0,0.0,0.0,0.0,0.0,0.0,0.0
2017-08-13 00:00:00+00:00,0.0,0.0,0.0,0.0,0.0,0.0,0.0,0.0,0.0,0.0
2017-08-20 00:00:00+00:00,0.0,0.0,0.0,0.0,0.0,0.0,0.0,0.0,0.0,0.0
2017-08-27 00:00:00+00:00,0.0,0.0,0.0,0.0,0.0,0.0,0.0,0.0,0.0,0.0
2017-08-28 00:00:00+00:00,0.9951583,0.0,0.0,0.0,0.0,0.0,0.0,0.0,0.0,0.0
2017-09-03 00:00:00+00:00,0.0,0.0,0.0,0.0,0.0,0.0,0.0,0.0,0.0,0.0
2017-09-04 00:00:00+00:00,0.0,0.0,0.99071217,0.0,0.0,0.0,0.0,0.0,0.0,0.0
2017-09-10 00:00:00+00:00,0.0,0.0,0.0,0.0,0.0,0.0,0.0,0.0,0.0,0.0
2017-09-17 00:00:00+00:00,0.0,0.0,0.0,0.0,0.0,0.0,0.0,0.0,0.0,0.0
2017-09-18 00:00:00+00:00,0.0,0.0,0.0,0.0,0.99071354,0.0,0.0,0.0,0.0,0.0
2017-09-24 00:00:00+00:00,0.0,0.0,0.0,0.0,0.0,0.0,0.0,0.0,0.0,0.0
2017-10-01 00:00:00+00:00,0.0,0.0,0.0,0.0,0.0,0.0,0.0,0.0,0.0,0.0
2017-10-08 00:00:00+00:00,0.0,0.0,0.0,0.0,0.0,0.0,0.0,0.0,0.0,0.0
2017-10-09 00:00:00+00:00,0.0,0.0,0.0,0.0,0.9867539,0.0,0.0,0.0,0.0,0.0
2017-10-15 00:00:00+00:00,0.0,0.0,0.0,0.0,0.0,0.0,0.0,0.0,0.0,0.0
2017-10-22 00:00:00+00:00,0.0,0.0,0.0,0.0,0.0,0.0,0.0,0.0,0.0,0.0
2017-10-23 00:00:00+00:00,0.9869478,0.0,0.0,0.0,0.0,0.0,0.0,0.0,0.0,0.0
2017-10-29 00:00:00+00:00,0.0,0.0,0.0,0.0,0.0,0.0,0.0,0.0,0.0,0.0
2017-10-30 00:00:00+00:00,0.0,0.0,0.20865601,0.0,0.0,0.0,0.0,0.0,0.0,0.0
2017-11-05 00:00:00+00:00,0.0,0.0,0.0,0.0,0.0,0.0,0.0,0.0,0.0,0.0
2017-11-06 00:00:00+00:00,0.0,0.983623,0.0,0.0,0.0,0.0,0.0,0.0,0.0,0.0
2017-11-12 00:00:00+00:00,0.0,0.0,0.0,0.0,0.0,0.0,0.0,0.0,0.0,0.0
2017-11-19 00:00:00+00:00,0.0,0.0,0.0,0.0,0.0,0.0,0.0,0.0,0.0,0.0
2017-11-20 00:00:00+00:00,0.0,0.0,0.0,0.0,0.0,0.9895414100000001,0.0,0.0,0.0,0.0
2017-11-26 00:00:00+00:00,0.0,0.0,0.0,0.0,0.0,0.0,0.0,0.0,0.0,0.0
2017-11-27 00:00:00+00:00,0.0,0.0,0.99116534,0.0,0.0,0.0,0.0,0.0,0.0,0.0
2017-12-03 00:00:00+00:00,0.0,0.0,0.0,0.0,0.0,0.0,0.0,0.0,0.0,0.0
2017-12-04 00:00:00+00:00,0.0,0.0,0.9849826,0.0,0.0,0.0,0.0,0.0,0.0,0.0
2017-12-10 00:00:00+00:00,0.0,0.0,0.0,0.0,0.0,0.0,0.0,0.0,0.0,0.0
2017-12-11 00:00:00+00:00,0.0,0.0,0.993376,0.0,0.0,0.0,0.0,0.0,0.0,0.0
2017-12-17 00:00:00+00:00,0.0,0.0,0.0,0.0,0.0,0.0,0.0,0.0,0.0,0.0
2017-12-24 00:00:00+00:00,0.0,0.0,0.0,0.0,0.0,0.0,0.0,0.0,0.0,0.0
2017-12-31 00:00:00+00:00,0.0,0.0,0.0,0.0,0.0,0.0,0.0,0.0,0.0,0.0
2018-01-07 00:00:00+00:00,0.0,0.0,0.0,0.0,0.0,0.0,0.0,0.0,0.0,0.0
2018-01-08 00:00:00+00:00,0.29301092,0.0,0.0,0.0,0.0,0.0,0.0,0.0,0.0,0.0
2018-01-14 00:00:00+00:00,0.0,0.0,0.0,0.0,0.0,0.0,0.0,0.0,0.0,0.0
2018-01-21 00:00:00+00:00,0.0,0.0,0.0,0.0,0.0,0.0,0.0,0.0,0.0,0.0
2018-01-28 00:00:00+00:00,0.0,0.0,0.0,0.0,0.0,0.0,0.0,0.0,0.0,0.0
2018-01-29 00:00:00+00:00,0.0,0.0,0.5502217,0.0,0.0,0.0,0.0,0.0,0.0,0.0
2018-02-04 00:00:00+00:00,0.0,0.0,0.0,0.0,0.0,0.0,0.0,0.0,0.0,0.0
2018-02-11 00:00:00+00:00,0.0,0.0,0.0,0.0,0.0,0.0,0.0,0.0,0.0,0.0
2018-02-12 00:00:00+00:00,0.0,0.0,0.0,0.0,0.0,0.0,0.0,0.68961567,0.0,0.0
2018-02-18 00:00:00+00:00,0.0,0.0,0.0,0.0,0.0,0.0,0.0,0.0,0.0,0.0
2018-02-25 00:00:00+00:00,0.0,0.0,0.0,0.0,0.0,0.0,0.0,0.0,0.0,0.0
2018-02-26 00:00:00+00:00,0.0,0.0,0.0,0.0,0.89144814,0.0,0.0,0.0,0.0,0.0
2018-03-04 00:00:00+00:00,0.0,0.0,0.0,0.0,0.0,0.0,0.0,0.0,0.0,0.0
2018-03-11 00:00:00+00:00,0.0,0.0,0.0,0.0,0.0,0.0,0.0,0.0,0.0,0.0
2018-03-18 00:00:00+00:00,0.0,0.0,0.0,0.0,0.0,0.0,0.0,0.0,0.0,0.0
2018-03-19 00:00:00+00:00,0.0,0.0,0.74946475,0.0,0.0,0.0,0.0,0.0,0.0,0.0
2018-03-25 00:00:00+00:00,0.0,0.0,0.0,0.0,0.0,0.0,0.0,0.0,0.0,0.0
2018-04-01 00:00:00+00:00,0.0,0.0,0.0,0.0,0.0,0.0,0.0,0.0,0.0,0.0
2018-04-08 00:00:00+00:00,0.0,0.0,0.0,0.0,0.0,0.0,0.0,0.0,0.0,0.0
2018-04-09 00:00:00+00:00,0.0,0.0,0.0,0.0,0.0,0.0,0.0,0.0,0.0,0.98569775
2018-04-15 00:00:00+00:00,0.0,0.0,0.0,0.0,0.0,0.0,0.0,0.0,0.0,0.0
2018-04-22 00:00:00+00:00,0.0,0.0,0.0,0.0,0.0,0.0,0.0,0.0,0.0,0.0
2018-04-23 00:00:00+00:00,0.0,0.0,0.0,0.0,0.0,0.0,0.9931213,0.0,0.0,0.0
2018-04-29 00:00:00+00:00,0.0,0.0,0.0,0.0,0.0,0.0,0.0,0.0,0.0,0.0
2018-05-06 00:00:00+00:00,0.0,0.0,0.0,0.0,0.0,0.0,0.0,0.0,0.0,0.0
2018-05-07 00:00:00+00:00,0.0,0.0,0.0,0.0,0.46232703,0.0,0.0,0.0,0.0,0.0
2018-05-13 00:00:00+00:00,0.0,0.0,0.0,0.0,0.0,0.0,0.0,0.0,0.0,0.0
2018-05-20 00:00:00+00:00,0.0,0.0,0.0,0.0,0.0,0.0,0.0,0.0,0.0,0.0
2018-05-27 00:00:00+00:00,0.0,0.0,0.0,0.0,0.0,0.0,0.0,0.0,0.0,0.0
2018-06-03 00:00:00+00:00,0.0,0.0,0.0,0.0,0.0,0.0,0.0,0.0,0.0,0.0
2018-06-04 00:00:00+00:00,0.0,0.0,0.0,0.0,0.0,0.9932295,0.0,0.0,0.0,0.0
2018-06-10 00:00:00+00:00,0.0,0.0,0.0,0.0,0.0,0.0,0.0,0.0,0.0,0.0
2018-06-11 00:00:00+00:00,0.0,0.0,0.0,0.0,0.4790874,0.0,0.0,0.0,0.0,0.0
2018-06-17 00:00:00+00:00,0.0,0.0,0.0,0.0,0.0,0.0,0.0,0.0,0.0,0.0
2018-06-18 00:00:00+00:00,0.0,0.0,0.0,0.0,0.99925923,0.0,0.0,0.0,0.0,0.0
2018-06-24 00:00:00+00:00,0.0,0.0,0.0,0.0,0.0,0.0,0.0,0.0,0.0,0.0
2018-07-01 00:00:00+00:00,0.0,0.0,0.0,0.0,0.0,0.0,0.0,0.0,0.0,0.0
2018-07-08 00:00:00+00:00,0.0,0.0,0.0,0.0,0.0,0.0,0.0,0.0,0.0,0.0
2018-07-15 00:00:00+00:00,0.0,0.0,0.0,0.0,0.0,0.0,0.0,0.0,0.0,0.0
2018-07-22 00:00:00+00:00,0.0,0.0,0.0,0.0,0.0,0.0,0.0,0.0,0.0,0.0
2018-07-29 00:00:00+00:00,0.0,0.0,0.0,0.0,0.0,0.0,0.0,0.0,0.0,0.0
2018-07-30 00:00:00+00:00,0.5978611,0.0,0.0,0.0,0.0,0.0,0.0,0.0,0.0,0.0
2018-08-05 00:00:00+00:00,0.0,0.0,0.0,0.0,0.0,0.0,0.0,0.0,0.0,0.0
2018-08-06 00:00:00+00:00,0.0,0.0,0.3941012,0.0,0.0,0.0,0.0,0.0,0.0,0.0
2018-08-12 00:00:00+00:00,0.0,0.0,0.0,0.0,0.0,0.0,0.0,0.0,0.0,0.0
2018-08-19 00:00:00+00:00,0.0,0.0,0.0,0.0,0.0,0.0,0.0,0.0,0.0,0.0
2018-08-26 00:00:00+00:00,0.0,0.0,0.0,0.0,0.0,0.0,0.0,0.0,0.0,0.0
2018-09-02 00:00:00+00:00,0.0,0.0,0.0,0.0,0.0,0.0,0.0,0.0,0.0,0.0
2018-09-09 00:00:00+00:00,0.0,0.0,0.0,0.0,0.0,0.0,0.0,0.0,0.0,0.0
2018-09-16 00:00:00+00:00,0.0,0.0,0.0,0.0,0.0,0.0,0.0,0.0,0.0,0.0
2018-09-23 00:00:00+00:00,0.0,0.0,0.0,0.0,0.0,0.0,0.0,0.0,0.0,0.0
2018-09-30 00:00:00+00:00,0.0,0.0,0.0,0.0,0.0,0.0,0.0,0.0,0.0,0.0
2018-10-01 00:00:00+00:00,0.0,0.0,0.0,0.0,0.0,0.0,0.67713594,0.0,0.0,0.0
2018-10-07 00:00:00+00:00,0.0,0.0,0.0,0.0,0.0,0.0,0.0,0.0,0.0,0.0
2018-10-14 00:00:00+00:00,0.0,0.0,0.0,0.0,0.0,0.0,0.0,0.0,0.0,0.0
2018-10-15 00:00:00+00:00,0.0,0.0,0.0,0.32302958,0.0,0.0,0.0,0.0,0.0,0.0
2018-10-21 00:00:00+00:00,0.0,0.0,0.0,0.0,0.0,0.0,0.0,0.0,0.0,0.0
2018-10-28 00:00:00+00:00,0.0,0.0,0.0,0.0,0.0,0.0,0.0,0.0,0.0,0.0
2018-10-29 00:00:00+00:00,0.0,0.0,0.0,0.0,0.0,0.0,0.17111157,0.0,0.0,0.0
2018-11-04 00:00:00+00:00,0.0,0.0,0.0,0.0,0.0,0.0,0.0,0.0,0.0,0.0
2018-11-05 00:00:00+00:00,0.0,0.0,0.0,0.0,0.0,0.99549776,0.0,0.0,0.0,0.0
2018-11-11 00:00:00+00:00,0.0,0.0,0.0,0.0,0.0,0.0,0.0,0.0,0.0,0.0
2018-11-18 00:00:00+00:00,0.0,0.0,0.0,0.0,0.0,0.0,0.0,0.0,0.0,0.0
2018-11-25 00:00:00+00:00,0.0,0.0,0.0,0.0,0.0,0.0,0.0,0.0,0.0,0.0
2018-11-26 00:00:00+00:00,0.0,0.49204773,0.0,0.0,0.0,0.0,0.0,0.0,0.0,0.0
2018-12-02 00:00:00+00:00,0.0,0.0,0.0,0.0,0.0,0.0,0.0,0.0,0.0,0.0
2018-12-03 00:00:00+00:00,0.0,0.0,0.39713916,0.0,0.0,0.0,0.0,0.0,0.0,0.0
2018-12-09 00:00:00+00:00,0.0,0.0,0.0,0.0,0.0,0.0,0.0,0.0,0.0,0.0
2018-12-16 00:00:00+00:00,0.0,0.0,0.0,0.0,0.0,0.0,0.0,0.0,0.0,0.0
2018-12-17 00:00:00+00:00,0.0,0.0,0.0,0.0,0.0,0.0,0.0,0.0,0.0,0.9973888
2018-12-23 00:00:00+00:00,0.0,0.0,0.0,0.0,0.0,0.0,0.0,0.0,0.0,0.0
2018-12-30 00:00:00+00:00,0.0,0.0,0.0,0.0,0.0,0.0,0.0,0.0,0.0,0.0
2019-01-06 00:00:00+00:00,0.0,0.0,0.0,0.0,0.0,0.0,0.0,0.0,0.0,0.0
2019-01-07 00:00:00+00:00,0.0,0.0,0.0,0.0,0.0,0.0,0.0,0.99387175,0.0,0.0
2019-01-13 00:00:00+00:00,0.0,0.0,0.0,0.0,0.0,0.0,0.0,0.0,0.0,0.0
2019-01-20 00:00:00+00:00,0.0,0.0,0.0,0.0,0.0,0.0,0.0,0.0,0.0,0.0
2019-01-21 00:00:00+00:00,0.0,0.0,0.0,0.0,0.0,0.0,0.9525512,0.0,0.0,0.0
2019-01-27 00:00:00+00:00,0.0,0.0,0.0,0.0,0.0,0.0,0.0,0.0,0.0,0.0
2019-01-28 00:00:00+00:00,0.0,0.9878251,0.0,0.0,0.0,0.0,0.0,0.0,0.0,0.0
2019-02-03 00:00:00+00:00,0.0,0.0,0.0,0.0,0.0,0.0,0.0,0.0,0.0,0.0
2019-02-04 00:00:00+00:00,0.9911712,0.0,0.0,0.0,0.0,0.0,0.0,0.0,0.0,0.0
2019-02-10 00:00:00+00:00,0.0,0.0,0.0,0.0,0.0,0.0,0.0,0.0,0.0,0.0
2019-02-11 00:00:00+00:00,0.0,0.0,0.0,0.0,0.0,0.0,0.0,0.49897406,0.0,0.0
2019-02-17 00:00:00+00:00,0.0,0.0,0.0,0.0,0.0,0.0,0.0,0.0,0.0,0.0
2019-02-24 00:00:00+00:00,0.0,0.0,0.0,0.0,0.0,0.0,0.0,0.0,0.0,0.0
2019-02-25 00:00:00+00:00,0.0,0.0,0.0,0.0,0.0,0.0,0.0,0.0,0.0,0.996321
2019-03-03 00:00:00+00:00,0.0,0.0,0.0,0.0,0.0,0.0,0.0,0.0,0.0,0.0
2019-03-10 00:00:00+00:00,0.0,0.0,0.0,0.0,0.0,0.0,0.0,0.0,0.0,0.0
2019-03-11 00:00:00+00:00,0.0,0.0,0.0,0.0,0.0,0.0,0.0,0.99142087,0.0,0.0
2019-03-17 00:00:00+00:00,0.0,0.0,0.0,0.0,0.0,0.0,0.0,0.0,0.0,0.0
2019-03-18 00:00:00+00:00,0.0,0.0,0.0,0.0,0.0,0.0,0.5364657,0.0,0.0,0.0
2019-03-24 00:00:00+00:00,0.0,0.0,0.0,0.0,0.0,0.0,0.0,0.0,0.0,0.0
2019-03-25 00:00:00+00:00,0.0,0.0,0.0,0.0,0.0,0.0,0.0,0.59774065,0.0,0.0
2019-03-31 00:00:00+00:00,0.0,0.0,0.0,0.0,0.0,0.0,0.0,0.0,0.0,0.0
2019-04-07 00:00:00+00:00,0.0,0.0,0.0,0.0,0.0,0.0,0.0,0.0,0.0,0.0
2019-04-14 00:00:00+00:00,0.0,0.0,0.0,0.0,0.0,0.0,0.0,0.0,0.0,0.0
2019-04-21 00:00:00+00:00,0.0,0.0,0.0,0.0,0.0,0.0,0.0,0.0,0.0,0.0
2019-04-28 00:00:00+00:00,0.0,0.0,0.0,0.0,0.0,0.0,0.0,0.0,0.0,0.0
2019-04-29 00:00:00+00:00,0.0,0.0,0.99525833,0.0,0.0,0.0,0.0,0.0,0.0,0.0
2019-05-05 00:00:00+00:00,0.0,0.0,0.0,0.0,0.0,0.0,0.0,0.0,0.0,0.0
2019-05-12 00:00:00+00:00,0.0,0.0,0.0,0.0,0.0,0.0,0.0,0.0,0.0,0.0
2019-05-13 00:00:00+00:00,0.0,1.70400635,0.0,0.0,0.0,0.0,0.0,0.0,0.0,0.0
2019-05-19 00:00:00+00:00,0.0,0.0,0.0,0.0,0.0,0.0,0.0,0.0,0.0,0.0
2019-05-26 00:00:00+00:00,0.0,0.0,0.0,0.0,0.0,0.0,0.0,0.0,0.0,0.0
2019-05-27 00:00:00+00:00,0.0,0.0,0.0,0.0,0.0,0.0,0.0,0.0,0.0,1.54803704
2019-06-02 00:00:00+00:00,0.0,0.0,0.0,0.0,0.0,0.0,0.0,0.0,0.0,0.0
2019-06-03 00:00:00+00:00,0.0,0.0,0.0,0.0,1.26652497,0.0,0.0,0.0,0.0,0.0
2019-06-09 00:00:00+00:00,0.0,0.0,0.0,0.0,0.0,0.0,0.0,0.0,0.0,0.0
2019-06-10 00:00:00+00:00,0.0,0.0,0.99173516,0.0,0.0,0.0,0.0,0.0,0.0,0.0
2019-06-16 00:00:00+00:00,0.0,0.0,0.0,0.0,0.0,0.0,0.0,0.0,0.0,0.0
2019-06-23 00:00:00+00:00,0.0,0.0,0.0,0.0,0.0,0.0,0.0,0.0,0.0,0.0
2019-06-24 00:00:00+00:00,0.0,0.0,0.48138863,0.0,0.0,0.0,0.0,0.0,0.0,0.0
2019-06-30 00:00:00+00:00,0.0,0.0,0.0,0.0,0.0,0.0,0.0,0.0,0.0,0.0
2019-07-07 00:00:00+00:00,0.0,0.0,0.0,0.0,0.0,0.0,0.0,0.0,0.0,0.0
2019-07-08 00:00:00+00:00,0.0,0.0,0.32450852,0.0,0.0,0.0,0.0,0.0,0.0,0.0
2019-07-14 00:00:00+00:00,0.0,0.0,0.0,0.0,0.0,0.0,0.0,0.0,0.0,0.0
2019-07-21 00:00:00+00:00,0.0,0.0,0.0,0.0,0.0,0.0,0.0,0.0,0.0,0.0
2019-07-22 00:00:00+00:00,0.0,0.0,0.7690914,0.0,0.0,0.0,0.0,0.0,0.0,0.0
2019-07-28 00:00:00+00:00,0.0,0.0,0.0,0.0,0.0,0.0,0.0,0.0,0.0,0.0
2019-07-29 00:00:00+00:00,0.0,0.0,0.9936114,0.0,0.0,0.0,0.0,0.0,0.0,0.0
2019-08-04 00:00:00+00:00,0.0,0.0,0.0,0.0,0.0,0.0,0.0,0.0,0.0,0.0
2019-08-05 00:00:00+00:00,0.0,0.0,0.0,0.0,0.0,0.0,0.0,0.16671094,0.0,0.0
2019-08-11 00:00:00+00:00,0.0,0.0,0.0,0.0,0.0,0.0,0.0,0.0,0.0,0.0
2019-08-18 00:00:00+00:00,0.0,0.0,0.0,0.0,0.0,0.0,0.0,0.0,0.0,0.0
2019-08-19 00:00:00+00:00,0.0,0.0,0.0,0.0,0.42031887,0.0,0.0,0.0,0.0,0.0
2019-08-25 00:00:00+00:00,0.0,0.0,0.0,0.0,0.0,0.0,0.0,0.0,0.0,0.0
2019-09-01 00:00:00+00:00,0.0,0.0,0.0,0.0,0.0,0.0,0.0,0.0,0.0,0.0
2019-09-02 00:00:00+00:00,0.0,0.0,0.0,0.99713135,0.0,0.0,0.0,0.0,0.0,0.0
2019-09-08 00:00:00+00:00,0.0,0.0,0.0,0.0,0.0,0.0,0.0,0.0,0.0,0.0
2019-09-09 00:00:00+00:00,0.0,0.0,0.0,0.39958194,0.0,0.0,0.0,0.0,0.0,0.0
2019-09-15 00:00:00+00:00,0.0,0.0,0.0,0.0,0.0,0.0,0.0,0.0,0.0,0.0
2019-09-16 00:00:00+00:00,0.4344555,0.0,0.0,0.0,0.0,0.0,0.0,0.0,0.0,0.0
2019-09-22 00:00:00+00:00,0.0,0.0,0.0,0.0,0.0,0.0,0.0,0.0,0.0,0.0
2019-09-23 00:00:00+00:00,0.0,0.98233813,0.0,0.0,0.0,0.0,0.0,0.0,0.0,0.0
2019-09-29 00:00:00+00:00,0.0,0.0,0.0,0.0,0.0,0.0,0.0,0.0,0.0,0.0
2019-10-06 00:00:00+00:00,0.0,0.0,0.0,0.0,0.0,0.0,0.0,0.0,0.0,0.0
2019-10-07 00:00:00+00:00,0.0,0.0,0.0,0.0,0.0,0.0,0.0,0.79248935,0.0,0.0
2019-10-13 00:00:00+00:00,0.0,0.0,0.0,0.0,0.0,0.0,0.0,0.0,0.0,0.0
2019-10-14 00:00:00+00:00,0.0,0.0,0.0,0.0,0.0,0.0,0.9969146,0.0,0.0,0.0
2019-10-20 00:00:00+00:00,0.0,0.0,0.0,0.0,0.0,0.0,0.0,0.0,0.0,0.0
2019-10-21 00:00:00+00:00,0.0,0.0,0.0,0.0,0.0,0.0,0.0,0.996957,0.0,0.0
2019-10-27 00:00:00+00:00,0.0,0.0,0.0,0.0,0.0,0.0,0.0,0.0,0.0,0.0
2019-11-03 00:00:00+00:00,0.0,0.0,0.0,0.0,0.0,0.0,0.0,0.0,0.0,0.0
2019-11-04 00:00:00+00:00,0.0,0.0,0.0,0.0,0.0,0.0,0.0,0.0,0.0,0.99705654
2019-11-10 00:00:00+00:00,0.0,0.0,0.0,0.0,0.0,0.0,0.0,0.0,0.0,0.0
2019-11-17 00:00:00+00:00,0.0,0.0,0.0,0.0,0.0,0.0,0.0,0.0,0.0,0.0
2019-11-24 00:00:00+00:00,0.0,0.0,0.0,0.0,0.0,0.0,0.0,0.0,0.0,0.0
2019-11-25 00:00:00+00:00,0.0,0.0,0.0,0.0,0.0,0.0,0.7468465,0.0,0.0,0.0
2019-12-01 00:00:00+00:00,0.0,0.0,0.0,0.0,0.0,0.0,0.0,0.0,0.0,0.0
2019-12-02 00:00:00+00:00,0.0,0.0,0.0,0.0,0.0,0.0,0.78977054,0.0,0.0,0.0
2019-12-08 00:00:00+00:00,0.0,0.0,0.0,0.0,0.0,0.0,0.0,0.0,0.0,0.0
2019-12-15 00:00:00+00:00,0.0,0.0,0.0,0.0,0.0,0.0,0.0,0.0,0.0,0.0
2019-12-16 00:00:00+00:00,0.0,0.0,0.0,0.0,0.9317581,0.0,0.0,0.0,0.0,0.0
2019-12-22 00:00:00+00:00,0.0,0.0,0.0,0.0,0.0,0.0,0.0,0.0,0.0,0.0
2019-12-29 00:00:00+00:00,0.0,0.0,0.0,0.0,0.0,0.0,0.0,0.0,0.0,0.0
2020-01-05 00:00:00+00:00,0.0,0.0,0.0,0.0,0.0,0.0,0.0,0.0,0.0,0.0
2020-01-12 00:00:00+00:00,0.0,0.0,0.0,0.0,0.0,0.0,0.0,0.0,0.0,0.0
2020-01-13 00:00:00+00:00,0.0,0.0,0.996985,0.0,0.0,0.0,0.0,0.0,0.0,0.0
2020-01-19 00:00:00+00:00,0.0,0.0,0.0,0.0,0.0,0.0,0.0,0.0,0.0,0.0
2020-01-20 00:00:00+00:00,0.0,0.0,0.0,0.0,0.0,0.0,0.0,0.9944396,0.0,0.0
2020-01-26 00:00:00+00:00,0.0,0.0,0.0,0.0,0.0,0.0,0.0,0.0,0.0,0.0
2020-01-27 00:00:00+00:00,0.0,0.0,0.9980631,0.0,0.0,0.0,0.0,0.0,0.0,0.0
2020-02-02 00:00:00+00:00,0.0,0.0,0.0,0.0,0.0,0.0,0.0,0.0,0.0,0.0
2020-02-03 00:00:00+00:00,0.39255553,0.0,0.0,0.0,0.0,0.0,0.0,0.0,0.0,0.0
2020-02-09 00:00:00+00:00,0.0,0.0,0.0,0.0,0.0,0.0,0.0,0.0,0.0,0.0
2020-02-10 00:00:00+00:00,0.0,0.0,0.0,0.0,0.0,0.0,0.9974547,0.0,0.0,0.0
2020-02-16 00:00:00+00:00,0.0,0.0,0.0,0.0,0.0,0.0,0.0,0.0,0.0,0.0
2020-02-17 00:00:00+00:00,0.0,0.0,0.6545749,0.0,0.0,0.0,0.0,0.0,0.0,0.0
2020-02-23 00:00:00+00:00,0.0,0.0,0.0,0.0,0.0,0.0,0.0,0.0,0.0,0.0
2020-02-24 00:00:00+00:00,0.0,0.0,0.9947324,0.0,0.0,0.0,0.0,0.0,0.0,0.0
2020-03-01 00:00:00+00:00,0.0,0.0,0.0,0.0,0.0,0.0,0.0,0.0,0.0,0.0
2020-03-08 00:00:00+00:00,0.0,0.0,0.0,0.0,0.0,0.0,0.0,0.0,0.0,0.0
2020-03-15 00:00:00+00:00,0.0,0.0,0.0,0.0,0.0,0.0,0.0,0.0,0.0,0.0
2020-03-16 00:00:00+00:00,0.0,0.0,0.5923929,0.0,0.0,0.0,0.0,0.0,0.0,0.0
2020-03-22 00:00:00+00:00,0.0,0.0,0.0,0.0,0.0,0.0,0.0,0.0,0.0,0.0
2020-03-29 00:00:00+00:00,0.0,0.0,0.0,0.0,0.0,0.0,0.0,0.0,0.0,0.0
2020-03-30 00:00:00+00:00,0.0,0.0,0.14613563,0.0,0.0,0.0,0.0,0.0,0.0,0.0
2020-04-05 00:00:00+00:00,0.0,0.0,0.0,0.0,0.0,0.0,0.0,0.0,0.0,0.0
2020-04-06 00:00:00+00:00,0.0,0.98630625,0.0,0.0,0.0,0.0,0.0,0.0,0.0,0.0
2020-04-12 00:00:00+00:00,0.0,0.0,0.0,0.0,0.0,0.0,0.0,0.0,0.0,0.0
2020-04-13 00:00:00+00:00,0.0,0.0,0.3139604,0.0,0.0,0.0,0.0,0.0,0.0,0.0
2020-04-19 00:00:00+00:00,0.0,0.0,0.0,0.0,0.0,0.0,0.0,0.0,0.0,0.0
2020-04-20 00:00:00+00:00,0.0,0.0,0.0,0.0,0.0,0.46065918,0.0,0.0,0.0,0.0
2020-04-26 00:00:00+00:00,0.0,0.0,0.0,0.0,0.0,0.0,0.0,0.0,0.0,0.0
2020-04-27 00:00:00+00:00,0.0,0.0,0.6724004,0.0,0.0,0.0,0.0,0.0,0.0,0.0
2020-05-03 00:00:00+00:00,0.0,0.0,0.0,0.0,0.0,0.0,0.0,0.0,0.0,0.0
2020-05-04 00:00:00+00:00,0.0,0.0,0.0,0.0,0.0,0.0,0.0,0.0,0.0,0.9861395
2020-05-10 00:00:00+00:00,0.0,0.0,0.0,0.0,0.0,0.0,0.0,0.0,0.0,0.0
2020-05-17 00:00:00+00:00,0.0,0.0,0.0,0.0,0.0,0.0,0.0,0.0,0.0,0.0
2020-05-24 00:00:00+00:00,0.0,0.0,0.0,0.0,0.0,0.0,0.0,0.0,0.0,0.0
2020-05-25 00:00:00+00:00,0.0,0.0,0.0,0.74107033,0.0,0.0,0.0,0.0,0.0,0.0
2020-05-31 00:00:00+00:00,0.0,0.0,0.0,0.0,0.0,0.0,0.0,0.0,0.0,0.0
2020-06-01 00:00:00+00:00,0.0,0.0,0.0,0.0,0.0,0.0,0.9984358,0.0,0.0,0.0
2020-06-07 00:00:00+00:00,0.0,0.0,0.0,0.0,0.0,0.0,0.0,0.0,0.0,0.0
2020-06-08 00:00:00+00:00,0.0,0.0,0.80237,0.0,0.0,0.0,0.0,0.0,0.0,0.0
2020-06-14 00:00:00+00:00,0.0,0.0,0.0,0.0,0.0,0.0,0.0,0.0,0.0,0.0
2020-06-15 00:00:00+00:00,0.0,0.0,0.9899899,0.0,0.0,0.0,0.0,0.0,0.0,0.0
2020-06-21 00:00:00+00:00,0.0,0.0,0.0,0.0,0.0,0.0,0.0,0.0,0.0,0.0
2020-06-22 00:00:00+00:00,0.0,0.0,0.99701667,0.0,0.0,0.0,0.0,0.0,0.0,0.0
2020-06-28 00:00:00+00:00,0.0,0.0,0.0,0.0,0.0,0.0,0.0,0.0,0.0,0.0
2020-06-29 00:00:00+00:00,0.0,0.0,0.0,0.0,0.8272319,0.0,0.0,0.0,0.0,0.0
2020-07-05 00:00:00+00:00,0.0,0.0,0.0,0.0,0.0,0.0,0.0,0.0,0.0,0.0
2020-07-12 00:00:00+00:00,0.0,0.0,0.0,0.0,0.0,0.0,0.0,0.0,0.0,0.0
2020-07-19 00:00:00+00:00,0.0,0.0,0.0,0.0,0.0,0.0,0.0,0.0,0.0,0.0
2020-07-26 00:00:00+00:00,0.0,0.0,0.0,0.0,0.0,0.0,0.0,0.0,0.0,0.0
2020-07-27 00:00:00+00:00,0.0,0.0,0.0,0.0,0.0,0.0,0.0,0.9973349,0.0,0.0
2020-08-02 00:00:00+00:00,0.0,0.0,0.0,0.0,0.0,0.0,0.0,0.0,0.0,0.0
2020-08-03 00:00:00+00:00,0.0,0.0,0.0,0.27792928,0.0,0.0,0.0,0.0,0.0,0.0
2020-08-09 00:00:00+00:00,0.0,0.0,0.0,0.0,0.0,0.0,0.0,0.0,0.0,0.0
2020-08-16 00:00:00+00:00,0.0,0.0,0.0,0.0,0.0,0.0,0.0,0.0,0.0,0.0
2020-08-17 00:00:00+00:00,0.0,0.0,0.0,0.0,0.0,0.0,0.4559164,0.0,0.0,0.0
2020-08-23 00:00:00+00:00,0.0,0.0,0.0,0.0,0.0,0.0,0.0,0.0,0.0,0.0
2020-08-30 00:00:00+00:00,0.0,0.0,0.0,0.0,0.0,0.0,0.0,0.0,0.0,0.0
2020-08-31 00:00:00+00:00,0.0,0.0,0.0,0.0,0.0,0.0,0.99586475,0.0,0.0,0.0
2020-09-06 00:00:00+00:00,0.0,0.0,0.0,0.0,0.0,0.0,0.0,0.0,0.0,0.0
2020-09-13 00:00:00+00:00,0.0,0.0,0.0,0.0,0.0,0.0,0.0,0.0,0.0,0.0
2020-09-14 00:00:00+00:00,0.0,0.0,1.07316122,0.0,0.0,0.0,0.0,0.0,0.0,0.0
2020-09-20 00:00:00+00:00,0.0,0.0,0.0,0.0,0.0,0.0,0.0,0.0,0.0,0.0
2020-09-27 00:00:00+00:00,0.0,0.0,0.0,0.0,0.0,0.0,0.0,0.0,0.0,0.0
2020-09-28 00:00:00+00:00,0.0,0.0,0.0,0.0,0.97268885,0.0,0.0,0.0,0.0,0.0
2020-10-04 00:00:00+00:00,0.0,0.0,0.0,0.0,0.0,0.0,0.0,0.0,0.0,0.0
2020-10-11 00:00:00+00:00,0.0,0.0,0.0,0.0,0.0,0.0,0.0,0.0,0.0,0.0
2020-10-12 00:00:00+00:00,0.0,0.8803827,0.0,0.0,0.0,0.0,0.0,0.0,0.0,0.0
2020-10-18 00:00:00+00:00,0.0,0.0,0.0,0.0,0.0,0.0,0.0,0.0,0.0,0.0
2020-10-25 00:00:00+00:00,0.0,0.0,0.0,0.0,0.0,0.0,0.0,0.0,0.0,0.0
2020-10-26 00:00:00+00:00,0.0,0.0,0.8290287,0.0,0.0,0.0,0.0,0.0,0.0,0.0
2020-11-01 00:00:00+00:00,0.0,0.0,0.0,0.0,0.0,0.0,0.0,0.0,0.0,0.0
2020-11-08 00:00:00+00:00,0.0,0.0,0.0,0.0,0.0,0.0,0.0,0.0,0.0,0.0
2020-11-09 00:00:00+00:00,0.45720387,0.0,0.0,0.0,0.0,0.0,0.0,0.0,0.0,0.0
2020-11-15 00:00:00+00:00,0.0,0.0,0.0,0.0,0.0,0.0,0.0,0.0,0.0,0.0
2020-11-16 00:00:00+00:00,0.99332935,0.0,0.0,0.0,0.0,0.0,0.0,0.0,0.0,0.0
2020-11-22 00:00:00+00:00,0.0,0.0,0.0,0.0,0.0,0.0,0.0,0.0,0.0,0.0
2020-11-29 00:00:00+00:00,0.0,0.0,0.0,0.0,0.0,0.0,0.0,0.0,0.0,0.0
2020-11-30 00:00:00+00:00,0.0,0.0,0.0,0.0,0.0,0.0,0.99718404,0.0,0.0,0.0
2020-12-06 00:00:00+00:00,0.0,0.0,0.0,0.0,0.0,0.0,0.0,0.0,0.0,0.0
2020-12-07 00:00:00+00:00,0.0,0.99267775,0.0,0.0,0.0,0.0,0.0,0.0,0.0,0.0
2020-12-13 00:00:00+00:00,0.0,0.0,0.0,0.0,0.0,0.0,0.0,0.0,0.0,0.0
2020-12-14 00:00:00+00:00,0.0,0.0,0.7375076,0.0,0.0,0.0,0.0,0.0,0.0,0.0
2020-12-20 00:00:00+00:00,0.0,0.0,0.0,0.0,0.0,0.0,0.0,0.0,0.0,0.0
2020-12-21 00:00:00+00:00,0.0,0.0,0.50433123,0.0,0.0,0.0,0.0,0.0,0.0,0.0
2020-12-27 00:00:00+00:00,0.0,0.0,0.0,0.0,0.0,0.0,0.0,0.0,0.0,0.0
2020-12-28 00:00:00+00:00,0.0,0.0,0.9915008,0.0,0.0,0.0,0.0,0.0,0.0,0.0
2021-01-03 00:00:00+00:00,0.0,0.0,0.0,0.0,0.0,0.0,0.0,0.0,0.0,0.0
2021-01-04 00:00:00+00:00,0.0,0.0,0.0,0.0,0.0,0.0,0.0,0.99116737,0.0,0.0
2021-01-10 00:00:00+00:00,0.0,0.0,0.0,0.0,0.0,0.0,0.0,0.0,0.0,0.0
2021-01-17 00:00:00+00:00,0.0,0.0,0.0,0.0,0.0,0.0,0.0,0.0,0.0,0.0
2021-01-18 00:00:00+00:00,0.0,0.0,0.0,0.0,0.0,0.0,0.0,0.0,0.0,0.98654866
2021-01-24 00:00:00+00:00,0.0,0.0,0.0,0.0,0.0,0.0,0.0,0.0,0.0,0.0
2021-01-31 00:00:00+00:00,0.0,0.0,0.0,0.0,0.0,0.0,0.0,0.0,0.0,0.0
2021-02-01 00:00:00+00:00,0.0,0.0,0.0,0.0,0.0,0.0,0.0,0.0,0.0,0.9967483
2021-02-07 00:00:00+00:00,0.0,0.0,0.0,0.0,0.0,0.0,0.0,0.0,0.0,0.0
2021-02-08 00:00:00+00:00,0.0,0.0,0.0,0.0,0.0,0.0,0.63240963,0.0,0.0,0.0
2021-02-14 00:00:00+00:00,0.0,0.0,0.0,0.0,0.0,0.0,0.0,0.0,0.0,0.0
2021-02-15 00:00:00+00:00,0.0,0.0,0.0,0.0,0.0,0.0,0.9906151,0.0,0.0,0.0
2021-02-21 00:00:00+00:00,0.0,0.0,0.0,0.0,0.0,0.0,0.0,0.0,0.0,0.0
2021-02-22 00:00:00+00:00,0.0,0.0,0.0,0.0,0.0,0.0,0.0,0.99554086,0.0,0.0
2021-02-28 00:00:00+00:00,0.0,0.0,0.0,0.0,0.0,0.0,0.0,0.0,0.0,0.0
2021-03-07 00:00:00+00:00,0.0,0.0,0.0,0.0,0.0,0.0,0.0,0.0,0.0,0.0
2021-03-14 00:00:00+00:00,0.0,0.0,0.0,0.0,0.0,0.0,0.0,0.0,0.0,0.0
2021-03-15 00:00:00+00:00,0.0,0.62946737,0.0,0.0,0.0,0.0,0.0,0.0,0.0,0.0
2021-03-21 00:00:00+00:00,0.0,0.0,0.0,0.0,0.0,0.0,0.0,0.0,0.0,0.0
2021-03-28 00:00:00+00:00,0.0,0.0,0.0,0.0,0.0,0.0,0.0,0.0,0.0,0.0
2021-03-29 00:00:00+00:00,0.0,0.0,0.95384306,0.0,0.0,0.0,0.0,0.0,0.0,0.0
2021-04-04 00:00:00+00:00,0.0,0.0,0.0,0.0,0.0,0.0,0.0,0.0,0.0,0.0
2021-04-05 00:00:00+00:00,0.0,0.0,0.0,0.0,0.0,0.0,0.0,0.0,0.0,0.97425807
2021-04-11 00:00:00+00:00,0.0,0.0,0.0,0.0,0.0,0.0,0.0,0.0,0.0,0.0
2021-04-18 00:00:00+00:00,0.0,0.0,0.0,0.0,0.0,0.0,0.0,0.0,0.0,0.0
2021-04-19 00:00:00+00:00,0.0,0.0,0.0,0.0,0.0,0.0,0.0,0.99223524,0.0,0.0
2021-04-25 00:00:00+00:00,0.0,0.0,0.0,0.0,0.0,0.0,0.0,0.0,0.0,0.0
2021-05-02 00:00:00+00:00,0.0,0.0,0.0,0.0,0.0,0.0,0.0,0.0,0.0,0.0
2021-05-03 00:00:00+00:00,0.0,0.0,1.04878602,0.0,0.0,0.0,0.0,0.0,0.0,0.0
2021-05-09 00:00:00+00:00,0.0,0.0,0.0,0.0,0.0,0.0,0.0,0.0,0.0,0.0
2021-05-10 00:00:00+00:00,0.0,0.0,0.99374294,0.0,0.0,0.0,0.0,0.0,0.0,0.0
2021-05-16 00:00:00+00:00,0.0,0.0,0.0,0.0,0.0,0.0,0.0,0.0,0.0,0.0
2021-05-23 00:00:00+00:00,0.0,0.0,0.0,0.0,0.0,0.0,0.0,0.0,0.0,0.0
2021-05-30 00:00:00+00:00,0.0,0.0,0.0,0.0,0.0,0.0,0.0,0.0,0.0,0.0
2021-05-31 00:00:00+00:00,0.0,0.0,0.0,0.0,0.0,0.0,0.0,0.0,0.0,0.9920964
2021-06-06 00:00:00+00:00,0.0,0.0,0.0,0.0,0.0,0.0,0.0,0.0,0.0,0.0
2021-06-13 00:00:00+00:00,0.0,0.0,0.0,0.0,0.0,0.0,0.0,0.0,0.0,0.0
2021-06-14 00:00:00+00:00,0.0,0.0,0.0,0.5305186,0.0,0.0,0.0,0.0,0.0,0.0
2021-06-20 00:00:00+00:00,0.0,0.0,0.0,0.0,0.0,0.0,0.0,0.0,0.0,0.0
2021-06-21 00:00:00+00:00,0.0,0.58633393,0.0,0.0,0.0,0.0,0.0,0.0,0.0,0.0
2021-06-27 00:00:00+00:00,0.0,0.0,0.0,0.0,0.0,0.0,0.0,0.0,0.0,0.0
2021-07-04 00:00:00+00:00,0.0,0.0,0.0,0.0,0.0,0.0,0.0,0.0,0.0,0.0
2021-07-11 00:00:00+00:00,0.0,0.0,0.0,0.0,0.0,0.0,0.0,0.0,0.0,0.0
2021-07-18 00:00:00+00:00,0.0,0.0,0.0,0.0,0.0,0.0,0.0,0.0,0.0,0.0
2021-07-19 00:00:00+00:00,0.0,0.0,0.35668054,0.0,0.0,0.0,0.0,0.0,0.0,0.0
2021-07-25 00:00:00+00:00,0.0,0.0,0.0,0.0,0.0,0.0,0.0,0.0,0.0,0.0
2021-07-26 00:00:00+00:00,0.0,1.0416238899999999,0.0,0.0,0.0,0.0,0.0,0.0,0.0,0.0
2021-08-01 00:00:00+00:00,0.0,0.0,0.0,0.0,0.0,0.0,0.0,0.0,0.0,0.0
2021-08-08 00:00:00+00:00,0.0,0.0,0.0,0.0,0.0,0.0,0.0,0.0,0.0,0.0
2021-08-15 00:00:00+00:00,0.0,0.0,0.0,0.0,0.0,0.0,0.0,0.0,0.0,0.0
2021-08-16 00:00:00+00:00,0.0,0.0,0.6501387,0.0,0.0,0.0,0.0,0.0,0.0,0.0
2021-08-22 00:00:00+00:00,0.0,0.0,0.0,0.0,0.0,0.0,0.0,0.0,0.0,0.0
2021-08-23 00:00:00+00:00,0.0,0.0,0.0,0.0,0.9971584,0.0,0.0,0.0,0.0,0.0
2021-08-29 00:00:00+00:00,0.0,0.0,0.0,0.0,0.0,0.0,0.0,0.0,0.0,0.0
2021-08-30 00:00:00+00:00,0.0,0.28614202,0.0,0.0,0.0,0.0,0.0,0.0,0.0,0.0
2021-09-05 00:00:00+00:00,0.0,0.0,0.0,0.0,0.0,0.0,0.0,0.0,0.0,0.0
2021-09-06 00:00:00+00:00,0.010003952,0.0,0.0,0.0,0.0,0.0,0.0,0.0,0.0,0.0
2021-09-12 00:00:00+00:00,0.0,0.0,0.0,0.0,0.0,0.0,0.0,0.0,0.0,0.0
2021-09-19 00:00:00+00:00,0.0,0.0,0.0,0.0,0.0,0.0,0.0,0.0,0.0,0.0
2021-09-26 00:00:00+00:00,0.0,0.0,0.0,0.0,0.0,0.0,0.0,0.0,0.0,0.0
2021-09-27 00:00:00+00:00,0.0,0.0,0.7080317,0.0,0.0,0.0,0.0,0.23471971,0.0,0.0
2021-10-03 00:00:00+00:00,0.0,0.0,0.0,0.0,0.0,0.0,0.0,0.0,0.0,0.0
2021-10-10 00:00:00+00:00,0.0,0.0,0.0,0.0,0.0,0.0,0.0,0.0,0.0,0.0
2021-10-17 00:00:00+00:00,0.0,0.0,0.0,0.0,0.0,0.0,0.0,0.0,0.0,0.0
2021-10-18 00:00:00+00:00,0.0,0.0,0.5102704,0.0,0.0,0.0,0.0,0.0,0.0,0.0
