,0,1,2,3,4
2006-12-04 00:00:00+00:00,0.03539191,0.0,0.0,0.0,0.0
2006-12-10 00:00:00+00:00,0.0,0.0,0.0,0.0,0.0
2006-12-11 00:00:00+00:00,0.034032498,0.0,0.0,0.0,0.0
2006-12-17 00:00:00+00:00,0.0,0.0,0.0,0.0,0.0
2006-12-24 00:00:00+00:00,0.0,0.0,0.0,0.0,0.0
2006-12-25 00:00:00+00:00,0.085479955,0.0,0.0,0.0,0.0
2006-12-31 00:00:00+00:00,0.0,0.0,0.0,0.0,0.0
2007-01-07 00:00:00+00:00,0.0,0.0,0.0,0.0,0.0
2007-01-14 00:00:00+00:00,0.0,0.0,0.0,0.0,0.0
2007-01-15 00:00:00+00:00,0.03392896,0.0,0.0,0.0,0.0
2007-01-21 00:00:00+00:00,0.0,0.0,0.0,0.0,0.0
2007-01-28 00:00:00+00:00,0.0,0.0,0.0,0.0,0.0
2007-02-04 00:00:00+00:00,0.0,0.0,0.0,0.0,0.0
2007-02-11 00:00:00+00:00,0.0,0.0,0.0,0.0,0.0
2007-02-12 00:00:00+00:00,0.033997525,0.0,0.0,0.0,0.0
2007-02-18 00:00:00+00:00,0.0,0.0,0.0,0.0,0.0
2007-02-25 00:00:00+00:00,0.0,0.0,0.0,0.0,0.0
2007-02-26 00:00:00+00:00,0.040013153,0.0,0.0,0.0,0.0
2007-03-04 00:00:00+00:00,0.0,0.0,0.0,0.0,0.0
2007-03-05 00:00:00+00:00,0.8989098,0.0,0.0,0.0,0.0
2007-03-11 00:00:00+00:00,0.0,0.0,0.0,0.0,0.0
2007-03-12 00:00:00+00:00,0.057627862,0.0,0.0,0.0,0.0
2007-03-18 00:00:00+00:00,0.0,0.0,0.0,0.0,0.0
2007-03-25 00:00:00+00:00,0.0,0.0,0.0,0.0,0.0
2007-04-01 00:00:00+00:00,0.0,0.0,0.0,0.0,0.0
2007-04-08 00:00:00+00:00,0.0,0.0,0.0,0.0,0.0
2007-04-15 00:00:00+00:00,0.0,0.0,0.0,0.0,0.0
2007-04-16 00:00:00+00:00,0.134139188,0.0,0.0,0.0,0.0
2007-04-22 00:00:00+00:00,0.0,0.0,0.0,0.0,0.0
2007-04-29 00:00:00+00:00,0.0,0.0,0.0,0.0,0.0
2007-04-30 00:00:00+00:00,0.051543825,0.0,0.0,0.0,0.0
2007-05-06 00:00:00+00:00,0.0,0.0,0.0,0.0,0.0
2007-05-07 00:00:00+00:00,0.03354035,0.0,0.0,0.0,0.0
2007-05-13 00:00:00+00:00,0.0,0.0,0.0,0.0,0.0
2007-05-14 00:00:00+00:00,0.06703801,0.0,0.0,0.0,0.0
2007-05-20 00:00:00+00:00,0.0,0.0,0.0,0.0,0.0
2007-05-27 00:00:00+00:00,0.0,0.0,0.0,0.0,0.0
2007-06-03 00:00:00+00:00,0.0,0.0,0.0,0.0,0.0
2007-06-10 00:00:00+00:00,0.0,0.0,0.0,0.0,0.0
2007-06-17 00:00:00+00:00,0.0,0.0,0.0,0.0,0.0
2007-06-24 00:00:00+00:00,0.0,0.0,0.0,0.0,0.0
2007-07-01 00:00:00+00:00,0.0,0.0,0.0,0.0,0.0
2007-07-02 00:00:00+00:00,0.040776003,0.0,0.0,0.0,0.0
2007-07-08 00:00:00+00:00,0.0,0.0,0.0,0.0,0.0
2007-07-15 00:00:00+00:00,0.0,0.0,0.0,0.0,0.0
2007-07-16 00:00:00+00:00,0.06890438,0.0,0.0,0.0,0.0
2007-07-22 00:00:00+00:00,0.0,0.0,0.0,0.0,0.0
2007-07-23 00:00:00+00:00,0.071384631,0.0,0.0,0.0,0.0
2007-07-29 00:00:00+00:00,0.0,0.0,0.0,0.0,0.0
2007-08-05 00:00:00+00:00,0.0,0.0,0.0,0.0,0.0
2007-08-12 00:00:00+00:00,0.0,0.0,0.0,0.0,0.0
2007-08-13 00:00:00+00:00,0.06669044,0.0,0.0,0.0,0.0
2007-08-19 00:00:00+00:00,0.0,0.0,0.0,0.0,0.0
2007-08-26 00:00:00+00:00,0.0,0.0,0.0,0.0,0.0
2007-09-02 00:00:00+00:00,0.0,0.0,0.0,0.0,0.0
2007-09-03 00:00:00+00:00,0.028796239,0.0,0.0,0.0,0.0
2007-09-09 00:00:00+00:00,0.0,0.0,0.0,0.0,0.0
2007-09-10 00:00:00+00:00,0.029052207,0.0,0.0,0.0,0.0
2007-09-16 00:00:00+00:00,0.0,0.0,0.0,0.0,0.0
2007-09-23 00:00:00+00:00,0.0,0.0,0.0,0.0,0.0
2007-09-30 00:00:00+00:00,0.0,0.0,0.0,0.0,0.0
2007-10-01 00:00:00+00:00,0.899183,0.0,0.0,0.0,0.0
2007-10-07 00:00:00+00:00,0.0,0.0,0.0,0.0,0.0
2007-10-14 00:00:00+00:00,0.0,0.0,0.0,0.0,0.0
2007-10-21 00:00:00+00:00,0.0,0.0,0.0,0.0,0.0
2007-10-28 00:00:00+00:00,0.0,0.0,0.0,0.0,0.0
2007-10-29 00:00:00+00:00,0.056429310999999996,0.0,0.0,0.0,0.0
2007-11-04 00:00:00+00:00,0.0,0.0,0.0,0.0,0.0
2007-11-05 00:00:00+00:00,0.033535816,0.0,0.0,0.0,0.0
2007-11-11 00:00:00+00:00,0.0,0.0,0.0,0.0,0.0
2007-11-12 00:00:00+00:00,0.08385841599999999,0.0,0.0,0.0,0.0
2007-11-18 00:00:00+00:00,0.0,0.0,0.0,0.0,0.0
2007-11-19 00:00:00+00:00,0.083810736,0.0,0.0,0.0,0.0
2007-11-25 00:00:00+00:00,0.0,0.0,0.0,0.0,0.0
2007-12-02 00:00:00+00:00,0.0,0.0,0.0,0.0,0.0
2007-12-09 00:00:00+00:00,0.0,0.0,0.0,0.0,0.0
2007-12-16 00:00:00+00:00,0.0,0.0,0.0,0.0,0.0
2007-12-17 00:00:00+00:00,0.025242478,0.0,0.0,0.0,0.0
2007-12-23 00:00:00+00:00,0.0,0.0,0.0,0.0,0.0
2007-12-30 00:00:00+00:00,0.0,0.0,0.0,0.0,0.0
2007-12-31 00:00:00+00:00,0.02237734,0.0,0.0,0.0,0.0
2008-01-06 00:00:00+00:00,0.0,0.0,0.0,0.0,0.0
2008-01-07 00:00:00+00:00,0.040015355,0.0,0.0,0.0,0.0
2008-01-13 00:00:00+00:00,0.0,0.0,0.0,0.0,0.0
2008-01-20 00:00:00+00:00,0.0,0.0,0.0,0.0,0.0
2008-01-21 00:00:00+00:00,0.02547033,0.0,0.0,0.0,0.0
2008-01-27 00:00:00+00:00,0.0,0.0,0.0,0.0,0.0
2008-02-03 00:00:00+00:00,0.0,0.0,0.0,0.0,0.0
2008-02-10 00:00:00+00:00,0.0,0.0,0.0,0.0,0.0
2008-02-17 00:00:00+00:00,0.0,0.0,0.0,0.0,0.0
2008-02-24 00:00:00+00:00,0.0,0.0,0.0,0.0,0.0
2008-03-02 00:00:00+00:00,0.0,0.0,0.0,0.0,0.0
2008-03-03 00:00:00+00:00,0.10729999000000001,0.0,0.0,0.0,0.0
2008-03-09 00:00:00+00:00,0.0,0.0,0.0,0.0,0.0
2008-03-10 00:00:00+00:00,0.8649614,0.0,0.0,0.0,0.0
2008-03-16 00:00:00+00:00,0.0,0.0,0.0,0.0,0.0
2008-03-17 00:00:00+00:00,0.04043823,0.0,0.0,0.0,0.0
2008-03-23 00:00:00+00:00,0.0,0.0,0.0,0.0,0.0
2008-03-30 00:00:00+00:00,0.0,0.0,0.0,0.0,0.0
2008-04-06 00:00:00+00:00,0.0,0.0,0.0,0.0,0.0
2008-04-13 00:00:00+00:00,0.0,0.0,0.0,0.0,0.0
2008-04-20 00:00:00+00:00,0.0,0.0,0.0,0.0,0.0
2008-04-27 00:00:00+00:00,0.0,0.0,0.0,0.0,0.0
2008-05-04 00:00:00+00:00,0.0,0.0,0.0,0.0,0.0
2008-05-05 00:00:00+00:00,0.03340522,0.0,0.0,0.0,0.0
2008-05-11 00:00:00+00:00,0.0,0.0,0.0,0.0,0.0
2008-05-12 00:00:00+00:00,0.029205479,0.0,0.0,0.0,0.0
2008-05-18 00:00:00+00:00,0.0,0.0,0.0,0.0,0.0
2008-05-25 00:00:00+00:00,0.0,0.0,0.0,0.0,0.0
2008-05-26 00:00:00+00:00,0.028997391,0.0,0.0,0.0,0.0
2008-06-01 00:00:00+00:00,0.0,0.0,0.0,0.0,0.0
2008-06-02 00:00:00+00:00,0.022546757,0.0,0.0,0.0,0.0
2008-06-08 00:00:00+00:00,0.0,0.0,0.0,0.0,0.0
2008-06-09 00:00:00+00:00,0.8925553740000001,0.0,0.0,0.0,0.0
2008-06-15 00:00:00+00:00,0.0,0.0,0.0,0.0,0.0
2008-06-22 00:00:00+00:00,0.0,0.0,0.0,0.0,0.0
2008-06-23 00:00:00+00:00,0.033746663,0.0,0.0,0.0,0.0
2008-06-29 00:00:00+00:00,0.0,0.0,0.0,0.0,0.0
2008-06-30 00:00:00+00:00,0.04000943,0.0,0.0,0.0,0.0
2008-07-06 00:00:00+00:00,0.0,0.0,0.0,0.0,0.0
2008-07-13 00:00:00+00:00,0.0,0.0,0.0,0.0,0.0
2008-07-14 00:00:00+00:00,0.839367,0.0,0.0,0.0,0.0
2008-07-20 00:00:00+00:00,0.0,0.0,0.0,0.0,0.0
2008-07-27 00:00:00+00:00,0.0,0.0,0.0,0.0,0.0
2008-08-03 00:00:00+00:00,0.0,0.0,0.0,0.0,0.0
2008-08-04 00:00:00+00:00,0.040013157,0.0,0.0,0.0,0.0
2008-08-10 00:00:00+00:00,0.0,0.0,0.0,0.0,0.0
2008-08-17 00:00:00+00:00,0.0,0.0,0.0,0.0,0.0
2008-08-24 00:00:00+00:00,0.0,0.0,0.0,0.0,0.0
2008-08-25 00:00:00+00:00,0.02862619,0.0,0.0,0.0,0.0
2008-08-31 00:00:00+00:00,0.0,0.0,0.0,0.0,0.0
2008-09-07 00:00:00+00:00,0.0,0.0,0.0,0.0,0.0
2008-09-08 00:00:00+00:00,0.028849484,0.0,0.0,0.0,0.0
2008-09-14 00:00:00+00:00,0.0,0.0,0.0,0.0,0.0
2008-09-21 00:00:00+00:00,0.0,0.0,0.0,0.0,0.0
2008-09-28 00:00:00+00:00,0.0,0.0,0.0,0.0,0.0
2008-10-05 00:00:00+00:00,0.0,0.0,0.0,0.0,0.0
2008-10-12 00:00:00+00:00,0.0,0.0,0.0,0.0,0.0
2008-10-13 00:00:00+00:00,0.8678573500000001,0.0,0.0,0.0,0.0
2008-10-19 00:00:00+00:00,0.0,0.0,0.0,0.0,0.0
2008-10-20 00:00:00+00:00,1.7834023399999999,0.0,0.0,0.0,0.0
2008-10-26 00:00:00+00:00,0.0,0.0,0.0,0.0,0.0
2008-11-02 00:00:00+00:00,0.0,0.0,0.0,0.0,0.0
2008-11-09 00:00:00+00:00,0.0,0.0,0.0,0.0,0.0
2008-11-16 00:00:00+00:00,0.0,0.0,0.0,0.0,0.0
2008-11-23 00:00:00+00:00,0.0,0.0,0.0,0.0,0.0
2008-11-30 00:00:00+00:00,0.0,0.0,0.0,0.0,0.0
2008-12-01 00:00:00+00:00,0.073610545,0.0,0.0,0.0,0.0
2008-12-07 00:00:00+00:00,0.0,0.0,0.0,0.0,0.0
2008-12-14 00:00:00+00:00,0.0,0.0,0.0,0.0,0.0
2008-12-15 00:00:00+00:00,0.033763193,0.0,0.0,0.0,0.0
2008-12-21 00:00:00+00:00,0.0,0.0,0.0,0.0,0.0
2008-12-28 00:00:00+00:00,0.0,0.0,0.0,0.0,0.0
2008-12-29 00:00:00+00:00,0.033728193,0.0,0.0,0.0,0.0
2009-01-04 00:00:00+00:00,0.0,0.0,0.0,0.0,0.0
2009-01-11 00:00:00+00:00,0.0,0.0,0.0,0.0,0.0
2009-01-12 00:00:00+00:00,0.040013243,0.0,0.0,0.0,0.0
2009-01-18 00:00:00+00:00,0.0,0.0,0.0,0.0,0.0
2009-01-25 00:00:00+00:00,0.0,0.0,0.0,0.0,0.0
2009-02-01 00:00:00+00:00,0.0,0.0,0.0,0.0,0.0
2009-02-08 00:00:00+00:00,0.0,0.0,0.0,0.0,0.0
2009-02-09 00:00:00+00:00,0.02500784,0.0,0.0,0.0,0.0
2009-02-15 00:00:00+00:00,0.0,0.0,0.0,0.0,0.0
2009-02-16 00:00:00+00:00,0.050009888,0.0,0.0,0.0,0.0
2009-02-22 00:00:00+00:00,0.0,0.0,0.0,0.0,0.0
2009-03-01 00:00:00+00:00,0.0,0.0,0.0,0.0,0.0
2009-03-08 00:00:00+00:00,0.0,0.0,0.0,0.0,0.0
2009-03-09 00:00:00+00:00,0.09046997,0.0,0.0,0.0,0.0
2009-03-15 00:00:00+00:00,0.0,0.0,0.0,0.0,0.0
2009-03-22 00:00:00+00:00,0.0,0.0,0.0,0.0,0.0
2009-03-29 00:00:00+00:00,0.0,0.0,0.0,0.0,0.0
2009-03-30 00:00:00+00:00,0.04045919,0.0,0.0,0.0,0.0
2009-04-05 00:00:00+00:00,0.0,0.0,0.0,0.0,0.0
2009-04-12 00:00:00+00:00,0.0,0.0,0.0,0.0,0.0
2009-04-19 00:00:00+00:00,0.0,0.0,0.0,0.0,0.0
2009-04-20 00:00:00+00:00,0.360932798,0.0,0.0,0.0,0.0
2009-04-26 00:00:00+00:00,0.0,0.0,0.0,0.0,0.0
2009-05-03 00:00:00+00:00,0.0,0.0,0.0,0.0,0.0
2009-05-10 00:00:00+00:00,0.0,0.0,0.0,0.0,0.0
2009-05-17 00:00:00+00:00,0.0,0.0,0.0,0.0,0.0
2009-05-24 00:00:00+00:00,0.0,0.0,0.0,0.0,0.0
2009-05-25 00:00:00+00:00,0.033513483,0.0,0.0,0.0,0.0
2009-05-31 00:00:00+00:00,0.0,0.0,0.0,0.0,0.0
2009-06-07 00:00:00+00:00,0.0,0.0,0.0,0.0,0.0
2009-06-14 00:00:00+00:00,0.0,0.0,0.0,0.0,0.0
2009-06-21 00:00:00+00:00,0.0,0.0,0.0,0.0,0.0
2009-06-28 00:00:00+00:00,0.0,0.0,0.0,0.0,0.0
2009-07-05 00:00:00+00:00,0.0,0.0,0.0,0.0,0.0
2009-07-06 00:00:00+00:00,0.0252631,0.0,0.0,0.0,0.0
2009-07-12 00:00:00+00:00,0.0,0.0,0.0,0.0,0.0
2009-07-13 00:00:00+00:00,0.025310604,0.0,0.0,0.0,0.0
2009-07-19 00:00:00+00:00,0.0,0.0,0.0,0.0,0.0
2009-07-26 00:00:00+00:00,0.0,0.0,0.0,0.0,0.0
2009-07-27 00:00:00+00:00,0.025311822,0.0,0.0,0.0,0.0
2009-08-02 00:00:00+00:00,0.0,0.0,0.0,0.0,0.0
2009-08-03 00:00:00+00:00,0.8650916,0.0,0.0,0.0,0.0
2009-08-09 00:00:00+00:00,0.0,0.0,0.0,0.0,0.0
2009-08-16 00:00:00+00:00,0.0,0.0,0.0,0.0,0.0
2009-08-17 00:00:00+00:00,0.058615743,0.0,0.0,0.0,0.0
2009-08-23 00:00:00+00:00,0.0,0.0,0.0,0.0,0.0
2009-08-30 00:00:00+00:00,0.0,0.0,0.0,0.0,0.0
2009-09-06 00:00:00+00:00,0.0,0.0,0.0,0.0,0.0
2009-09-13 00:00:00+00:00,0.0,0.0,0.0,0.0,0.0
2009-09-14 00:00:00+00:00,0.03427229,0.0,0.0,0.0,0.0
2009-09-20 00:00:00+00:00,0.0,0.0,0.0,0.0,0.0
2009-09-21 00:00:00+00:00,0.06668295,0.0,0.0,0.0,0.0
2009-09-27 00:00:00+00:00,0.0,0.0,0.0,0.0,0.0
2009-10-04 00:00:00+00:00,0.0,0.0,0.0,0.0,0.0
2009-10-11 00:00:00+00:00,0.0,0.0,0.0,0.0,0.0
2009-10-18 00:00:00+00:00,0.0,0.0,0.0,0.0,0.0
2009-10-19 00:00:00+00:00,0.8986689,0.0,0.0,0.0,0.0
2009-10-25 00:00:00+00:00,0.0,0.0,0.0,0.0,0.0
2009-10-26 00:00:00+00:00,0.9105916,0.0,0.0,0.0,0.0
2009-11-01 00:00:00+00:00,0.0,0.0,0.0,0.0,0.0
2009-11-08 00:00:00+00:00,0.0,0.0,0.0,0.0,0.0
2009-11-15 00:00:00+00:00,0.0,0.0,0.0,0.0,0.0
2009-11-22 00:00:00+00:00,0.0,0.0,0.0,0.0,0.0
2009-11-23 00:00:00+00:00,0.025320604,0.0,0.0,0.0,0.0
2009-11-29 00:00:00+00:00,0.0,0.0,0.0,0.0,0.0
2009-12-06 00:00:00+00:00,0.0,0.0,0.0,0.0,0.0
2009-12-13 00:00:00+00:00,0.0,0.0,0.0,0.0,0.0
2009-12-20 00:00:00+00:00,0.0,0.0,0.0,0.0,0.0
2009-12-27 00:00:00+00:00,0.0,0.0,0.0,0.0,0.0
2010-01-03 00:00:00+00:00,0.0,0.0,0.0,0.0,0.0
2010-01-04 00:00:00+00:00,0.033564165,0.0,0.0,0.0,0.0
2010-01-10 00:00:00+00:00,0.0,0.0,0.0,0.0,0.0
2010-01-17 00:00:00+00:00,0.0,0.0,0.0,0.0,0.0
2010-01-24 00:00:00+00:00,0.0,0.0,0.0,0.0,0.0
2010-01-25 00:00:00+00:00,0.79889188,0.0,0.0,0.0,0.0
2010-01-31 00:00:00+00:00,0.0,0.0,0.0,0.0,0.0
2010-02-01 00:00:00+00:00,0.033874366,0.0,0.0,0.0,0.0
2010-02-07 00:00:00+00:00,0.0,0.0,0.0,0.0,0.0
2010-02-14 00:00:00+00:00,0.0,0.0,0.0,0.0,0.0
2010-02-21 00:00:00+00:00,0.0,0.0,0.0,0.0,0.0
2010-02-22 00:00:00+00:00,0.040056348,0.0,0.0,0.0,0.0
2010-02-28 00:00:00+00:00,0.0,0.0,0.0,0.0,0.0
2010-03-01 00:00:00+00:00,0.113647903,0.0,0.0,0.0,0.0
2010-03-07 00:00:00+00:00,0.0,0.0,0.0,0.0,0.0
2010-03-14 00:00:00+00:00,0.0,0.0,0.0,0.0,0.0
2010-03-15 00:00:00+00:00,0.86486804,0.0,0.0,0.0,0.0
2010-03-21 00:00:00+00:00,0.0,0.0,0.0,0.0,0.0
2010-03-28 00:00:00+00:00,0.0,0.0,0.0,0.0,0.0
2010-04-04 00:00:00+00:00,0.0,0.0,0.0,0.0,0.0
2010-04-05 00:00:00+00:00,0.03370736,0.0,0.0,0.0,0.0
2010-04-11 00:00:00+00:00,0.0,0.0,0.0,0.0,0.0
2010-04-18 00:00:00+00:00,0.0,0.0,0.0,0.0,0.0
2010-04-25 00:00:00+00:00,0.0,0.0,0.0,0.0,0.0
2010-05-02 00:00:00+00:00,0.0,0.0,0.0,0.0,0.0
2010-05-03 00:00:00+00:00,0.8664298,0.0,0.0,0.0,0.0
2010-05-09 00:00:00+00:00,0.0,0.0,0.0,0.0,0.0
2010-05-16 00:00:00+00:00,0.0,0.0,0.0,0.0,0.0
2010-05-17 00:00:00+00:00,0.028783564,0.0,0.0,0.0,0.0
2010-05-23 00:00:00+00:00,0.0,0.0,0.0,0.0,0.0
2010-05-30 00:00:00+00:00,0.0,0.0,0.0,0.0,0.0
2010-06-06 00:00:00+00:00,0.0,0.0,0.0,0.0,0.0
2010-06-13 00:00:00+00:00,0.0,0.0,0.0,0.0,0.0
2010-06-20 00:00:00+00:00,0.0,0.0,0.0,0.0,0.0
2010-06-27 00:00:00+00:00,0.0,0.0,0.0,0.0,0.0
2010-06-28 00:00:00+00:00,0.040011283,0.0,0.0,0.0,0.0
2010-07-04 00:00:00+00:00,0.0,0.0,0.0,0.0,0.0
2010-07-05 00:00:00+00:00,0.734656266,0.0,0.0,0.0,0.0
2010-07-11 00:00:00+00:00,0.0,0.0,0.0,0.0,0.0
2010-07-12 00:00:00+00:00,0.03338382,0.0,0.0,0.0,0.0
2010-07-18 00:00:00+00:00,0.0,0.0,0.0,0.0,0.0
2010-07-19 00:00:00+00:00,0.040244773,0.0,0.0,0.0,0.0
2010-07-25 00:00:00+00:00,0.0,0.0,0.0,0.0,0.0
2010-07-26 00:00:00+00:00,0.3288719,0.0,0.0,0.0,0.0
2010-08-01 00:00:00+00:00,0.0,0.0,0.0,0.0,0.0
2010-08-02 00:00:00+00:00,0.8649025,0.0,0.0,0.0,0.0
2010-08-08 00:00:00+00:00,0.0,0.0,0.0,0.0,0.0
2010-08-15 00:00:00+00:00,0.0,0.0,0.0,0.0,0.0
2010-08-16 00:00:00+00:00,0.8995236,0.0,0.0,0.0,0.0
2010-08-22 00:00:00+00:00,0.0,0.0,0.0,0.0,0.0
2010-08-23 00:00:00+00:00,0.8635924,0.0,0.0,0.0,0.0
2010-08-29 00:00:00+00:00,0.0,0.0,0.0,0.0,0.0
2010-09-05 00:00:00+00:00,0.0,0.0,0.0,0.0,0.0
2010-09-06 00:00:00+00:00,0.028833004,0.0,0.0,0.0,0.0
2010-09-12 00:00:00+00:00,0.0,0.0,0.0,0.0,0.0
2010-09-19 00:00:00+00:00,0.0,0.0,0.0,0.0,0.0
2010-09-26 00:00:00+00:00,0.0,0.0,0.0,0.0,0.0
2010-09-27 00:00:00+00:00,0.8837615,0.0,0.0,0.0,0.0
2010-10-03 00:00:00+00:00,0.0,0.0,0.0,0.0,0.0
2010-10-04 00:00:00+00:00,0.04030343,0.0,0.0,0.0,0.0
2010-10-10 00:00:00+00:00,0.0,0.0,0.0,0.0,0.0
2010-10-17 00:00:00+00:00,0.0,0.0,0.0,0.0,0.0
2010-10-24 00:00:00+00:00,0.0,0.0,0.0,0.0,0.0
2010-10-31 00:00:00+00:00,0.0,0.0,0.0,0.0,0.0
2010-11-07 00:00:00+00:00,0.0,0.0,0.0,0.0,0.0
2010-11-08 00:00:00+00:00,1.8370039919999999,0.0,0.0,0.0,0.0
2010-11-14 00:00:00+00:00,0.0,0.0,0.0,0.0,0.0
2010-11-21 00:00:00+00:00,0.0,0.0,0.0,0.0,0.0
2010-11-28 00:00:00+00:00,0.0,0.0,0.0,0.0,0.0
2010-11-29 00:00:00+00:00,0.022228934,0.0,0.0,0.0,0.0
2010-12-05 00:00:00+00:00,0.0,0.0,0.0,0.0,0.0
2010-12-12 00:00:00+00:00,0.0,0.0,0.0,0.0,0.0
2010-12-19 00:00:00+00:00,0.0,0.0,0.0,0.0,0.0
2010-12-26 00:00:00+00:00,0.0,0.0,0.0,0.0,0.0
2011-01-02 00:00:00+00:00,0.0,0.0,0.0,0.0,0.0
2011-01-09 00:00:00+00:00,0.0,0.0,0.0,0.0,0.0
2011-01-10 00:00:00+00:00,0.040015113,0.0,0.0,0.0,0.0
2011-01-16 00:00:00+00:00,0.0,0.0,0.0,0.0,0.0
2011-01-23 00:00:00+00:00,0.0,0.0,0.0,0.0,0.0
2011-01-24 00:00:00+00:00,0.094712681,0.0,0.0,0.0,0.0
2011-01-30 00:00:00+00:00,0.0,0.0,0.0,0.0,0.0
2011-02-06 00:00:00+00:00,0.0,0.0,0.0,0.0,0.0
2011-02-07 00:00:00+00:00,0.04042708,0.0,0.0,0.0,0.0
2011-02-13 00:00:00+00:00,0.0,0.0,0.0,0.0,0.0
2011-02-14 00:00:00+00:00,0.059198697999999994,0.0,0.0,0.0,0.0
2011-02-20 00:00:00+00:00,0.0,0.0,0.0,0.0,0.0
2011-02-27 00:00:00+00:00,0.0,0.0,0.0,0.0,0.0
2011-02-28 00:00:00+00:00,0.025235731,0.0,0.0,0.0,0.0
2011-03-06 00:00:00+00:00,0.0,0.0,0.0,0.0,0.0
2011-03-13 00:00:00+00:00,0.0,0.0,0.0,0.0,0.0
2011-03-20 00:00:00+00:00,0.0,0.0,0.0,0.0,0.0
2011-03-27 00:00:00+00:00,0.0,0.0,0.0,0.0,0.0
2011-03-28 00:00:00+00:00,0.08003507400000001,0.0,0.0,0.0,0.0
2011-04-03 00:00:00+00:00,0.0,0.0,0.0,0.0,0.0
2011-04-10 00:00:00+00:00,0.0,0.0,0.0,0.0,0.0
2011-04-11 00:00:00+00:00,0.040449984,0.0,0.0,0.0,0.0
2011-04-17 00:00:00+00:00,0.0,0.0,0.0,0.0,0.0
2011-04-24 00:00:00+00:00,0.0,0.0,0.0,0.0,0.0
2011-05-01 00:00:00+00:00,0.0,0.0,0.0,0.0,0.0
2011-05-02 00:00:00+00:00,0.022423748,0.0,0.0,0.0,0.0
2011-05-08 00:00:00+00:00,0.0,0.0,0.0,0.0,0.0
2011-05-15 00:00:00+00:00,0.0,0.0,0.0,0.0,0.0
2011-05-16 00:00:00+00:00,0.028895924,0.0,0.0,0.0,0.0
2011-05-22 00:00:00+00:00,0.0,0.0,0.0,0.0,0.0
2011-05-29 00:00:00+00:00,0.0,0.0,0.0,0.0,0.0
2011-06-05 00:00:00+00:00,0.0,0.0,0.0,0.0,0.0
2011-06-06 00:00:00+00:00,0.079398235,0.0,0.0,0.0,0.0
2011-06-12 00:00:00+00:00,0.0,0.0,0.0,0.0,0.0
2011-06-13 00:00:00+00:00,0.07392058500000001,0.0,0.0,0.0,0.0
2011-06-19 00:00:00+00:00,0.0,0.0,0.0,0.0,0.0
2011-06-26 00:00:00+00:00,0.0,0.0,0.0,0.0,0.0
2011-06-27 00:00:00+00:00,1.3751347360000001,0.0,0.0,0.0,0.0
2011-07-03 00:00:00+00:00,0.0,0.0,0.0,0.0,0.0
2011-07-04 00:00:00+00:00,0.03357463,0.0,0.0,0.0,0.0
2011-07-10 00:00:00+00:00,0.0,0.0,0.0,0.0,0.0
2011-07-17 00:00:00+00:00,0.0,0.0,0.0,0.0,0.0
2011-07-18 00:00:00+00:00,0.062458137,0.0,0.0,0.0,0.0
2011-07-24 00:00:00+00:00,0.0,0.0,0.0,0.0,0.0
2011-07-31 00:00:00+00:00,0.0,0.0,0.0,0.0,0.0
2011-08-01 00:00:00+00:00,0.028832398,0.0,0.0,0.0,0.0
2011-08-07 00:00:00+00:00,0.0,0.0,0.0,0.0,0.0
2011-08-14 00:00:00+00:00,0.0,0.0,0.0,0.0,0.0
2011-08-15 00:00:00+00:00,0.09043777,0.0,0.0,0.0,0.0
2011-08-21 00:00:00+00:00,0.0,0.0,0.0,0.0,0.0
2011-08-22 00:00:00+00:00,0.062250979,0.0,0.0,0.0,0.0
2011-08-28 00:00:00+00:00,0.0,0.0,0.0,0.0,0.0
2011-09-04 00:00:00+00:00,0.0,0.0,0.0,0.0,0.0
2011-09-05 00:00:00+00:00,0.022895258,0.0,0.0,0.0,0.0
2011-09-11 00:00:00+00:00,0.0,0.0,0.0,0.0,0.0
2011-09-12 00:00:00+00:00,0.033344813,0.0,0.0,0.0,0.0
2011-09-18 00:00:00+00:00,0.0,0.0,0.0,0.0,0.0
2011-09-19 00:00:00+00:00,0.025534635,0.0,0.0,0.0,0.0
2011-09-25 00:00:00+00:00,0.0,0.0,0.0,0.0,0.0
2011-09-26 00:00:00+00:00,0.058378811,0.0,0.0,0.0,0.0
2011-10-02 00:00:00+00:00,0.0,0.0,0.0,0.0,0.0
2011-10-03 00:00:00+00:00,0.05047372,0.0,0.0,0.0,0.0
2011-10-09 00:00:00+00:00,0.0,0.0,0.0,0.0,0.0
2011-10-16 00:00:00+00:00,0.0,0.0,0.0,0.0,0.0
2011-10-17 00:00:00+00:00,0.033343468,0.0,0.0,0.0,0.0
2011-10-23 00:00:00+00:00,0.0,0.0,0.0,0.0,0.0
2011-10-24 00:00:00+00:00,0.10126178999999999,0.0,0.0,0.0,0.0
2011-10-30 00:00:00+00:00,0.0,0.0,0.0,0.0,0.0
2011-11-06 00:00:00+00:00,0.0,0.0,0.0,0.0,0.0
2011-11-13 00:00:00+00:00,0.0,0.0,0.0,0.0,0.0
2011-11-14 00:00:00+00:00,0.055756456999999995,0.0,0.0,0.0,0.0
2011-11-20 00:00:00+00:00,0.0,0.0,0.0,0.0,0.0
2011-11-27 00:00:00+00:00,0.0,0.0,0.0,0.0,0.0
2011-11-28 00:00:00+00:00,0.033389706,0.0,0.0,0.0,0.0
2011-12-04 00:00:00+00:00,0.0,0.0,0.0,0.0,0.0
2011-12-11 00:00:00+00:00,0.0,0.0,0.0,0.0,0.0
2011-12-12 00:00:00+00:00,0.8374307,0.0,0.0,0.0,0.0
2011-12-18 00:00:00+00:00,0.0,0.0,0.0,0.0,0.0
2011-12-25 00:00:00+00:00,0.0,0.0,0.0,0.0,0.0
2012-01-01 00:00:00+00:00,0.0,0.0,0.0,0.0,0.0
2012-01-08 00:00:00+00:00,0.0,0.0,0.0,0.0,0.0
2012-01-09 00:00:00+00:00,0.028605118,0.0,0.0,0.0,0.0
2012-01-15 00:00:00+00:00,0.0,0.0,0.0,0.0,0.0
2012-01-16 00:00:00+00:00,0.0500166,0.0,0.0,0.0,0.0
2012-01-22 00:00:00+00:00,0.0,0.0,0.0,0.0,0.0
2012-01-23 00:00:00+00:00,0.075327843,0.0,0.0,0.0,0.0
2012-01-29 00:00:00+00:00,0.0,0.0,0.0,0.0,0.0
2012-02-05 00:00:00+00:00,0.0,0.0,0.0,0.0,0.0
2012-02-12 00:00:00+00:00,0.0,0.0,0.0,0.0,0.0
2012-02-13 00:00:00+00:00,0.04013642,0.0,0.0,0.0,0.0
2012-02-19 00:00:00+00:00,0.0,0.0,0.0,0.0,0.0
2012-02-26 00:00:00+00:00,0.0,0.0,0.0,0.0,0.0
2012-03-04 00:00:00+00:00,0.0,0.0,0.0,0.0,0.0
2012-03-11 00:00:00+00:00,0.0,0.0,0.0,0.0,0.0
2012-03-12 00:00:00+00:00,0.040821563,0.0,0.0,0.0,0.0
2012-03-18 00:00:00+00:00,0.0,0.0,0.0,0.0,0.0
2012-03-25 00:00:00+00:00,0.0,0.0,0.0,0.0,0.0
2012-03-26 00:00:00+00:00,0.0400138,0.0,0.0,0.0,0.0
2012-04-01 00:00:00+00:00,0.0,0.0,0.0,0.0,0.0
2012-04-02 00:00:00+00:00,0.028607884,0.0,0.0,0.0,0.0
2012-04-08 00:00:00+00:00,0.0,0.0,0.0,0.0,0.0
2012-04-15 00:00:00+00:00,0.0,0.0,0.0,0.0,0.0
2012-04-16 00:00:00+00:00,0.07914167700000001,0.0,0.0,0.0,0.0
2012-04-22 00:00:00+00:00,0.0,0.0,0.0,0.0,0.0
2012-04-29 00:00:00+00:00,0.0,0.0,0.0,0.0,0.0
2012-05-06 00:00:00+00:00,0.0,0.0,0.0,0.0,0.0
2012-05-13 00:00:00+00:00,0.0,0.0,0.0,0.0,0.0
2012-05-14 00:00:00+00:00,0.040168133,0.0,0.0,0.0,0.0
2012-05-20 00:00:00+00:00,0.0,0.0,0.0,0.0,0.0
2012-05-21 00:00:00+00:00,0.028654534,0.0,0.0,0.0,0.0
2012-05-27 00:00:00+00:00,0.0,0.0,0.0,0.0,0.0
2012-06-03 00:00:00+00:00,0.0,0.0,0.0,0.0,0.0
2012-06-10 00:00:00+00:00,0.0,0.0,0.0,0.0,0.0
2012-06-11 00:00:00+00:00,0.028910365,0.0,0.0,0.0,0.0
2012-06-17 00:00:00+00:00,0.0,0.0,0.0,0.0,0.0
2012-06-18 00:00:00+00:00,0.03352492,0.0,0.0,0.0,0.0
2012-06-24 00:00:00+00:00,0.0,0.0,0.0,0.0,0.0
2012-07-01 00:00:00+00:00,0.0,0.0,0.0,0.0,0.0
2012-07-08 00:00:00+00:00,0.0,0.0,0.0,0.0,0.0
2012-07-09 00:00:00+00:00,0.020608205,0.0,0.0,0.0,0.0
2012-07-15 00:00:00+00:00,0.0,0.0,0.0,0.0,0.0
2012-07-16 00:00:00+00:00,0.033395108,0.0,0.0,0.0,0.0
2012-07-22 00:00:00+00:00,0.0,0.0,0.0,0.0,0.0
2012-07-23 00:00:00+00:00,0.8657106,0.0,0.0,0.0,0.0
2012-07-29 00:00:00+00:00,0.0,0.0,0.0,0.0,0.0
2012-08-05 00:00:00+00:00,0.0,0.0,0.0,0.0,0.0
2012-08-06 00:00:00+00:00,0.028839242,0.0,0.0,0.0,0.0
2012-08-12 00:00:00+00:00,0.0,0.0,0.0,0.0,0.0
2012-08-19 00:00:00+00:00,0.0,0.0,0.0,0.0,0.0
2012-08-20 00:00:00+00:00,0.025108315,0.0,0.0,0.0,0.0
2012-08-26 00:00:00+00:00,0.0,0.0,0.0,0.0,0.0
2012-08-27 00:00:00+00:00,0.904709585,0.0,0.0,0.0,0.0
2012-09-02 00:00:00+00:00,0.0,0.0,0.0,0.0,0.0
2012-09-09 00:00:00+00:00,0.0,0.0,0.0,0.0,0.0
2012-09-10 00:00:00+00:00,0.86585385,0.0,0.0,0.0,0.0
2012-09-16 00:00:00+00:00,0.0,0.0,0.0,0.0,0.0
2012-09-23 00:00:00+00:00,0.0,0.0,0.0,0.0,0.0
2012-09-24 00:00:00+00:00,0.025346788,0.0,0.0,0.0,0.0
2012-09-30 00:00:00+00:00,0.0,0.0,0.0,0.0,0.0
2012-10-01 00:00:00+00:00,5.025227274999999,0.0,0.0,0.0,0.0
2012-10-07 00:00:00+00:00,0.0,0.0,0.0,0.0,0.0
2012-10-08 00:00:00+00:00,2.033544069,0.0,0.0,0.0,0.0
2012-10-14 00:00:00+00:00,0.0,0.0,0.0,0.0,0.0
2012-10-15 00:00:00+00:00,0.040013794,0.0,0.0,0.0,0.0
2012-10-21 00:00:00+00:00,0.0,0.0,0.0,0.0,0.0
2012-10-22 00:00:00+00:00,1.970942022,0.0,0.0,0.0,0.0
2012-10-28 00:00:00+00:00,0.0,0.0,0.0,0.0,0.0
2012-10-29 00:00:00+00:00,0.11923094000000001,0.0,0.0,0.0,0.0
2012-11-04 00:00:00+00:00,0.0,0.0,0.0,0.0,0.0
2012-11-05 00:00:00+00:00,0.029037403,0.0,0.0,0.0,0.0
2012-11-11 00:00:00+00:00,0.0,0.0,0.0,0.0,0.0
2012-11-18 00:00:00+00:00,0.0,0.0,0.0,0.0,0.0
2012-11-25 00:00:00+00:00,0.0,0.0,0.0,0.0,0.0
2012-12-02 00:00:00+00:00,0.0,0.0,0.0,0.0,0.0
2012-12-03 00:00:00+00:00,0.03348727,0.0,0.0,0.0,0.0
2012-12-09 00:00:00+00:00,0.0,0.0,0.0,0.0,0.0
2012-12-10 00:00:00+00:00,0.07406042400000001,0.0,0.0,0.0,0.0
2012-12-16 00:00:00+00:00,0.0,0.0,0.0,0.0,0.0
2012-12-23 00:00:00+00:00,0.0,0.0,0.0,0.0,0.0
2012-12-30 00:00:00+00:00,0.0,0.0,0.0,0.0,0.0
2013-01-06 00:00:00+00:00,0.0,0.0,0.0,0.0,0.0
2013-01-13 00:00:00+00:00,0.0,0.0,0.0,0.0,0.0
2013-01-20 00:00:00+00:00,0.0,0.0,0.0,0.0,0.0
2013-01-21 00:00:00+00:00,0.028747657,0.0,0.0,0.0,0.0
2013-01-27 00:00:00+00:00,0.0,0.0,0.0,0.0,0.0
2013-02-03 00:00:00+00:00,0.0,0.0,0.0,0.0,0.0
2013-02-10 00:00:00+00:00,0.0,0.0,0.0,0.0,0.0
2013-02-11 00:00:00+00:00,0.8666088,0.0,0.0,0.0,0.0
2013-02-17 00:00:00+00:00,0.0,0.0,0.0,0.0,0.0
2013-02-24 00:00:00+00:00,0.0,0.0,0.0,0.0,0.0
2013-02-25 00:00:00+00:00,0.069780394,0.0,0.0,0.0,0.0
2013-03-03 00:00:00+00:00,0.0,0.0,0.0,0.0,0.0
2013-03-10 00:00:00+00:00,0.0,0.0,0.0,0.0,0.0
2013-03-11 00:00:00+00:00,0.8381358,0.0,0.0,0.0,0.0
2013-03-17 00:00:00+00:00,0.0,0.0,0.0,0.0,0.0
2013-03-24 00:00:00+00:00,0.0,0.0,0.0,0.0,0.0
2013-03-25 00:00:00+00:00,0.8656231,0.0,0.0,0.0,0.0
2013-03-31 00:00:00+00:00,0.0,0.0,0.0,0.0,0.0
2013-04-07 00:00:00+00:00,0.0,0.0,0.0,0.0,0.0
2013-04-08 00:00:00+00:00,0.051109757,0.0,0.0,0.0,0.0
2013-04-14 00:00:00+00:00,0.0,0.0,0.0,0.0,0.0
2013-04-15 00:00:00+00:00,0.062313229,0.0,0.0,0.0,0.0
2013-04-21 00:00:00+00:00,0.0,0.0,0.0,0.0,0.0
2013-04-22 00:00:00+00:00,0.028720764,0.0,0.0,0.0,0.0
2013-04-28 00:00:00+00:00,0.0,0.0,0.0,0.0,0.0
2013-05-05 00:00:00+00:00,0.0,0.0,0.0,0.0,0.0
2013-05-06 00:00:00+00:00,0.078596267,0.0,0.0,0.0,0.0
2013-05-12 00:00:00+00:00,0.0,0.0,0.0,0.0,0.0
2013-05-13 00:00:00+00:00,0.888671953,0.0,0.0,0.0,0.0
2013-05-19 00:00:00+00:00,0.0,0.0,0.0,0.0,0.0
2013-05-20 00:00:00+00:00,0.028600898,0.0,0.0,0.0,0.0
2013-05-26 00:00:00+00:00,0.0,0.0,0.0,0.0,0.0
2013-05-27 00:00:00+00:00,0.029033156,0.0,0.0,0.0,0.0
2013-06-02 00:00:00+00:00,0.0,0.0,0.0,0.0,0.0
2013-06-09 00:00:00+00:00,0.0,0.0,0.0,0.0,0.0
2013-06-16 00:00:00+00:00,0.0,0.0,0.0,0.0,0.0
2013-06-17 00:00:00+00:00,0.9108978,0.0,0.0,0.0,0.0
2013-06-23 00:00:00+00:00,0.0,0.0,0.0,0.0,0.0
2013-06-30 00:00:00+00:00,0.0,0.0,0.0,0.0,0.0
2013-07-07 00:00:00+00:00,0.0,0.0,0.0,0.0,0.0
2013-07-14 00:00:00+00:00,0.0,0.0,0.0,0.0,0.0
2013-07-15 00:00:00+00:00,0.91780385,0.0,0.0,0.0,0.0
2013-07-21 00:00:00+00:00,0.0,0.0,0.0,0.0,0.0
2013-07-22 00:00:00+00:00,0.028583875,0.0,0.0,0.0,0.0
2013-07-28 00:00:00+00:00,0.0,0.0,0.0,0.0,0.0
2013-08-04 00:00:00+00:00,0.0,0.0,0.0,0.0,0.0
2013-08-11 00:00:00+00:00,0.0,0.0,0.0,0.0,0.0
2013-08-12 00:00:00+00:00,0.065204792,0.0,0.0,0.0,0.0
2013-08-18 00:00:00+00:00,0.0,0.0,0.0,0.0,0.0
2013-08-19 00:00:00+00:00,0.066686034,0.0,0.0,0.0,0.0
2013-08-25 00:00:00+00:00,0.0,0.0,0.0,0.0,0.0
2013-09-01 00:00:00+00:00,0.0,0.0,0.0,0.0,0.0
2013-09-08 00:00:00+00:00,0.0,0.0,0.0,0.0,0.0
2013-09-15 00:00:00+00:00,0.0,0.0,0.0,0.0,0.0
2013-09-22 00:00:00+00:00,0.0,0.0,0.0,0.0,0.0
2013-09-23 00:00:00+00:00,0.9351782449999999,0.0,0.0,0.0,0.0
2013-09-29 00:00:00+00:00,0.0,0.0,0.0,0.0,0.0
2013-09-30 00:00:00+00:00,0.022261584,0.0,0.0,0.0,0.0
2013-10-06 00:00:00+00:00,0.0,0.0,0.0,0.0,0.0
2013-10-13 00:00:00+00:00,0.0,0.0,0.0,0.0,0.0
2013-10-14 00:00:00+00:00,0.028577829,0.0,0.0,0.0,0.0
2013-10-20 00:00:00+00:00,0.0,0.0,0.0,0.0,0.0
2013-10-21 00:00:00+00:00,0.12343399899999999,0.0,0.0,0.0,0.0
2013-10-27 00:00:00+00:00,0.0,0.0,0.0,0.0,0.0
2013-11-03 00:00:00+00:00,0.0,0.0,0.0,0.0,0.0
2013-11-04 00:00:00+00:00,0.020219404,0.0,0.0,0.0,0.0
2013-11-10 00:00:00+00:00,0.0,0.0,0.0,0.0,0.0
2013-11-17 00:00:00+00:00,0.0,0.0,0.0,0.0,0.0
2013-11-18 00:00:00+00:00,0.068881734,0.0,0.0,0.0,0.0
2013-11-24 00:00:00+00:00,0.0,0.0,0.0,0.0,0.0
2013-11-25 00:00:00+00:00,0.0201316,0.0,0.0,0.0,0.0
2013-12-01 00:00:00+00:00,0.0,0.0,0.0,0.0,0.0
2013-12-02 00:00:00+00:00,0.033405498,0.0,0.0,0.0,0.0
2013-12-08 00:00:00+00:00,0.0,0.0,0.0,0.0,0.0
2013-12-15 00:00:00+00:00,0.0,0.0,0.0,0.0,0.0
2013-12-22 00:00:00+00:00,0.0,0.0,0.0,0.0,0.0
2013-12-29 00:00:00+00:00,0.0,0.0,0.0,0.0,0.0
2013-12-30 00:00:00+00:00,0.05036748,0.0,0.0,0.0,0.0
2014-01-05 00:00:00+00:00,0.0,0.0,0.0,0.0,0.0
2014-01-12 00:00:00+00:00,0.0,0.0,0.0,0.0,0.0
2014-01-19 00:00:00+00:00,0.0,0.0,0.0,0.0,0.0
2014-01-20 00:00:00+00:00,0.051114427000000004,0.0,0.0,0.0,0.0
2014-01-26 00:00:00+00:00,0.0,0.0,0.0,0.0,0.0
2014-02-02 00:00:00+00:00,0.0,0.0,0.0,0.0,0.0
2014-02-03 00:00:00+00:00,0.047907898,0.0,0.0,0.0,0.0
2014-02-09 00:00:00+00:00,0.0,0.0,0.0,0.0,0.0
2014-02-10 00:00:00+00:00,0.022270158,0.0,0.0,0.0,0.0
2014-02-16 00:00:00+00:00,0.0,0.0,0.0,0.0,0.0
2014-02-23 00:00:00+00:00,0.0,0.0,0.0,0.0,0.0
2014-02-24 00:00:00+00:00,0.0288878,0.0,0.0,0.0,0.0
2014-03-02 00:00:00+00:00,0.0,0.0,0.0,0.0,0.0
2014-03-09 00:00:00+00:00,0.0,0.0,0.0,0.0,0.0
2014-03-10 00:00:00+00:00,0.03357775,0.0,0.0,0.0,0.0
2014-03-16 00:00:00+00:00,0.0,0.0,0.0,0.0,0.0
2014-03-17 00:00:00+00:00,0.8620261499999999,0.0,0.0,0.0,0.0
2014-03-23 00:00:00+00:00,0.0,0.0,0.0,0.0,0.0
2014-03-24 00:00:00+00:00,0.0671294,0.0,0.0,0.0,0.0
2014-03-30 00:00:00+00:00,0.0,0.0,0.0,0.0,0.0
2014-04-06 00:00:00+00:00,0.0,0.0,0.0,0.0,0.0
2014-04-07 00:00:00+00:00,0.02235287,0.0,0.0,0.0,0.0
2014-04-13 00:00:00+00:00,0.0,0.0,0.0,0.0,0.0
2014-04-20 00:00:00+00:00,0.0,0.0,0.0,0.0,0.0
2014-04-21 00:00:00+00:00,0.923894788,0.0,0.0,0.0,0.0
2014-04-27 00:00:00+00:00,0.0,0.0,0.0,0.0,0.0
2014-05-04 00:00:00+00:00,0.0,0.0,0.0,0.0,0.0
2014-05-05 00:00:00+00:00,0.02234764,0.0,0.0,0.0,0.0
2014-05-11 00:00:00+00:00,0.0,0.0,0.0,0.0,0.0
2014-05-12 00:00:00+00:00,0.8619122149999999,0.0,0.0,0.0,0.0
2014-05-18 00:00:00+00:00,0.0,0.0,0.0,0.0,0.0
2014-05-19 00:00:00+00:00,0.028598782,0.0,0.0,0.0,0.0
2014-05-25 00:00:00+00:00,0.0,0.0,0.0,0.0,0.0
2014-05-26 00:00:00+00:00,0.0407471,0.0,0.0,0.0,0.0
2014-06-01 00:00:00+00:00,0.0,0.0,0.0,0.0,0.0
2014-06-02 00:00:00+00:00,0.022296714,0.0,0.0,0.0,0.0
2014-06-08 00:00:00+00:00,0.0,0.0,0.0,0.0,0.0
2014-06-09 00:00:00+00:00,0.065165437,0.0,0.0,0.0,0.0
2014-06-15 00:00:00+00:00,0.0,0.0,0.0,0.0,0.0
2014-06-16 00:00:00+00:00,0.7332126,0.0,0.0,0.0,0.0
2014-06-22 00:00:00+00:00,0.0,0.0,0.0,0.0,0.0
2014-06-29 00:00:00+00:00,0.0,0.0,0.0,0.0,0.0
2014-06-30 00:00:00+00:00,0.03364644,0.0,0.0,0.0,0.0
2014-07-06 00:00:00+00:00,0.0,0.0,0.0,0.0,0.0
2014-07-07 00:00:00+00:00,0.022436256,0.0,0.0,0.0,0.0
2014-07-13 00:00:00+00:00,0.0,0.0,0.0,0.0,0.0
2014-07-14 00:00:00+00:00,0.88495135,0.0,0.0,0.0,0.0
2014-07-20 00:00:00+00:00,0.0,0.0,0.0,0.0,0.0
2014-07-27 00:00:00+00:00,0.0,0.0,0.0,0.0,0.0
2014-07-28 00:00:00+00:00,0.022267874,0.0,0.0,0.0,0.0
2014-08-03 00:00:00+00:00,0.0,0.0,0.0,0.0,0.0
2014-08-10 00:00:00+00:00,0.0,0.0,0.0,0.0,0.0
2014-08-17 00:00:00+00:00,0.0,0.0,0.0,0.0,0.0
2014-08-18 00:00:00+00:00,0.055772142,0.0,0.0,0.0,0.0
2014-08-24 00:00:00+00:00,0.0,0.0,0.0,0.0,0.0
2014-08-25 00:00:00+00:00,0.0557985,0.0,0.0,0.0,0.0
2014-08-31 00:00:00+00:00,0.0,0.0,0.0,0.0,0.0
2014-09-07 00:00:00+00:00,0.0,0.0,0.0,0.0,0.0
2014-09-08 00:00:00+00:00,0.025035357,0.0,0.0,0.0,0.0
2014-09-14 00:00:00+00:00,0.0,0.0,0.0,0.0,0.0
2014-09-21 00:00:00+00:00,0.0,0.0,0.0,0.0,0.0
2014-09-28 00:00:00+00:00,0.0,0.0,0.0,0.0,0.0
2014-09-29 00:00:00+00:00,0.03351533,0.0,0.0,0.0,0.0
2014-10-05 00:00:00+00:00,0.0,0.0,0.0,0.0,0.0
2014-10-06 00:00:00+00:00,0.02244811,0.0,0.0,0.0,0.0
2014-10-12 00:00:00+00:00,0.0,0.0,0.0,0.0,0.0
2014-10-19 00:00:00+00:00,0.0,0.0,0.0,0.0,0.0
2014-10-26 00:00:00+00:00,0.0,0.0,0.0,0.0,0.0
2014-11-02 00:00:00+00:00,0.0,0.0,0.0,0.0,0.0
2014-11-09 00:00:00+00:00,0.0,0.0,0.0,0.0,0.0
2014-11-10 00:00:00+00:00,1.8093995719999998,0.0,0.0,0.0,0.0
2014-11-16 00:00:00+00:00,0.0,0.0,0.0,0.0,0.0
2014-11-23 00:00:00+00:00,0.0,0.0,0.0,0.0,0.0
2014-11-24 00:00:00+00:00,0.895100272,0.0,0.0,0.0,0.0
2014-11-30 00:00:00+00:00,0.0,0.0,0.0,0.0,0.0
2014-12-01 00:00:00+00:00,2.6000768759999997,0.0,0.0,0.0,0.0
2014-12-07 00:00:00+00:00,0.0,0.0,0.0,0.0,0.0
2014-12-14 00:00:00+00:00,0.0,0.0,0.0,0.0,0.0
2014-12-15 00:00:00+00:00,0.028688893,0.0,0.0,0.0,0.0
2014-12-21 00:00:00+00:00,0.0,0.0,0.0,0.0,0.0
2014-12-28 00:00:00+00:00,0.0,0.0,0.0,0.0,0.0
2015-01-04 00:00:00+00:00,0.0,0.0,0.0,0.0,0.0
2015-01-05 00:00:00+00:00,1.8620783680000002,0.0,0.0,0.0,0.0
2015-01-11 00:00:00+00:00,0.0,0.0,0.0,0.0,0.0
2015-01-12 00:00:00+00:00,0.028763693,0.0,0.0,0.0,0.0
2015-01-18 00:00:00+00:00,0.0,0.0,0.0,0.0,0.0
2015-01-19 00:00:00+00:00,0.964394045,0.0,0.0,0.0,0.0
2015-01-25 00:00:00+00:00,0.0,0.0,0.0,0.0,0.0
2015-01-26 00:00:00+00:00,0.050010346,0.0,0.0,0.0,0.0
2015-02-01 00:00:00+00:00,0.0,0.0,0.0,0.0,0.0
2015-02-08 00:00:00+00:00,0.0,0.0,0.0,0.0,0.0
2015-02-09 00:00:00+00:00,0.521493422,0.0,0.0,0.0,0.0
2015-02-15 00:00:00+00:00,0.0,0.0,0.0,0.0,0.0
2015-02-22 00:00:00+00:00,0.0,0.0,0.0,0.0,0.0
2015-03-01 00:00:00+00:00,0.0,0.0,0.0,0.0,0.0
2015-03-08 00:00:00+00:00,0.0,0.0,0.0,0.0,0.0
2015-03-15 00:00:00+00:00,0.0,0.0,0.0,0.0,0.0
2015-03-16 00:00:00+00:00,0.058668110999999995,0.0,0.0,0.0,0.0
2015-03-22 00:00:00+00:00,0.0,0.0,0.0,0.0,0.0
2015-03-23 00:00:00+00:00,1.2768645200000002,0.0,0.0,0.0,0.0
2015-03-29 00:00:00+00:00,0.0,0.0,0.0,0.0,0.0
2015-04-05 00:00:00+00:00,0.0,0.0,0.0,0.0,0.0
2015-04-06 00:00:00+00:00,0.8620568,0.0,0.0,0.0,0.0
2015-04-12 00:00:00+00:00,0.0,0.0,0.0,0.0,0.0
2015-04-13 00:00:00+00:00,0.028833669,0.0,0.0,0.0,0.0
2015-04-19 00:00:00+00:00,0.0,0.0,0.0,0.0,0.0
2015-04-26 00:00:00+00:00,0.0,0.0,0.0,0.0,0.0
2015-04-27 00:00:00+00:00,0.04001315,0.0,0.0,0.0,0.0
2015-05-03 00:00:00+00:00,0.0,0.0,0.0,0.0,0.0
2015-05-04 00:00:00+00:00,0.03334423,0.0,0.0,0.0,0.0
2015-05-10 00:00:00+00:00,0.0,0.0,0.0,0.0,0.0
2015-05-11 00:00:00+00:00,0.924443717,0.0,0.0,0.0,0.0
2015-05-17 00:00:00+00:00,0.0,0.0,0.0,0.0,0.0
2015-05-24 00:00:00+00:00,0.0,0.0,0.0,0.0,0.0
2015-05-31 00:00:00+00:00,0.0,0.0,0.0,0.0,0.0
2015-06-07 00:00:00+00:00,0.0,0.0,0.0,0.0,0.0
2015-06-08 00:00:00+00:00,0.033478323,0.0,0.0,0.0,0.0
2015-06-14 00:00:00+00:00,0.0,0.0,0.0,0.0,0.0
2015-06-15 00:00:00+00:00,1.8102384,0.0,0.0,0.0,0.0
2015-06-21 00:00:00+00:00,0.0,0.0,0.0,0.0,0.0
2015-06-28 00:00:00+00:00,0.0,0.0,0.0,0.0,0.0
2015-06-29 00:00:00+00:00,0.02880083,0.0,0.0,0.0,0.0
2015-07-05 00:00:00+00:00,0.0,0.0,0.0,0.0,0.0
2015-07-12 00:00:00+00:00,0.0,0.0,0.0,0.0,0.0
2015-07-19 00:00:00+00:00,0.0,0.0,0.0,0.0,0.0
2015-07-20 00:00:00+00:00,0.025096584,0.0,0.0,0.0,0.0
2015-07-26 00:00:00+00:00,0.0,0.0,0.0,0.0,0.0
2015-07-27 00:00:00+00:00,0.025460662,0.0,0.0,0.0,0.0
2015-08-02 00:00:00+00:00,0.0,0.0,0.0,0.0,0.0
2015-08-03 00:00:00+00:00,1.85256585,0.0,0.0,0.0,0.0
2015-08-09 00:00:00+00:00,0.0,0.0,0.0,0.0,0.0
2015-08-10 00:00:00+00:00,0.014322325,0.0,0.0,0.0,0.0
2015-08-16 00:00:00+00:00,0.0,0.0,0.0,0.0,0.0
2015-08-17 00:00:00+00:00,0.8985629,0.0,0.0,0.0,0.0
2015-08-23 00:00:00+00:00,0.0,0.0,0.0,0.0,0.0
2015-08-24 00:00:00+00:00,0.02536882,0.0,0.0,0.0,0.0
2015-08-30 00:00:00+00:00,0.0,0.0,0.0,0.0,0.0
2015-09-06 00:00:00+00:00,0.0,0.0,0.0,0.0,0.0
2015-09-07 00:00:00+00:00,0.02541654,0.0,0.0,0.0,0.0
2015-09-13 00:00:00+00:00,0.0,0.0,0.0,0.0,0.0
2015-09-14 00:00:00+00:00,0.93754169,0.0,0.0,0.0,0.0
2015-09-20 00:00:00+00:00,0.0,0.0,0.0,0.0,0.0
2015-09-21 00:00:00+00:00,1.79638444,0.0,0.0,0.0,0.0
2015-09-27 00:00:00+00:00,0.0,0.0,0.0,0.0,0.0
2015-09-28 00:00:00+00:00,0.03365385,0.0,0.0,0.0,0.0
2015-10-04 00:00:00+00:00,0.0,0.0,0.0,0.0,0.0
2015-10-05 00:00:00+00:00,0.04042495,0.0,0.0,0.0,0.0
2015-10-11 00:00:00+00:00,0.0,0.0,0.0,0.0,0.0
2015-10-12 00:00:00+00:00,0.912993398,0.0,0.0,0.0,0.0
2015-10-18 00:00:00+00:00,0.0,0.0,0.0,0.0,0.0
2015-10-19 00:00:00+00:00,0.927555403,0.0,0.0,0.0,0.0
2015-10-25 00:00:00+00:00,0.0,0.0,0.0,0.0,0.0
2015-10-26 00:00:00+00:00,0.022497939,0.0,0.0,0.0,0.0
2015-11-01 00:00:00+00:00,0.0,0.0,0.0,0.0,0.0
2015-11-08 00:00:00+00:00,0.0,0.0,0.0,0.0,0.0
2015-11-15 00:00:00+00:00,0.0,0.0,0.0,0.0,0.0
2015-11-22 00:00:00+00:00,0.0,0.0,0.0,0.0,0.0
2015-11-23 00:00:00+00:00,0.059143105,0.0,0.0,0.0,0.0
2015-11-29 00:00:00+00:00,0.0,0.0,0.0,0.0,0.0
2015-12-06 00:00:00+00:00,0.0,0.0,0.0,0.0,0.0
2015-12-13 00:00:00+00:00,0.0,0.0,0.0,0.0,0.0
2015-12-20 00:00:00+00:00,0.0,0.0,0.0,0.0,0.0
2015-12-21 00:00:00+00:00,0.033880785,0.0,0.0,0.0,0.0
2015-12-27 00:00:00+00:00,0.0,0.0,0.0,0.0,0.0
2015-12-28 00:00:00+00:00,0.066689394,0.0,0.0,0.0,0.0
2016-01-03 00:00:00+00:00,0.0,0.0,0.0,0.0,0.0
2016-01-04 00:00:00+00:00,0.033518177,0.0,0.0,0.0,0.0
2016-01-10 00:00:00+00:00,0.0,0.0,0.0,0.0,0.0
2016-01-11 00:00:00+00:00,0.0338482,0.0,0.0,0.0,0.0
2016-01-17 00:00:00+00:00,0.0,0.0,0.0,0.0,0.0
2016-01-18 00:00:00+00:00,0.02932249,0.0,0.0,0.0,0.0
2016-01-24 00:00:00+00:00,0.0,0.0,0.0,0.0,0.0
2016-01-25 00:00:00+00:00,0.88525754,0.0,0.0,0.0,0.0
2016-01-31 00:00:00+00:00,0.0,0.0,0.0,0.0,0.0
2016-02-01 00:00:00+00:00,0.059367795,0.0,0.0,0.0,0.0
2016-02-07 00:00:00+00:00,0.0,0.0,0.0,0.0,0.0
2016-02-14 00:00:00+00:00,0.0,0.0,0.0,0.0,0.0
2016-02-21 00:00:00+00:00,0.0,0.0,0.0,0.0,0.0
2016-02-28 00:00:00+00:00,0.0,0.0,0.0,0.0,0.0
2016-02-29 00:00:00+00:00,0.065534783,0.0,0.0,0.0,0.0
2016-03-06 00:00:00+00:00,0.0,0.0,0.0,0.0,0.0
2016-03-07 00:00:00+00:00,0.955051051,0.0,0.0,0.0,0.0
2016-03-13 00:00:00+00:00,0.0,0.0,0.0,0.0,0.0
2016-03-14 00:00:00+00:00,0.6730829979999999,0.0,0.0,0.0,0.0
2016-03-20 00:00:00+00:00,0.0,0.0,0.0,0.0,0.0
2016-03-21 00:00:00+00:00,0.025169486,0.0,0.0,0.0,0.0
2016-03-27 00:00:00+00:00,0.0,0.0,0.0,0.0,0.0
2016-04-03 00:00:00+00:00,0.0,0.0,0.0,0.0,0.0
2016-04-10 00:00:00+00:00,0.0,0.0,0.0,0.0,0.0
2016-04-17 00:00:00+00:00,0.0,0.0,0.0,0.0,0.0
2016-04-24 00:00:00+00:00,0.0,0.0,0.0,0.0,0.0
2016-04-25 00:00:00+00:00,0.8837134,0.0,0.0,0.0,0.0
2016-05-01 00:00:00+00:00,0.0,0.0,0.0,0.0,0.0
2016-05-08 00:00:00+00:00,0.0,0.0,0.0,0.0,0.0
2016-05-15 00:00:00+00:00,0.0,0.0,0.0,0.0,0.0
2016-05-16 00:00:00+00:00,0.047394372,0.0,0.0,0.0,0.0
2016-05-22 00:00:00+00:00,0.0,0.0,0.0,0.0,0.0
2016-05-29 00:00:00+00:00,0.0,0.0,0.0,0.0,0.0
2016-06-05 00:00:00+00:00,0.0,0.0,0.0,0.0,0.0
2016-06-06 00:00:00+00:00,0.766118177,0.0,0.0,0.0,0.0
2016-06-12 00:00:00+00:00,0.0,0.0,0.0,0.0,0.0
2016-06-19 00:00:00+00:00,0.0,0.0,0.0,0.0,0.0
2016-06-20 00:00:00+00:00,0.991883902,0.0,0.0,0.0,0.0
2016-06-26 00:00:00+00:00,0.0,0.0,0.0,0.0,0.0
2016-06-27 00:00:00+00:00,0.025567938,0.0,0.0,0.0,0.0
2016-07-03 00:00:00+00:00,0.0,0.0,0.0,0.0,0.0
2016-07-04 00:00:00+00:00,0.054000214,0.0,0.0,0.0,0.0
2016-07-10 00:00:00+00:00,0.0,0.0,0.0,0.0,0.0
2016-07-11 00:00:00+00:00,0.91016656,0.0,0.0,0.0,0.0
2016-07-17 00:00:00+00:00,0.0,0.0,0.0,0.0,0.0
2016-07-18 00:00:00+00:00,0.043339735000000004,0.0,0.0,0.0,0.0
2016-07-24 00:00:00+00:00,0.0,0.0,0.0,0.0,0.0
2016-07-31 00:00:00+00:00,0.0,0.0,0.0,0.0,0.0
2016-08-07 00:00:00+00:00,0.0,0.0,0.0,0.0,0.0
2016-08-08 00:00:00+00:00,0.028828124,0.0,0.0,0.0,0.0
2016-08-14 00:00:00+00:00,0.0,0.0,0.0,0.0,0.0
2016-08-15 00:00:00+00:00,0.018446667,0.0,0.0,0.0,0.0
2016-08-21 00:00:00+00:00,0.0,0.0,0.0,0.0,0.0
2016-08-28 00:00:00+00:00,0.0,0.0,0.0,0.0,0.0
2016-09-04 00:00:00+00:00,0.0,0.0,0.0,0.0,0.0
2016-09-05 00:00:00+00:00,0.025344865,0.0,0.0,0.0,0.0
2016-09-11 00:00:00+00:00,0.0,0.0,0.0,0.0,0.0
2016-09-12 00:00:00+00:00,0.010594214,0.0,0.0,0.0,0.0
2016-09-18 00:00:00+00:00,0.0,0.0,0.0,0.0,0.0
2016-09-19 00:00:00+00:00,0.12334678499999999,0.0,0.0,0.0,0.0
2016-09-25 00:00:00+00:00,0.0,0.0,0.0,0.0,0.0
2016-09-26 00:00:00+00:00,0.929348736,0.0,0.0,0.0,0.0
2016-10-02 00:00:00+00:00,0.0,0.0,0.0,0.0,0.0
2016-10-03 00:00:00+00:00,0.02506454,0.0,0.0,0.0,0.0
2016-10-09 00:00:00+00:00,0.0,0.0,0.0,0.0,0.0
2016-10-10 00:00:00+00:00,0.9325759,0.0,0.0,0.0,0.0
2016-10-16 00:00:00+00:00,0.0,0.0,0.0,0.0,0.0
2016-10-17 00:00:00+00:00,0.06687653099999999,0.0,0.0,0.0,0.0
2016-10-23 00:00:00+00:00,0.0,0.0,0.0,0.0,0.0
2016-10-30 00:00:00+00:00,0.0,0.0,0.0,0.0,0.0
2016-11-06 00:00:00+00:00,0.0,0.0,0.0,0.0,0.0
2016-11-07 00:00:00+00:00,0.970484137,0.0,0.0,0.0,0.0
2016-11-13 00:00:00+00:00,0.0,0.0,0.0,0.0,0.0
2016-11-20 00:00:00+00:00,0.0,0.0,0.0,0.0,0.0
2016-11-21 00:00:00+00:00,0.01696844,0.0,0.0,0.0,0.0
2016-11-27 00:00:00+00:00,0.0,0.0,0.0,0.0,0.0
2016-11-28 00:00:00+00:00,0.02253044,0.0,0.0,0.0,0.0
2016-12-04 00:00:00+00:00,0.0,0.0,0.0,0.0,0.0
2016-12-05 00:00:00+00:00,0.068576164,0.0,0.0,0.0,0.0
2016-12-11 00:00:00+00:00,0.0,0.0,0.0,0.0,0.0
2016-12-12 00:00:00+00:00,0.9346039009999999,0.0,0.0,0.0,0.0
2016-12-18 00:00:00+00:00,0.0,0.0,0.0,0.0,0.0
2016-12-19 00:00:00+00:00,0.022285977,0.0,0.0,0.0,0.0
2016-12-25 00:00:00+00:00,0.0,0.0,0.0,0.0,0.0
2017-01-01 00:00:00+00:00,0.0,0.0,0.0,0.0,0.0
2017-01-08 00:00:00+00:00,0.0,0.0,0.0,0.0,0.0
2017-01-15 00:00:00+00:00,0.0,0.0,0.0,0.0,0.0
2017-01-16 00:00:00+00:00,0.02230254,0.0,0.0,0.0,0.0
2017-01-22 00:00:00+00:00,0.0,0.0,0.0,0.0,0.0
2017-01-23 00:00:00+00:00,0.022344815,0.0,0.0,0.0,0.0
2017-01-29 00:00:00+00:00,0.0,0.0,0.0,0.0,0.0
2017-01-30 00:00:00+00:00,0.988044976,0.0,0.0,0.0,0.0
2017-02-05 00:00:00+00:00,0.0,0.0,0.0,0.0,0.0
2017-02-06 00:00:00+00:00,0.910273349,0.0,0.0,0.0,0.0
2017-02-12 00:00:00+00:00,0.0,0.0,0.0,0.0,0.0
2017-02-13 00:00:00+00:00,0.8648728,0.0,0.0,0.0,0.0
2017-02-19 00:00:00+00:00,0.0,0.0,0.0,0.0,0.0
2017-02-26 00:00:00+00:00,0.0,0.0,0.0,0.0,0.0
2017-02-27 00:00:00+00:00,0.06754492,0.0,0.0,0.0,0.0
2017-03-05 00:00:00+00:00,0.0,0.0,0.0,0.0,0.0
2017-03-06 00:00:00+00:00,1.028466449,0.0,0.0,0.0,0.0
2017-03-12 00:00:00+00:00,0.0,0.0,0.0,0.0,0.0
2017-03-13 00:00:00+00:00,1.8661862400000002,0.0,0.0,0.0,0.0
2017-03-19 00:00:00+00:00,0.0,0.0,0.0,0.0,0.0
2017-03-26 00:00:00+00:00,0.0,0.0,0.0,0.0,0.0
2017-03-27 00:00:00+00:00,0.025412843,0.0,0.0,0.0,0.0
2017-04-02 00:00:00+00:00,0.0,0.0,0.0,0.0,0.0
2017-04-03 00:00:00+00:00,0.025134265,0.0,0.0,0.0,0.0
2017-04-09 00:00:00+00:00,0.0,0.0,0.0,0.0,0.0
2017-04-10 00:00:00+00:00,0.039033059,0.0,0.0,0.0,0.0
2017-04-16 00:00:00+00:00,0.0,0.0,0.0,0.0,0.0
2017-04-23 00:00:00+00:00,0.0,0.0,0.0,0.0,0.0
2017-04-24 00:00:00+00:00,0.018561497,0.0,0.0,0.0,0.0
2017-04-30 00:00:00+00:00,0.0,0.0,0.0,0.0,0.0
2017-05-01 00:00:00+00:00,0.020101508,0.0,0.0,0.0,0.0
2017-05-07 00:00:00+00:00,0.0,0.0,0.0,0.0,0.0
2017-05-14 00:00:00+00:00,0.0,0.0,0.0,0.0,0.0
2017-05-15 00:00:00+00:00,0.022464547,0.0,0.0,0.0,0.0
2017-05-21 00:00:00+00:00,0.0,0.0,0.0,0.0,0.0
2017-05-22 00:00:00+00:00,0.476719226,0.0,0.0,0.0,0.0
2017-05-28 00:00:00+00:00,0.0,0.0,0.0,0.0,0.0
2017-05-29 00:00:00+00:00,0.9330342,0.0,0.0,0.0,0.0
2017-06-04 00:00:00+00:00,0.0,0.0,0.0,0.0,0.0
2017-06-11 00:00:00+00:00,0.0,0.0,0.0,0.0,0.0
2017-06-12 00:00:00+00:00,0.051837635,0.0,0.0,0.0,0.0
2017-06-18 00:00:00+00:00,0.0,0.0,0.0,0.0,0.0
2017-06-25 00:00:00+00:00,0.0,0.0,0.0,0.0,0.0
2017-06-26 00:00:00+00:00,0.022298208,0.0,0.0,0.0,0.0
2017-07-02 00:00:00+00:00,0.0,0.0,0.0,0.0,0.0
2017-07-09 00:00:00+00:00,0.0,0.0,0.0,0.0,0.0
2017-07-10 00:00:00+00:00,0.022913754,0.0,0.0,0.0,0.0
2017-07-16 00:00:00+00:00,0.0,0.0,0.0,0.0,0.0
2017-07-17 00:00:00+00:00,0.018385768,0.0,0.0,0.0,0.0
2017-07-23 00:00:00+00:00,0.0,0.0,0.0,0.0,0.0
2017-07-24 00:00:00+00:00,0.022262437,0.0,0.0,0.0,0.0
2017-07-30 00:00:00+00:00,0.0,0.0,0.0,0.0,0.0
2017-07-31 00:00:00+00:00,0.9372685980000001,0.0,0.0,0.0,0.0
2017-08-06 00:00:00+00:00,0.0,0.0,0.0,0.0,0.0
2017-08-07 00:00:00+00:00,0.018412434,0.0,0.0,0.0,0.0
2017-08-13 00:00:00+00:00,0.0,0.0,0.0,0.0,0.0
2017-08-20 00:00:00+00:00,0.0,0.0,0.0,0.0,0.0
2017-08-27 00:00:00+00:00,0.0,0.0,0.0,0.0,0.0
2017-08-28 00:00:00+00:00,0.025084943,0.0,0.0,0.0,0.0
2017-09-03 00:00:00+00:00,0.0,0.0,0.0,0.0,0.0
2017-09-04 00:00:00+00:00,0.022486756,0.0,0.0,0.0,0.0
2017-09-10 00:00:00+00:00,0.0,0.0,0.0,0.0,0.0
2017-09-17 00:00:00+00:00,0.0,0.0,0.0,0.0,0.0
2017-09-18 00:00:00+00:00,0.08503922,0.0,0.0,0.0,0.0
2017-09-24 00:00:00+00:00,0.0,0.0,0.0,0.0,0.0
2017-10-01 00:00:00+00:00,0.0,0.0,0.0,0.0,0.0
2017-10-08 00:00:00+00:00,0.0,0.0,0.0,0.0,0.0
2017-10-09 00:00:00+00:00,0.935641686,0.0,0.0,0.0,0.0
2017-10-15 00:00:00+00:00,0.0,0.0,0.0,0.0,0.0
2017-10-22 00:00:00+00:00,0.0,0.0,0.0,0.0,0.0
2017-10-23 00:00:00+00:00,0.036801437,0.0,0.0,0.0,0.0
2017-10-29 00:00:00+00:00,0.0,0.0,0.0,0.0,0.0
2017-10-30 00:00:00+00:00,0.02285252,0.0,0.0,0.0,0.0
2017-11-05 00:00:00+00:00,0.0,0.0,0.0,0.0,0.0
2017-11-06 00:00:00+00:00,0.977765549,0.0,0.0,0.0,0.0
2017-11-12 00:00:00+00:00,0.0,0.0,0.0,0.0,0.0
2017-11-19 00:00:00+00:00,0.0,0.0,0.0,0.0,0.0
2017-11-20 00:00:00+00:00,0.044588765,0.0,0.0,0.0,0.0
2017-11-26 00:00:00+00:00,0.0,0.0,0.0,0.0,0.0
2017-11-27 00:00:00+00:00,0.020167781,0.0,0.0,0.0,0.0
2017-12-03 00:00:00+00:00,0.0,0.0,0.0,0.0,0.0
2017-12-04 00:00:00+00:00,0.927052,0.0,0.0,0.0,0.0
2017-12-10 00:00:00+00:00,0.0,0.0,0.0,0.0,0.0
2017-12-11 00:00:00+00:00,0.02247443,0.0,0.0,0.0,0.0
2017-12-17 00:00:00+00:00,0.0,0.0,0.0,0.0,0.0
2017-12-24 00:00:00+00:00,0.0,0.0,0.0,0.0,0.0
2017-12-31 00:00:00+00:00,0.0,0.0,0.0,0.0,0.0
2018-01-07 00:00:00+00:00,0.0,0.0,0.0,0.0,0.0
2018-01-08 00:00:00+00:00,0.931281381,0.0,0.0,0.0,0.0
2018-01-14 00:00:00+00:00,0.0,0.0,0.0,0.0,0.0
2018-01-21 00:00:00+00:00,0.0,0.0,0.0,0.0,0.0
2018-01-28 00:00:00+00:00,0.0,0.0,0.0,0.0,0.0
2018-01-29 00:00:00+00:00,0.015717212,0.0,0.0,0.0,0.0
2018-02-04 00:00:00+00:00,0.0,0.0,0.0,0.0,0.0
2018-02-11 00:00:00+00:00,0.0,0.0,0.0,0.0,0.0
2018-02-12 00:00:00+00:00,0.020039527,0.0,0.0,0.0,0.0
2018-02-18 00:00:00+00:00,0.0,0.0,0.0,0.0,0.0
2018-02-25 00:00:00+00:00,0.0,0.0,0.0,0.0,0.0
2018-02-26 00:00:00+00:00,1.9009802660000001,0.0,0.0,0.0,0.0
2018-03-04 00:00:00+00:00,0.0,0.0,0.0,0.0,0.0
2018-03-11 00:00:00+00:00,0.0,0.0,0.0,0.0,0.0
2018-03-18 00:00:00+00:00,0.0,0.0,0.0,0.0,0.0
2018-03-19 00:00:00+00:00,0.041018495,0.0,0.0,0.0,0.0
2018-03-25 00:00:00+00:00,0.0,0.0,0.0,0.0,0.0
2018-04-01 00:00:00+00:00,0.0,0.0,0.0,0.0,0.0
2018-04-08 00:00:00+00:00,0.0,0.0,0.0,0.0,0.0
2018-04-09 00:00:00+00:00,0.053852364,0.0,0.0,0.0,0.0
2018-04-15 00:00:00+00:00,0.0,0.0,0.0,0.0,0.0
2018-04-22 00:00:00+00:00,0.0,0.0,0.0,0.0,0.0
2018-04-23 00:00:00+00:00,0.016709862,0.0,0.0,0.0,0.0
2018-04-29 00:00:00+00:00,0.0,0.0,0.0,0.0,0.0
2018-05-06 00:00:00+00:00,0.0,0.0,0.0,0.0,0.0
2018-05-07 00:00:00+00:00,0.025256101,0.0,0.0,0.0,0.0
2018-05-13 00:00:00+00:00,0.0,0.0,0.0,0.0,0.0
2018-05-20 00:00:00+00:00,0.0,0.0,0.0,0.0,0.0
2018-05-27 00:00:00+00:00,0.0,0.0,0.0,0.0,0.0
2018-06-03 00:00:00+00:00,0.0,0.0,0.0,0.0,0.0
2018-06-04 00:00:00+00:00,2.7246832,0.0,0.0,0.0,0.0
2018-06-10 00:00:00+00:00,0.0,0.0,0.0,0.0,0.0
2018-06-11 00:00:00+00:00,0.93806434,0.0,0.0,0.0,0.0
2018-06-17 00:00:00+00:00,0.0,0.0,0.0,0.0,0.0
2018-06-18 00:00:00+00:00,0.025041172,0.0,0.0,0.0,0.0
2018-06-24 00:00:00+00:00,0.0,0.0,0.0,0.0,0.0
2018-07-01 00:00:00+00:00,0.0,0.0,0.0,0.0,0.0
2018-07-08 00:00:00+00:00,0.0,0.0,0.0,0.0,0.0
2018-07-15 00:00:00+00:00,0.0,0.0,0.0,0.0,0.0
2018-07-22 00:00:00+00:00,0.0,0.0,0.0,0.0,0.0
2018-07-29 00:00:00+00:00,0.0,0.0,0.0,0.0,0.0
2018-07-30 00:00:00+00:00,0.88444626,0.0,0.0,0.0,0.0
2018-08-05 00:00:00+00:00,0.0,0.0,0.0,0.0,0.0
2018-08-06 00:00:00+00:00,0.02060206,0.0,0.0,0.0,0.0
2018-08-12 00:00:00+00:00,0.0,0.0,0.0,0.0,0.0
2018-08-19 00:00:00+00:00,0.0,0.0,0.0,0.0,0.0
2018-08-26 00:00:00+00:00,0.0,0.0,0.0,0.0,0.0
2018-09-02 00:00:00+00:00,0.0,0.0,0.0,0.0,0.0
2018-09-09 00:00:00+00:00,0.0,0.0,0.0,0.0,0.0
2018-09-16 00:00:00+00:00,0.0,0.0,0.0,0.0,0.0
2018-09-23 00:00:00+00:00,0.0,0.0,0.0,0.0,0.0
2018-09-30 00:00:00+00:00,0.0,0.0,0.0,0.0,0.0
2018-10-01 00:00:00+00:00,0.015474975,0.0,0.0,0.0,0.0
2018-10-07 00:00:00+00:00,0.0,0.0,0.0,0.0,0.0
2018-10-14 00:00:00+00:00,0.0,0.0,0.0,0.0,0.0
2018-10-15 00:00:00+00:00,0.016772743,0.0,0.0,0.0,0.0
2018-10-21 00:00:00+00:00,0.0,0.0,0.0,0.0,0.0
2018-10-28 00:00:00+00:00,0.0,0.0,0.0,0.0,0.0
2018-10-29 00:00:00+00:00,0.020085227,0.0,0.0,0.0,0.0
2018-11-04 00:00:00+00:00,0.0,0.0,0.0,0.0,0.0
2018-11-05 00:00:00+00:00,0.059042254,0.0,0.0,0.0,0.0
2018-11-11 00:00:00+00:00,0.0,0.0,0.0,0.0,0.0
2018-11-18 00:00:00+00:00,0.0,0.0,0.0,0.0,0.0
2018-11-25 00:00:00+00:00,0.0,0.0,0.0,0.0,0.0
2018-11-26 00:00:00+00:00,0.033488706,0.0,0.0,0.0,0.0
2018-12-02 00:00:00+00:00,0.0,0.0,0.0,0.0,0.0
2018-12-03 00:00:00+00:00,0.020651588,0.0,0.0,0.0,0.0
2018-12-09 00:00:00+00:00,0.0,0.0,0.0,0.0,0.0
2018-12-16 00:00:00+00:00,0.0,0.0,0.0,0.0,0.0
2018-12-17 00:00:00+00:00,0.02002219,0.0,0.0,0.0,0.0
2018-12-23 00:00:00+00:00,0.0,0.0,0.0,0.0,0.0
2018-12-30 00:00:00+00:00,0.0,0.0,0.0,0.0,0.0
2019-01-06 00:00:00+00:00,0.0,0.0,0.0,0.0,0.0
2019-01-07 00:00:00+00:00,0.980962297,0.0,0.0,0.0,0.0
2019-01-13 00:00:00+00:00,0.0,0.0,0.0,0.0,0.0
2019-01-20 00:00:00+00:00,0.0,0.0,0.0,0.0,0.0
2019-01-21 00:00:00+00:00,0.0200618,0.0,0.0,0.0,0.0
2019-01-27 00:00:00+00:00,0.0,0.0,0.0,0.0,0.0
2019-01-28 00:00:00+00:00,0.038063671,0.0,0.0,0.0,0.0
2019-02-03 00:00:00+00:00,0.0,0.0,0.0,0.0,0.0
2019-02-04 00:00:00+00:00,0.018310266,0.0,0.0,0.0,0.0
2019-02-10 00:00:00+00:00,0.0,0.0,0.0,0.0,0.0
2019-02-11 00:00:00+00:00,0.02250573,0.0,0.0,0.0,0.0
2019-02-17 00:00:00+00:00,0.0,0.0,0.0,0.0,0.0
2019-02-24 00:00:00+00:00,0.0,0.0,0.0,0.0,0.0
2019-02-25 00:00:00+00:00,0.015447108,0.0,0.0,0.0,0.0
2019-03-03 00:00:00+00:00,0.0,0.0,0.0,0.0,0.0
2019-03-10 00:00:00+00:00,0.0,0.0,0.0,0.0,0.0
2019-03-11 00:00:00+00:00,0.018296672,0.0,0.0,0.0,0.0
2019-03-17 00:00:00+00:00,0.0,0.0,0.0,0.0,0.0
2019-03-18 00:00:00+00:00,0.014343208,0.0,0.0,0.0,0.0
2019-03-24 00:00:00+00:00,0.0,0.0,0.0,0.0,0.0
2019-03-25 00:00:00+00:00,0.0339660705,0.0,0.0,0.0,0.0
2019-03-31 00:00:00+00:00,0.0,0.0,0.0,0.0,0.0
2019-04-07 00:00:00+00:00,0.0,0.0,0.0,0.0,0.0
2019-04-14 00:00:00+00:00,0.0,0.0,0.0,0.0,0.0
2019-04-21 00:00:00+00:00,0.0,0.0,0.0,0.0,0.0
2019-04-28 00:00:00+00:00,0.0,0.0,0.0,0.0,0.0
2019-04-29 00:00:00+00:00,0.067544555,0.0,0.0,0.0,0.0
2019-05-05 00:00:00+00:00,0.0,0.0,0.0,0.0,0.0
2019-05-12 00:00:00+00:00,0.0,0.0,0.0,0.0,0.0
2019-05-13 00:00:00+00:00,0.939645508,0.0,0.0,0.0,0.0
2019-05-19 00:00:00+00:00,0.0,0.0,0.0,0.0,0.0
2019-05-26 00:00:00+00:00,0.0,0.0,0.0,0.0,0.0
2019-05-27 00:00:00+00:00,0.941680461,0.0,0.0,0.0,0.0
2019-06-02 00:00:00+00:00,0.0,0.0,0.0,0.0,0.0
2019-06-03 00:00:00+00:00,1.8715948560000002,0.0,0.0,0.0,0.0
2019-06-09 00:00:00+00:00,0.0,0.0,0.0,0.0,0.0
2019-06-10 00:00:00+00:00,0.03592065,0.0,0.0,0.0,0.0
2019-06-16 00:00:00+00:00,0.0,0.0,0.0,0.0,0.0
2019-06-23 00:00:00+00:00,0.0,0.0,0.0,0.0,0.0
2019-06-24 00:00:00+00:00,1.85211724,0.0,0.0,0.0,0.0
2019-06-30 00:00:00+00:00,0.0,0.0,0.0,0.0,0.0
2019-07-07 00:00:00+00:00,0.0,0.0,0.0,0.0,0.0
2019-07-08 00:00:00+00:00,0.06704256,0.0,0.0,0.0,0.0
2019-07-14 00:00:00+00:00,0.0,0.0,0.0,0.0,0.0
2019-07-21 00:00:00+00:00,0.0,0.0,0.0,0.0,0.0
2019-07-22 00:00:00+00:00,0.018415503,0.0,0.0,0.0,0.0
2019-07-28 00:00:00+00:00,0.0,0.0,0.0,0.0,0.0
2019-07-29 00:00:00+00:00,0.014651303,0.0,0.0,0.0,0.0
2019-08-04 00:00:00+00:00,0.0,0.0,0.0,0.0,0.0
2019-08-05 00:00:00+00:00,0.039316445,0.0,0.0,0.0,0.0
2019-08-11 00:00:00+00:00,0.0,0.0,0.0,0.0,0.0
2019-08-18 00:00:00+00:00,0.0,0.0,0.0,0.0,0.0
2019-08-19 00:00:00+00:00,1.9012546330000002,0.0,0.0,0.0,0.0
2019-08-25 00:00:00+00:00,0.0,0.0,0.0,0.0,0.0
2019-09-01 00:00:00+00:00,0.0,0.0,0.0,0.0,0.0
2019-09-02 00:00:00+00:00,0.9492414299999999,0.0,0.0,0.0,0.0
2019-09-08 00:00:00+00:00,0.0,0.0,0.0,0.0,0.0
2019-09-09 00:00:00+00:00,0.015603192,0.0,0.0,0.0,0.0
2019-09-15 00:00:00+00:00,0.0,0.0,0.0,0.0,0.0
2019-09-16 00:00:00+00:00,0.9407176530000001,0.0,0.0,0.0,0.0
2019-09-22 00:00:00+00:00,0.0,0.0,0.0,0.0,0.0
2019-09-23 00:00:00+00:00,0.038629485,0.0,0.0,0.0,0.0
2019-09-29 00:00:00+00:00,0.0,0.0,0.0,0.0,0.0
2019-10-06 00:00:00+00:00,0.0,0.0,0.0,0.0,0.0
2019-10-07 00:00:00+00:00,0.018362021,0.0,0.0,0.0,0.0
2019-10-13 00:00:00+00:00,0.0,0.0,0.0,0.0,0.0
2019-10-14 00:00:00+00:00,0.020061335,0.0,0.0,0.0,0.0
2019-10-20 00:00:00+00:00,0.0,0.0,0.0,0.0,0.0
2019-10-21 00:00:00+00:00,0.018386576,0.0,0.0,0.0,0.0
2019-10-27 00:00:00+00:00,0.0,0.0,0.0,0.0,0.0
2019-11-03 00:00:00+00:00,0.0,0.0,0.0,0.0,0.0
2019-11-04 00:00:00+00:00,0.9753364919999999,0.0,0.0,0.0,0.0
2019-11-10 00:00:00+00:00,0.0,0.0,0.0,0.0,0.0
2019-11-17 00:00:00+00:00,0.0,0.0,0.0,0.0,0.0
2019-11-24 00:00:00+00:00,0.0,0.0,0.0,0.0,0.0
2019-11-25 00:00:00+00:00,0.020221516,0.0,0.0,0.0,0.0
2019-12-01 00:00:00+00:00,0.0,0.0,0.0,0.0,0.0
2019-12-02 00:00:00+00:00,0.015446272,0.0,0.0,0.0,0.0
2019-12-08 00:00:00+00:00,0.0,0.0,0.0,0.0,0.0
2019-12-15 00:00:00+00:00,0.0,0.0,0.0,0.0,0.0
2019-12-16 00:00:00+00:00,0.020733418,0.0,0.0,0.0,0.0
2019-12-22 00:00:00+00:00,0.0,0.0,0.0,0.0,0.0
2019-12-29 00:00:00+00:00,0.0,0.0,0.0,0.0,0.0
2020-01-05 00:00:00+00:00,0.0,0.0,0.0,0.0,0.0
2020-01-12 00:00:00+00:00,0.0,0.0,0.0,0.0,0.0
2020-01-13 00:00:00+00:00,0.03342133,0.0,0.0,0.0,0.0
2020-01-19 00:00:00+00:00,0.0,0.0,0.0,0.0,0.0
2020-01-20 00:00:00+00:00,0.035893787999999996,0.0,0.0,0.0,0.0
2020-01-26 00:00:00+00:00,0.0,0.0,0.0,0.0,0.0
2020-01-27 00:00:00+00:00,0.02527139,0.0,0.0,0.0,0.0
2020-02-02 00:00:00+00:00,0.0,0.0,0.0,0.0,0.0
2020-02-03 00:00:00+00:00,0.016927365,0.0,0.0,0.0,0.0
2020-02-09 00:00:00+00:00,0.0,0.0,0.0,0.0,0.0
2020-02-10 00:00:00+00:00,0.92657226,0.0,0.0,0.0,0.0
2020-02-16 00:00:00+00:00,0.0,0.0,0.0,0.0,0.0
2020-02-17 00:00:00+00:00,0.018380271,0.0,0.0,0.0,0.0
2020-02-23 00:00:00+00:00,0.0,0.0,0.0,0.0,0.0
2020-02-24 00:00:00+00:00,0.01565301,0.0,0.0,0.0,0.0
2020-03-01 00:00:00+00:00,0.0,0.0,0.0,0.0,0.0
2020-03-08 00:00:00+00:00,0.0,0.0,0.0,0.0,0.0
2020-03-15 00:00:00+00:00,0.0,0.0,0.0,0.0,0.0
2020-03-16 00:00:00+00:00,0.022530481,0.0,0.0,0.0,0.0
2020-03-22 00:00:00+00:00,0.0,0.0,0.0,0.0,0.0
2020-03-29 00:00:00+00:00,0.0,0.0,0.0,0.0,0.0
2020-03-30 00:00:00+00:00,0.02865099,0.0,0.0,0.0,0.0
2020-04-05 00:00:00+00:00,0.0,0.0,0.0,0.0,0.0
2020-04-06 00:00:00+00:00,0.969506881,0.0,0.0,0.0,0.0
2020-04-12 00:00:00+00:00,0.0,0.0,0.0,0.0,0.0
2020-04-13 00:00:00+00:00,0.018510813,0.0,0.0,0.0,0.0
2020-04-19 00:00:00+00:00,0.0,0.0,0.0,0.0,0.0
2020-04-20 00:00:00+00:00,0.88521254,0.0,0.0,0.0,0.0
2020-04-26 00:00:00+00:00,0.0,0.0,0.0,0.0,0.0
2020-04-27 00:00:00+00:00,0.922405734,0.0,0.0,0.0,0.0
2020-05-03 00:00:00+00:00,0.0,0.0,0.0,0.0,0.0
2020-05-04 00:00:00+00:00,0.025037747,0.0,0.0,0.0,0.0
2020-05-10 00:00:00+00:00,0.0,0.0,0.0,0.0,0.0
2020-05-17 00:00:00+00:00,0.0,0.0,0.0,0.0,0.0
2020-05-24 00:00:00+00:00,0.0,0.0,0.0,0.0,0.0
2020-05-25 00:00:00+00:00,0.018315637,0.0,0.0,0.0,0.0
2020-05-31 00:00:00+00:00,0.0,0.0,0.0,0.0,0.0
2020-06-01 00:00:00+00:00,0.028866883,0.0,0.0,0.0,0.0
2020-06-07 00:00:00+00:00,0.0,0.0,0.0,0.0,0.0
2020-06-08 00:00:00+00:00,0.040907089,0.0,0.0,0.0,0.0
2020-06-14 00:00:00+00:00,0.0,0.0,0.0,0.0,0.0
2020-06-15 00:00:00+00:00,0.34180793,0.0,0.0,0.0,0.0
2020-06-21 00:00:00+00:00,0.0,0.0,0.0,0.0,0.0
2020-06-22 00:00:00+00:00,0.034121912000000004,0.0,0.0,0.0,0.0
2020-06-28 00:00:00+00:00,0.0,0.0,0.0,0.0,0.0
2020-06-29 00:00:00+00:00,0.018410139,0.0,0.0,0.0,0.0
2020-07-05 00:00:00+00:00,0.0,0.0,0.0,0.0,0.0
2020-07-12 00:00:00+00:00,0.0,0.0,0.0,0.0,0.0
2020-07-19 00:00:00+00:00,0.0,0.0,0.0,0.0,0.0
2020-07-26 00:00:00+00:00,0.0,0.0,0.0,0.0,0.0
2020-07-27 00:00:00+00:00,0.957834749,0.0,0.0,0.0,0.0
2020-08-02 00:00:00+00:00,0.0,0.0,0.0,0.0,0.0
2020-08-03 00:00:00+00:00,0.025515845,0.0,0.0,0.0,0.0
2020-08-09 00:00:00+00:00,0.0,0.0,0.0,0.0,0.0
2020-08-16 00:00:00+00:00,0.0,0.0,0.0,0.0,0.0
2020-08-17 00:00:00+00:00,0.0154938465,0.0,0.0,0.0,0.0
2020-08-23 00:00:00+00:00,0.0,0.0,0.0,0.0,0.0
2020-08-30 00:00:00+00:00,0.0,0.0,0.0,0.0,0.0
2020-08-31 00:00:00+00:00,0.025006266,0.0,0.0,0.0,0.0
2020-09-06 00:00:00+00:00,0.0,0.0,0.0,0.0,0.0
2020-09-13 00:00:00+00:00,0.0,0.0,0.0,0.0,0.0
2020-09-14 00:00:00+00:00,0.958084444,0.0,0.0,0.0,0.0
2020-09-20 00:00:00+00:00,0.0,0.0,0.0,0.0,0.0
2020-09-27 00:00:00+00:00,0.0,0.0,0.0,0.0,0.0
2020-09-28 00:00:00+00:00,0.977002807,0.0,0.0,0.0,0.0
2020-10-04 00:00:00+00:00,0.0,0.0,0.0,0.0,0.0
2020-10-11 00:00:00+00:00,0.0,0.0,0.0,0.0,0.0
2020-10-12 00:00:00+00:00,0.04059157,0.0,0.0,0.0,0.0
2020-10-18 00:00:00+00:00,0.0,0.0,0.0,0.0,0.0
2020-10-25 00:00:00+00:00,0.0,0.0,0.0,0.0,0.0
2020-10-26 00:00:00+00:00,0.94214976,0.0,0.0,0.0,0.0
2020-11-01 00:00:00+00:00,0.0,0.0,0.0,0.0,0.0
2020-11-08 00:00:00+00:00,0.0,0.0,0.0,0.0,0.0
2020-11-09 00:00:00+00:00,0.02035499,0.0,0.0,0.0,0.0
2020-11-15 00:00:00+00:00,0.0,0.0,0.0,0.0,0.0
2020-11-16 00:00:00+00:00,0.025193987,0.0,0.0,0.0,0.0
2020-11-22 00:00:00+00:00,0.0,0.0,0.0,0.0,0.0
2020-11-29 00:00:00+00:00,0.0,0.0,0.0,0.0,0.0
2020-11-30 00:00:00+00:00,0.94589186,0.0,0.0,0.0,0.0
2020-12-06 00:00:00+00:00,0.0,0.0,0.0,0.0,0.0
2020-12-07 00:00:00+00:00,0.022299,0.0,0.0,0.0,0.0
2020-12-13 00:00:00+00:00,0.0,0.0,0.0,0.0,0.0
2020-12-14 00:00:00+00:00,0.018278072,0.0,0.0,0.0,0.0
2020-12-20 00:00:00+00:00,0.0,0.0,0.0,0.0,0.0
2020-12-21 00:00:00+00:00,0.0147202555,0.0,0.0,0.0,0.0
2020-12-27 00:00:00+00:00,0.0,0.0,0.0,0.0,0.0
2020-12-28 00:00:00+00:00,0.888794276,0.0,0.0,0.0,0.0
2021-01-03 00:00:00+00:00,0.0,0.0,0.0,0.0,0.0
2021-01-04 00:00:00+00:00,0.020225003,0.0,0.0,0.0,0.0
2021-01-10 00:00:00+00:00,0.0,0.0,0.0,0.0,0.0
2021-01-17 00:00:00+00:00,0.0,0.0,0.0,0.0,0.0
2021-01-18 00:00:00+00:00,0.016801013,0.0,0.0,0.0,0.0
2021-01-24 00:00:00+00:00,0.0,0.0,0.0,0.0,0.0
2021-01-31 00:00:00+00:00,0.0,0.0,0.0,0.0,0.0
2021-02-01 00:00:00+00:00,0.022380605,0.0,0.0,0.0,0.0
2021-02-07 00:00:00+00:00,0.0,0.0,0.0,0.0,0.0
2021-02-08 00:00:00+00:00,0.025190618,0.0,0.0,0.0,0.0
2021-02-14 00:00:00+00:00,0.0,0.0,0.0,0.0,0.0
2021-02-15 00:00:00+00:00,0.018263564,0.0,0.0,0.0,0.0
2021-02-21 00:00:00+00:00,0.0,0.0,0.0,0.0,0.0
2021-02-22 00:00:00+00:00,0.9265637,0.0,0.0,0.0,0.0
2021-02-28 00:00:00+00:00,0.0,0.0,0.0,0.0,0.0
2021-03-07 00:00:00+00:00,0.0,0.0,0.0,0.0,0.0
2021-03-14 00:00:00+00:00,0.0,0.0,0.0,0.0,0.0
2021-03-15 00:00:00+00:00,0.9591577960000001,0.0,0.0,0.0,0.0
2021-03-21 00:00:00+00:00,0.0,0.0,0.0,0.0,0.0
2021-03-22 00:00:00+00:00,0.79853094,0.0,0.0,0.0,0.0
2021-03-28 00:00:00+00:00,0.0,0.0,0.0,0.0,0.0
2021-03-29 00:00:00+00:00,0.016831899,0.0,0.0,0.0,0.0
2021-04-04 00:00:00+00:00,0.0,0.0,0.0,0.0,0.0
2021-04-05 00:00:00+00:00,0.9266568,0.0,0.0,0.0,0.0
2021-04-11 00:00:00+00:00,0.0,0.0,0.0,0.0,0.0
2021-04-18 00:00:00+00:00,0.0,0.0,0.0,0.0,0.0
2021-04-19 00:00:00+00:00,0.018335462,0.0,0.0,0.0,0.0
2021-04-25 00:00:00+00:00,0.0,0.0,0.0,0.0,0.0
2021-05-02 00:00:00+00:00,0.0,0.0,0.0,0.0,0.0
2021-05-03 00:00:00+00:00,0.042469736,0.0,0.0,0.0,0.0
2021-05-09 00:00:00+00:00,0.0,0.0,0.0,0.0,0.0
2021-05-10 00:00:00+00:00,0.039558285,0.0,0.0,0.0,0.0
2021-05-16 00:00:00+00:00,0.0,0.0,0.0,0.0,0.0
2021-05-23 00:00:00+00:00,0.0,0.0,0.0,0.0,0.0
2021-05-30 00:00:00+00:00,0.0,0.0,0.0,0.0,0.0
2021-05-31 00:00:00+00:00,0.020185592,0.0,0.0,0.0,0.0
2021-06-06 00:00:00+00:00,0.0,0.0,0.0,0.0,0.0
2021-06-13 00:00:00+00:00,0.0,0.0,0.0,0.0,0.0
2021-06-14 00:00:00+00:00,0.020146692,0.0,0.0,0.0,0.0
2021-06-20 00:00:00+00:00,0.0,0.0,0.0,0.0,0.0
2021-06-21 00:00:00+00:00,0.9263436,0.0,0.0,0.0,0.0
2021-06-27 00:00:00+00:00,0.0,0.0,0.0,0.0,0.0
2021-07-04 00:00:00+00:00,0.0,0.0,0.0,0.0,0.0
2021-07-11 00:00:00+00:00,0.0,0.0,0.0,0.0,0.0
2021-07-18 00:00:00+00:00,0.0,0.0,0.0,0.0,0.0
2021-07-19 00:00:00+00:00,0.022287184,0.0,0.0,0.0,0.0
2021-07-25 00:00:00+00:00,0.0,0.0,0.0,0.0,0.0
2021-07-26 00:00:00+00:00,0.044058552,0.0,0.0,0.0,0.0
2021-08-01 00:00:00+00:00,0.0,0.0,0.0,0.0,0.0
2021-08-08 00:00:00+00:00,0.0,0.0,0.0,0.0,0.0
2021-08-15 00:00:00+00:00,0.0,0.0,0.0,0.0,0.0
2021-08-16 00:00:00+00:00,0.016711064,0.0,0.0,0.0,0.0
2021-08-22 00:00:00+00:00,0.0,0.0,0.0,0.0,0.0
2021-08-23 00:00:00+00:00,0.89955294,0.0,0.0,0.0,0.0
2021-08-29 00:00:00+00:00,0.0,0.0,0.0,0.0,0.0
2021-08-30 00:00:00+00:00,0.033691198,0.0,0.0,0.0,0.0
2021-09-05 00:00:00+00:00,0.0,0.0,0.0,0.0,0.0
2021-09-06 00:00:00+00:00,0.025356015,0.0,0.0,0.0,0.0
2021-09-12 00:00:00+00:00,0.0,0.0,0.0,0.0,0.0
2021-09-19 00:00:00+00:00,0.0,0.0,0.0,0.0,0.0
2021-09-26 00:00:00+00:00,0.0,0.0,0.0,0.0,0.0
2021-09-27 00:00:00+00:00,0.015509729,0.015479362,0.93797034,0.015447087,0.01559349
2021-10-03 00:00:00+00:00,0.0,0.0,0.0,0.0,0.0
2021-10-10 00:00:00+00:00,0.0,0.0,0.0,0.0,0.0
2021-10-17 00:00:00+00:00,0.0,0.0,0.0,0.0,0.0
2021-10-18 00:00:00+00:00,0.93788475,0.0,0.0,0.0,0.0
