,published_at,topic_class
0,2021-09-29T17:09:39+0000,"[(2, 0.7080317), (7, 0.23471971)]"
1,2016-06-24T13:50:48-0400,"[(3, 0.61905295), (6, 0.36961263)]"
2,2014-03-25T13:29:45-0400,"[(1, 0.998439)]"
3,2009-04-22T19:49:03+0000,"[(7, 0.25134218), (8, 0.1807688), (9, 0.5428599)]"
4,2018-04-14T14:59:04+0000,
5,2017-03-07T23:07:14+0000,"[(2, 0.98731697)]"
6,2017-02-28T11:00:37-0500,"[(8, 0.9946081)]"
7,2020-12-17T06:08:38+0000,"[(2, 0.7375076), (9, 0.21801446)]"
8,2019-07-28T21:00:47+0000,"[(2, 0.7690914), (9, 0.2266025)]"
9,2012-04-05T06:53:57+0000,"[(1, 0.96894014)]"
10,2010-11-30T15:42:50+0000,"[(0, 0.28701925), (6, 0.19653365), (9, 0.47260705)]"
11,2019-02-11T10:04:30+0000,"[(7, 0.49897406), (9, 0.4887069)]"
12,2019-01-30T20:32:22+0000,"[(1, 0.9878251)]"
13,2021-06-03T10:44:44+0000,"[(9, 0.9920964)]"
14,2007-04-30T06:55:55+0000,"[(5, 0.68520105), (9, 0.30920056)]"
15,2015-10-06T19:24:25+0000,"[(2, 0.8094517), (8, 0.17783892)]"
16,2021-05-12T21:01:16+0000,"[(2, 0.99374294)]"
17,2014-05-29T01:01:17+0000,"[(2, 0.9908066)]"
18,2014-05-12T15:38:19+0000,"[(6, 0.49672848), (7, 0.49526274)]"
19,2008-03-04T00:25:24+0000,
20,2015-03-19T19:43:07+0000,"[(2, 0.9863487)]"
21,2016-05-19T03:03:37+0000,"[(0, 0.2520248), (9, 0.7341693)]"
22,2016-12-17T15:07:56+0000,"[(7, 0.9891476)]"
23,2018-02-26T21:26:02+0000,"[(4, 0.89144814), (6, 0.09787605)]"
24,2007-07-05T00:57:16+0000,"[(0, 0.98162156)]"
25,2018-02-28T14:30:29+0000,"[(3, 0.36788845), (9, 0.6278965)]"
26,2010-07-26T14:19:22+0000,"[(2, 0.53266793), (3, 0.1160125), (4, 0.12676813), (9, 0.21675071)]"
27,2012-01-25T20:27:04+0000,"[(6, 0.2231192), (9, 0.7590833)]"
28,2017-07-31T19:31:48+0000,"[(7, 0.705485), (9, 0.27227208)]"
29,2012-04-16T16:44:20+0000,"[(1, 0.5913845), (9, 0.3819222)]"
30,2021-05-11T12:30:01+0000,"[(7, 0.99645376)]"
31,2020-03-18T16:17:43+0000,"[(2, 0.5923929), (3, 0.39990455)]"
32,2019-01-10T20:04:07+0000,"[(7, 0.99387175)]"
33,2019-03-03T17:00:13+0000,"[(9, 0.996321)]"
34,2021-09-03T00:42:01+0000,"[(1, 0.28614202), (6, 0.70432127)]"
35,2007-09-12T04:25:04+0000,"[(6, 0.37743124), (7, 0.016792638), (9, 0.6026865)]"
36,2016-03-22T14:54:22+0000,"[(2, 0.99403393)]"
37,2007-03-16T06:24:33+0000,"[(6, 0.91742533), (9, 0.079046324)]"
38,2009-10-22T17:23:03+0000,"[(3, 0.4215801), (9, 0.56713945)]"
39,2012-01-18T22:09:31+0000,"[(0, 0.01112518), (1, 0.011125058), (2, 0.8998665), (3, 0.011126191), (4, 0.011124808), (5, 0.011125486), (6, 0.011128489), (7, 0.011126255), (8, 0.011124807), (9, 0.011127236)]"
40,2021-02-05T17:30:52+0000,"[(9, 0.9967483)]"
41,2011-10-25T21:19:30+0000,"[(4, 0.982336)]"
42,2013-02-26T09:32:17+0000,"[(1, 0.4337874), (9, 0.5217221)]"
43,2006-12-14T23:29:44+0000,"[(1, 0.5015712), (9, 0.49606675)]"
44,2012-10-08T09:04:00+0000,"[(3, 0.9982164)]"
45,2009-02-09T22:23:28+0000,"[(5, 0.9967253)]"
46,2014-11-13T18:25:56+0000,"[(6, 0.5205388), (8, 0.47506255)]"
47,2010-01-04T20:19:07+0000,"[(0, 0.6337462), (9, 0.34042922)]"
48,2010-07-08T18:10:10+0000,"[(6, 0.6963132), (9, 0.29468608)]"
49,2015-11-23T20:57:10+0000,"[(2, 0.33378434), (9, 0.6579568)]"
50,2008-08-29T15:25:24+0000,"[(0, 0.4798568), (2, 0.06341105), (6, 0.45158136)]"
51,2014-06-17T06:09:51-0400,"[(1, 0.9936116)]"
52,2017-08-30T20:20:38+0000,"[(0, 0.9951583)]"
53,2012-08-30T18:05:09+0000,"[(7, 0.97349757)]"
54,2011-11-18T17:50:14+0000,"[(2, 0.6452405), (9, 0.34163538)]"
55,2016-02-05T15:27:47+0000,"[(0, 0.30699787), (9, 0.6878371)]"
56,2015-01-23T19:24:15+0000,"[(6, 0.99195343)]"
57,2013-02-13T12:55:50+0000,"[(2, 0.995517)]"
58,2011-11-28T15:05:41+0000,"[(2, 0.6786097), (7, 0.31098458)]"
59,2017-10-23T20:11:12+0000,"[(0, 0.9869478)]"
60,2020-09-29T15:55:01+0000,"[(4, 0.97268885), (9, 0.024870254)]"
61,2014-01-02T12:38:05+0000,"[(9, 0.9861404)]"
62,2019-01-11T18:29:51+0000,"[(4, 0.99099374)]"
63,2016-12-14T04:06:02+0000,"[(5, 0.46288002), (9, 0.52842003)]"
64,2013-05-31T17:12:25+0000,"[(5, 0.99061924)]"
65,2020-04-13T21:08:49+0000,"[(2, 0.3139604), (3, 0.041237775), (6, 0.19133914), (9, 0.4505447)]"
66,2021-02-22T13:30:41+0000,"[(7, 0.99554086)]"
67,2014-04-07T20:24:50+0000,"[(2, 0.9389694), (9, 0.055349976)]"
68,2012-11-01T19:27:00+0000,"[(6, 0.50066185), (9, 0.4976653)]"
69,2007-05-04T02:46:24+0000,"[(4, 0.68384695), (6, 0.06721282), (9, 0.24614821)]"
70,2019-06-09T20:35:14+0000,"[(4, 0.98775953)]"
71,2020-02-14T16:54:58+0000,"[(6, 0.9974547)]"
72,2009-07-28T16:50:50+0000,"[(6, 0.95495623)]"
73,2007-04-16T17:48:42+0000,"[(2, 0.9885971)]"
74,2017-10-24T09:26:38+0000,"[(9, 0.99422634)]"
75,2016-07-08T09:29:58-0400,"[(2, 0.08820047), (4, 0.48629138), (9, 0.42369744)]"
76,2011-09-07T14:51:39+0000,"[(2, 0.9499625)]"
77,2020-12-23T16:13:36+0000,"[(2, 0.50433123), (9, 0.48796353)]"
78,2012-07-18T16:51:47+0000,"[(6, 0.61634684), (9, 0.36362913)]"
79,2009-08-17T18:49:35+0000,"[(1, 0.9470161)]"
80,2019-01-21T14:51:25+0000,"[(6, 0.9525512)]"
81,2007-07-18T18:09:35+0000,"[(2, 0.9973809)]"
82,2020-06-09T06:27:35+0000,"[(2, 0.80237), (9, 0.15315534)]"
83,2020-06-29T23:01:54+0000,"[(4, 0.8272319), (9, 0.16927145)]"
84,2012-10-01T20:39:00+0000,
85,2010-06-28T18:32:18+0000,"[(4, 0.94993955)]"
86,2017-01-24T23:15:09+0000,"[(2, 0.5873399), (7, 0.40503237)]"
87,2015-02-13T22:39:51+0000,"[(2, 0.9639661)]"
88,2014-12-05T15:35:11+0000,"[(8, 0.4398305), (9, 0.53588635)]"
89,2016-09-20T11:24:53+0000,"[(2, 0.98887277)]"
90,2011-06-07T17:57:49+0000,"[(6, 0.34228554), (9, 0.6519899)]"
91,2021-10-18T08:00:25+0000,"[(2, 0.5102704), (9, 0.47337446)]"
92,2016-02-05T16:37:00+0000,"[(1, 0.09567878), (2, 0.34750992), (4, 0.25469166), (9, 0.2931494)]"
93,2015-10-12T05:13:49+0000,"[(1, 0.62522453), (6, 0.36567584)]"
94,2015-03-29T03:13:57+0000,"[(6, 0.99261355)]"
95,2012-10-02T18:23:00+0000,"[(3, 0.13549852), (6, 0.6285047), (9, 0.23455016)]"
96,2018-11-30T11:38:30+0000,"[(1, 0.49204773), (2, 0.5027848)]"
97,2016-07-22T11:44:12+0000,"[(2, 0.9964665)]"
98,2011-11-17T11:50:06+0000,"[(3, 0.39612505), (9, 0.55937123)]"
99,2021-02-19T16:48:01+0000,"[(6, 0.9906151)]"
100,2014-08-21T08:59:31+0000,"[(6, 0.13749564), (7, 0.18083179), (9, 0.6583195)]"
101,2018-02-13T05:00:00+0000,"[(7, 0.68961567), (9, 0.307776)]"
102,2012-10-09T06:12:00+0000,"[(9, 0.9871203)]"
103,2008-03-18T01:15:41+0000,"[(2, 0.56026375), (9, 0.4384081)]"
104,2007-08-16T21:27:50+0000,"[(3, 0.33349133), (9, 0.6448636)]"
105,2015-10-16T17:21:29+0000,"[(6, 0.9812176)]"
106,2017-11-08T12:52:00+0000,"[(1, 0.983623)]"
107,2018-05-09T14:37:57+0000,"[(4, 0.46232703), (9, 0.519474)]"
108,2017-04-27T19:23:42+0000,"[(6, 0.9937857)]"
109,2011-06-13T21:32:25+0000,"[(1, 0.9608288)]"
110,2016-07-21T18:59:41+0000,"[(6, 0.46901494), (7, 0.52575)]"
111,2013-05-20T17:39:16+0000,"[(1, 0.99317676)]"
112,2020-09-06T18:58:46+0000,"[(6, 0.99586475)]"
113,2017-06-26T15:12:46+0000,"[(4, 0.6438516), (6, 0.3440163)]"
114,2017-09-06T07:25:38+0000,"[(2, 0.99071217)]"
115,2011-08-16T01:13:41+0000,"[(5, 0.99479425)]"
116,2020-02-28T20:36:23+0000,"[(2, 0.9947324)]"
117,2011-03-30T20:25:57+0000,"[(2, 0.62503254), (3, 0.016646365), (6, 0.13814424), (9, 0.21783008)]"
118,2015-09-25T10:00:00+0000,"[(2, 0.99322593)]"
119,2013-04-09T21:52:09+0000,"[(2, 0.99741936)]"
120,2007-11-12T14:23:23+0000,"[(1, 0.010855554), (6, 0.34379515), (9, 0.641717)]"
121,2020-02-20T03:08:38+0000,"[(2, 0.6545749), (6, 0.30941695), (7, 0.031543296)]"
122,2008-06-11T16:42:59+0000,"[(4, 0.9571072)]"
123,2018-11-07T10:46:58+0000,"[(5, 0.99549776)]"
124,2013-03-11T16:59:38+0000,"[(6, 0.30030158), (9, 0.68367714)]"
125,2016-09-23T09:16:52+0000,"[(3, 0.5479656), (9, 0.4422717)]"
126,2021-09-09T11:40:58+0000,"[(0, 0.010003952), (1, 0.71098024), (2, 0.010005297), (3, 0.010004366), (4, 0.010004256), (5, 0.010002426), (6, 0.010005194), (7, 0.010004869), (8, 0.010002567), (9, 0.20898677)]"
127,2011-05-19T17:45:37+0000,"[(7, 0.94701296)]"
128,2013-07-28T11:00:00+0000,"[(6, 0.9946368)]"
129,2016-08-20T08:11:46+0000,"[(7, 0.99530864)]"
130,2020-09-16T03:07:16+0000,"[(2, 0.47428957), (3, 0.5207361)]"
131,2020-11-12T00:23:38+0000,"[(0, 0.45720387), (9, 0.52768797)]"
132,2008-03-14T09:54:35+0000,"[(3, 0.04878041), (7, 0.9245244)]"
133,2017-03-13T13:30:24+0000,"[(7, 0.9891462)]"
134,2019-03-27T16:51:47+0000,"[(7, 0.59774065), (9, 0.39984745)]"
135,2014-03-18T12:56:09+0000,"[(1, 0.9780248)]"
136,2019-02-01T07:02:21+0000,"[(7, 0.22245376), (9, 0.7241499)]"
137,2016-09-09T09:17:00+0000,"[(2, 0.98675334)]"
138,2021-05-07T13:10:06+0000,"[(2, 0.06033702), (9, 0.93696517)]"
139,2017-01-30T14:06:33+0000,"[(9, 0.9861432)]"
140,2011-07-18T07:54:48+0000,"[(3, 0.9718361)]"
141,2021-02-11T21:53:14+0000,"[(6, 0.63240963), (9, 0.3637197)]"
142,2012-01-11T14:38:47+0000,"[(9, 0.9895257)]"
143,2017-02-02T23:10:50+0000,"[(2, 0.96081847)]"
144,2016-11-30T20:06:08+0000,"[(3, 0.18566203), (6, 0.37113845), (7, 0.11435438), (9, 0.3237525)]"
145,2018-06-06T16:30:41+0000,"[(5, 0.9932295)]"
146,2016-01-11T11:29:03-0500,"[(1, 0.99825454)]"
147,2014-11-29T12:21:36+0000,"[(4, 0.5559887), (6, 0.43065938)]"
148,2020-09-17T15:57:50+0000,"[(2, 0.59887165), (4, 0.30074367), (7, 0.092681356)]"
149,2011-02-07T23:10:42+0000,"[(3, 0.63817656), (9, 0.35217476)]"
150,2015-04-13T16:16:05+0000,"[(9, 0.9952086)]"
151,2012-11-05T06:36:34+0000,"[(3, 0.24160978), (7, 0.72759205)]"
152,2020-12-04T18:28:39+0000,"[(6, 0.99718404)]"
153,2020-10-14T09:48:51+0000,"[(1, 0.8803827), (6, 0.11413232)]"
154,2009-04-01T14:20:14+0000,"[(1, 0.20307992), (6, 0.24517106), (9, 0.5415144)]"
155,2016-07-08T13:34:27+0000,"[(9, 0.9867486)]"
156,2016-04-28T20:26:47+0000,"[(1, 0.95197684), (9, 0.04222189)]"
157,2012-10-08T10:56:30+0000,
158,2020-07-28T15:00:07+0000,"[(7, 0.9973349)]"
159,2018-02-26T06:41:19+0000,"[(6, 0.19337113), (9, 0.8030023)]"
160,2009-08-20T15:32:56+0000,"[(1, 0.9923014)]"
161,2016-03-14T19:58:52+0000,"[(9, 0.98361623)]"
162,2016-12-12T20:19:03+0000,"[(0, 0.079664804), (9, 0.91650355)]"
163,2015-08-03T10:18:40+0000,"[(0, 0.9887426)]"
164,2010-11-12T18:28:03+0000,"[(3, 0.8827537), (9, 0.11634948)]"
165,2007-01-18T19:57:17+0000,"[(7, 0.9938299)]"
166,2016-10-12T09:45:55+0000,"[(1, 0.9871312)]"
167,2011-03-02T13:08:52+0000,"[(6, 0.33030155), (8, 0.18469627), (9, 0.47890913)]"
168,2011-06-11T19:58:27+0000,"[(1, 0.9399274)]"
169,2014-04-24T04:08:05+0000,"[(5, 0.98300844)]"
170,2012-07-10T18:59:14+0000,"[(8, 0.924946)]"
171,2015-06-16T12:56:19+0000,"[(4, 0.9908074)]"
172,2009-09-25T13:31:52+0000,"[(4, 0.43010932), (9, 0.5675558)]"
173,2014-05-08T14:53:51+0000,"[(6, 0.98781866)]"
174,2009-07-14T20:07:09+0000,"[(1, 0.35354394), (9, 0.636687)]"
175,2019-09-26T09:27:32+0000,"[(1, 0.98233813)]"
176,2013-02-28T11:47:45+0000,"[(9, 0.9978603)]"
177,2012-09-24T21:22:51+0000,"[(2, 0.9749672)]"
178,2015-10-14T18:20:54+0000,"[(9, 0.9899921)]"
179,2012-09-10T00:02:03+0000,"[(2, 0.92493767)]"
180,2019-06-04T00:48:42+0000,"[(6, 0.9935642)]"
181,2019-03-12T14:43:17+0000,"[(7, 0.99142087)]"
182,2009-07-06T19:41:44+0000,"[(0, 0.9470221)]"
183,2017-02-03T13:01:52+0000,"[(9, 0.9979485)]"
184,2017-10-12T11:20:30+0000,
185,2007-03-15T01:22:09+0000,"[(3, 0.76708174), (9, 0.22987373)]"
186,2012-10-26T04:59:00+0000,"[(9, 0.992099)]"
187,2015-03-25T16:57:43+0000,"[(6, 0.36721855), (9, 0.62100405)]"
188,2011-02-18T00:01:57+0000,"[(3, 0.9249578)]"
189,2021-04-19T13:06:24+0000,"[(7, 0.99223524)]"
190,2007-11-14T21:36:16+0000,"[(2, 0.9653454)]"
191,2021-07-27T14:17:49+0000,"[(1, 0.46819586), (2, 0.5288384)]"
192,2015-07-04T15:28:03+0000,"[(6, 0.34285867), (9, 0.6529025)]"
193,2020-07-30T16:35:10+0000,"[(6, 0.5720875), (9, 0.4248988)]"
194,2014-02-12T14:24:15+0000,"[(1, 0.3549629), (6, 0.2982423), (9, 0.33780006)]"
195,2012-10-02T13:35:00+0000,"[(9, 0.9977588)]"
196,2021-06-17T13:36:06+0000,"[(3, 0.5305186), (6, 0.46543595)]"
197,2017-08-04T09:36:11+0000,"[(2, 0.5218772), (8, 0.10155183), (9, 0.36611217)]"
198,2018-06-07T15:06:40+0000,"[(7, 0.83734244), (9, 0.15323724)]"
199,2012-06-11T16:32:50+0000,"[(1, 0.9666352)]"
200,2011-01-27T22:45:01+0000,"[(2, 0.94371986)]"
201,2015-05-09T18:00:00+0000,"[(6, 0.46654928), (9, 0.52932006)]"
202,2014-08-25T21:02:12+0000,"[(6, 0.38335633), (7, 0.32008556), (9, 0.29343027)]"
203,2008-05-07T22:43:32+0000,"[(5, 0.9549748)]"
204,2018-06-12T12:37:08+0000,"[(4, 0.4790874), (6, 0.21604422), (9, 0.29651934)]"
205,2015-07-24T22:13:30+0000,"[(2, 0.9915015)]"
206,2015-08-24T01:00:15+0000,"[(2, 0.54917604), (9, 0.44354478)]"
207,2017-05-28T19:12:49+0000,"[(1, 0.4975781), (3, 0.0121417055), (9, 0.48740834)]"
208,2019-05-13T13:51:01+0000,"[(1, 0.7080094), (9, 0.28850907)]"
209,2013-04-17T16:11:36+0000,"[(6, 0.9924908)]"
210,2012-10-02T15:00:00+0000,"[(7, 0.9975658)]"
211,2014-07-18T12:39:41+0000,"[(2, 0.8254371), (3, 0.07897051), (7, 0.08528811)]"
212,2012-10-03T15:24:00+0000,"[(5, 0.9961183)]"
213,2011-10-27T23:36:57+0000,"[(2, 0.97748274)]"
214,2008-12-02T23:03:21+0000,"[(2, 0.81007457), (9, 0.17740622)]"
215,2015-06-20T13:53:30+0000,"[(0, 0.41756344), (2, 0.5758192)]"
216,2016-03-16T23:11:42+0000,"[(2, 0.3374526), (3, 0.46157318), (6, 0.1869586)]"
217,2021-03-30T12:27:27+0000,"[(2, 0.95384306), (9, 0.039749753)]"
218,2017-12-13T21:31:38+0000,"[(2, 0.993376)]"
219,2013-05-14T12:02:00+0000,"[(1, 0.28873727), (2, 0.3313994), (3, 0.03289922), (9, 0.3398116)]"
220,2011-03-31T10:00:22+0000,"[(3, 0.9939956)]"
221,2018-10-31T10:38:22+0000,"[(6, 0.17111157), (7, 0.82694435)]"
222,2015-01-16T13:24:27+0000,"[(7, 0.88840425), (9, 0.07956706)]"
223,2019-08-25T19:04:53+0000,"[(4, 0.42031887), (9, 0.5720541)]"
224,2016-06-20T10:00:00+0000,"[(2, 0.99108064)]"
225,2013-03-25T16:49:04+0000,"[(7, 0.97497874)]"
226,2007-11-20T23:20:17+0000,"[(9, 0.9689325)]"
227,2017-03-28T17:54:40+0000,"[(6, 0.9927321)]"
228,2017-05-30T01:02:20+0000,"[(2, 0.98814684)]"
229,2009-08-07T15:05:40+0000,"[(7, 0.9399462)]"
230,2012-10-24T12:00:00+0000,"[(7, 0.99586874)]"
231,2013-08-16T17:03:20+0000,"[(2, 0.70298594), (6, 0.19469745), (9, 0.09469804)]"
232,2016-06-20T15:20:56+0000,"[(1, 0.3019487), (9, 0.692713)]"
233,2008-12-05T02:12:17+0000,"[(0, 0.7146619), (6, 0.27888232)]"
234,2011-09-26T22:57:13+0000,"[(1, 0.9762968)]"
235,2007-04-20T00:45:20+0000,"[(9, 0.98419386)]"
236,2012-10-03T12:47:00+0000,"[(1, 0.99571097)]"
237,2008-06-13T15:56:23+0000,"[(6, 0.21595879), (9, 0.77595365)]"
238,2012-10-05T17:37:00+0000,"[(0, 0.9909041)]"
239,2015-10-30T06:37:06+0000,"[(9, 0.9841994)]"
240,2017-03-08T19:54:28+0000,"[(9, 0.99663824)]"
241,2018-06-06T09:53:18+0000,"[(4, 0.994111)]"
242,2008-01-24T16:35:23+0000,"[(3, 0.96398294)]"
243,2015-11-24T11:25:41+0000,"[(6, 0.98233765)]"
244,2017-02-09T10:03:23+0000,"[(1, 0.9976725)]"
245,2016-10-21T12:08:24-0400,"[(1, 0.53107023), (2, 0.22822219), (6, 0.23873822)]"
246,2020-06-15T11:48:04+0000,"[(2, 0.9899899)]"
247,2012-11-02T18:26:00+0000,"[(6, 0.5145951), (7, 0.48077434)]"
248,2018-12-20T13:03:48+0000,"[(9, 0.9973888)]"
249,2010-03-04T17:05:29+0000,"[(6, 0.987659)]"
250,2014-10-02T19:56:18+0000,"[(7, 0.9890143)]"
251,2017-04-11T17:15:00+0000,"[(2, 0.50289714), (4, 0.46506098)]"
252,2015-04-28T16:56:26+0000,"[(6, 0.22480297), (8, 0.3748526), (9, 0.3950772)]"
253,2020-01-22T14:26:48+0000,"[(7, 0.9944396)]"
254,2021-03-15T21:39:14+0000,"[(1, 0.62946737), (9, 0.3663623)]"
255,2013-07-15T11:54:10+0000,"[(6, 0.6581297), (7, 0.3236594)]"
256,2019-10-15T13:32:12+0000,"[(6, 0.9969146)]"
257,2017-11-07T18:52:08+0000,"[(9, 0.9924276)]"
258,2015-08-06T20:00:00+0000,"[(9, 0.99841964)]"
259,2013-10-25T22:51:10+0000,"[(9, 0.98901254)]"
260,2012-10-03T06:01:00+0000,"[(5, 0.9978407)]"
261,2019-09-24T22:23:26+0000,"[(9, 0.9966756)]"
262,2015-05-13T14:22:33+0000,"[(1, 0.35755482), (2, 0.6359866)]"
263,2012-10-03T18:53:00+0000,"[(4, 0.99459547)]"
264,2019-11-25T15:11:21+0000,"[(6, 0.7468465), (9, 0.25022966)]"
265,2016-03-10T01:36:05+0000,"[(0, 0.19440258), (7, 0.046165295), (9, 0.75368696)]"
266,2018-01-11T13:51:04+0000,"[(0, 0.29301092), (6, 0.6972243)]"
267,2010-09-07T21:44:38+0000,"[(0, 0.4548442), (2, 0.042007305), (9, 0.4972615)]"
268,2010-10-08T14:47:13+0000,"[(0, 0.68432033), (2, 0.28708875)]"
269,2010-08-19T19:18:53+0000,"[(2, 0.72359324), (3, 0.24157482)]"
270,2007-11-06T14:57:02+0000,"[(9, 0.9549548)]"
271,2012-05-17T17:04:05+0000,"[(6, 0.6505511), (7, 0.30233434)]"
272,2015-01-26T22:47:26+0000,"[(1, 0.97330403), (6, 0.023153322)]"
273,2011-10-07T15:00:51+0000,"[(3, 0.47932622), (6, 0.5174451)]"
274,2015-09-28T00:19:46+0000,"[(7, 0.9861446)]"
275,2020-02-06T16:28:31+0000,"[(0, 0.39255553), (2, 0.49081436), (7, 0.11400578)]"
276,2014-01-26T18:36:10+0000,"[(3, 0.99744827)]"
277,2008-12-29T17:43:45+0000,"[(2, 0.9887391)]"
278,2010-02-23T21:03:25+0000,"[(6, 0.9965079)]"
279,2012-10-01T13:55:00+0000,"[(3, 0.98887694)]"
280,2014-01-20T14:00:00+0000,"[(0, 0.35713175), (7, 0.48076928), (9, 0.14980774)]"
281,2012-10-01T20:06:00+0000,
282,2020-03-31T09:50:29+0000,"[(2, 0.14613563), (3, 0.19569573), (6, 0.39068374), (9, 0.26536086)]"
283,2007-10-03T03:48:34+0000,"[(1, 0.9923015)]"
284,2019-05-31T11:55:17+0000,"[(9, 0.9974268)]"
285,2020-01-27T22:17:55+0000,"[(2, 0.9980631)]"
286,2010-05-19T02:19:35+0000,"[(2, 0.66153073), (3, 0.33286795)]"
287,2012-11-01T15:59:00+0000,"[(6, 0.99595803)]"
288,2020-11-18T20:48:46+0000,"[(0, 0.99332935)]"
289,2016-01-20T00:00:00+0000,"[(0, 0.5508556), (6, 0.3607851), (9, 0.08372013)]"
290,2012-08-30T19:26:04+0000,"[(2, 0.9180762)]"
291,2020-05-04T17:58:29+0000,"[(9, 0.9861395)]"
292,2007-02-16T15:23:11+0000,"[(3, 0.9689294)]"
293,2019-02-08T08:57:19+0000,"[(0, 0.9911712)]"
294,2018-04-11T08:43:15+0000,"[(9, 0.98569775)]"
295,2012-10-26T10:24:05+0000,"[(2, 0.9624648)]"
296,2009-04-20T13:19:42+0000,"[(6, 0.9399364)]"
297,2019-10-24T11:48:02+0000,"[(7, 0.996957)]"
298,2017-07-10T12:01:16+0000,"[(0, 0.5521599), (6, 0.43863627)]"
299,2012-10-10T09:45:00+0000,"[(3, 0.99766624)]"
300,2010-07-08T21:47:16+0000,"[(7, 0.6587752), (9, 0.31897792)]"
301,2007-09-04T17:47:18+0000,"[(6, 0.9960995)]"
302,2011-06-19T12:04:23+0000,"[(3, 0.08088694), (6, 0.7877704), (9, 0.12637171)]"
303,2021-03-15T01:03:39+0000,"[(7, 0.74240756), (9, 0.2531186)]"
304,2019-09-19T14:35:24+0000,"[(0, 0.4344555), (7, 0.2296107), (9, 0.32578126)]"
305,2010-07-19T21:52:34+0000,"[(0, 0.011119117), (1, 0.011118443), (2, 0.011118508), (3, 0.011118993), (4, 0.011119464), (5, 0.38837343), (6, 0.011118517), (7, 0.01111905), (8, 0.011117652), (9, 0.52267677)]"
306,2019-07-10T07:51:02-0400,"[(2, 0.32450852), (8, 0.6640535)]"
307,2017-11-20T16:17:49+0000,"[(5, 0.62278306), (9, 0.36980435)]"
308,2017-12-07T22:02:15+0000,"[(2, 0.9849826)]"
309,2012-06-22T15:47:01+0000,"[(3, 0.9869477)]"
310,2006-12-26T17:43:11+0000,"[(7, 0.418039), (9, 0.57692355)]"
311,2011-02-17T22:45:28+0000,"[(3, 0.2546968), (9, 0.73553604)]"
312,2017-03-09T13:53:00+0000,"[(1, 0.9844666)]"
313,2010-11-08T18:36:52+0000,"[(8, 0.9526025)]"
314,2017-07-24T05:14:30+0000,"[(2, 0.203919), (9, 0.78737587)]"
315,2015-12-27T21:25:25+0000,"[(6, 0.98731005)]"
316,2019-04-30T17:14:38+0000,"[(2, 0.99525833)]"
317,2011-07-06T15:46:48+0000,"[(3, 0.24922109), (9, 0.74667215)]"
318,2013-10-22T20:40:32+0000,"[(2, 0.5775748), (7, 0.40501)]"
319,2014-08-18T13:35:18+0000,"[(4, 0.9892765)]"
320,2008-05-27T23:10:21+0000,"[(3, 0.23290315), (9, 0.7362893)]"
321,2017-04-06T22:33:07+0000,"[(4, 0.4561731), (7, 0.3644544), (9, 0.17082311)]"
322,2020-06-26T17:59:23+0000,"[(2, 0.99701667)]"
323,2013-10-04T22:11:11+0000,"[(6, 0.2564759), (7, 0.7343185)]"
324,2015-03-20T16:55:45+0000,"[(3, 0.2963532), (6, 0.3915211), (9, 0.28709954)]"
325,2006-12-04T19:51:48+0000,"[(0, 0.99099404)]"
326,2009-09-15T09:05:26+0000,"[(2, 0.9956899)]"
327,2013-09-25T06:05:37+0000,"[(3, 0.997168)]"
328,2007-10-29T20:28:20+0000,"[(1, 0.943678)]"
329,2020-08-03T06:12:49+0000,"[(3, 0.27792928), (4, 0.7097471)]"
330,2019-11-08T17:58:48+0000,"[(9, 0.99705654)]"
331,2019-08-22T12:51:36+0000,"[(7, 0.99798054)]"
332,2020-04-08T16:59:29+0000,"[(1, 0.98630625)]"
333,2010-08-04T17:41:20+0000,"[(2, 0.48214138), (4, 0.5113479)]"
334,2019-09-05T05:34:44+0000,"[(3, 0.99713135)]"
335,2018-03-23T01:29:13+0000,"[(2, 0.74946475), (9, 0.24110968)]"
336,2010-02-03T17:47:30+0000,"[(7, 0.9307058)]"
337,2017-02-14T14:00:00+0000,"[(4, 0.99327743)]"
338,2016-09-25T08:07:18+0000,"[(6, 0.99457294)]"
339,2015-09-21T17:27:37+0000,"[(9, 0.9833125)]"
340,2016-03-08T15:08:24+0000,"[(3, 0.9823363)]"
341,2019-08-21T10:57:38+0000,"[(6, 0.09803009), (7, 0.47643587), (9, 0.42192146)]"
342,2011-08-28T02:22:08+0000,"[(4, 0.94995266)]"
343,2019-05-05T15:00:39+0000,"[(5, 0.987992)]"
344,2008-06-26T12:05:08+0000,"[(1, 0.78295), (3, 0.20248874)]"
345,2014-11-25T19:08:51+0000,"[(6, 0.9946053)]"
346,2015-07-29T07:59:52+0000,"[(9, 0.9678238)]"
347,2012-12-12T18:09:32+0000,"[(2, 0.995732)]"
348,2020-01-15T15:33:43+0000,"[(2, 0.996985)]"
349,2009-02-18T05:06:58+0000,"[(4, 0.9904187)]"
350,2021-08-29T10:32:53+0000,"[(4, 0.9971584)]"
351,2020-12-28T20:11:50+0000,"[(2, 0.9915008)]"
352,2020-06-12T18:05:28+0000,"[(5, 0.4311846), (9, 0.56240994)]"
353,2020-12-30T14:34:13+0000,"[(7, 0.99332684)]"
354,2012-10-12T09:55:00+0000,"[(5, 0.44709206), (9, 0.5405891)]"
355,2014-06-03T16:15:52+0000,"[(7, 0.9944047)]"
356,2015-04-10T17:18:57+0000,"[(2, 0.41295016), (9, 0.57576764)]"
357,2017-09-20T10:05:17+0000,"[(4, 0.99071354)]"
358,2008-06-09T16:46:43+0000,"[(6, 0.9924925)]"
359,2015-01-21T12:09:21+0000,"[(4, 0.9768985)]"
360,2012-08-20T16:06:23+0000,"[(3, 0.6646728), (7, 0.31863838)]"
361,2012-02-15T17:46:35+0000,"[(5, 0.98830384)]"
362,2015-10-20T03:43:50+0000,"[(2, 0.095052525), (4, 0.4379299), (9, 0.46092406)]"
363,2016-09-19T21:25:36+0000,"[(2, 0.8055448), (6, 0.18743086)]"
364,2013-07-17T20:28:49+0000,"[(0, 0.71712476), (6, 0.279081)]"
365,2012-10-11T15:00:00+0000,"[(0, 0.9895294)]"
366,2012-10-13T15:31:00+0000,"[(0, 0.98901767)]"
367,2021-08-19T23:04:30+0000,"[(2, 0.6501387), (9, 0.34602916)]"
368,2018-11-05T17:18:36+0000,"[(1, 0.30748197), (9, 0.6883685)]"
369,2019-06-13T11:35:05+0000,"[(2, 0.99173516)]"
370,2017-03-13T09:36:18+0000,"[(9, 0.994572)]"
371,2019-06-27T10:10:06+0000,
372,2012-10-25T22:00:00+0000,
373,2018-08-09T16:12:11+0000,"[(2, 0.3941012), (9, 0.60041165)]"
374,2016-12-07T14:17:33+0000,"[(6, 0.99369735)]"
375,2010-03-03T23:03:07+0000,"[(9, 0.95902973)]"
376,2007-05-09T00:39:49+0000,"[(5, 0.7991708), (9, 0.19447525)]"
377,2008-03-05T23:11:17+0000,"[(4, 0.12901236), (6, 0.5096632), (9, 0.3531616)]"
378,2013-12-06T21:19:27+0000,"[(2, 0.59959775), (5, 0.39179417)]"
379,2019-06-30T22:02:53+0000,"[(2, 0.48138863), (9, 0.5134419)]"
380,2016-09-28T13:23:00+0000,"[(4, 0.99010026)]"
381,2017-10-09T13:00:00+0000,"[(4, 0.9867539)]"
382,2007-03-08T17:48:36+0000,"[(3, 0.18677571), (6, 0.32304525), (9, 0.48301736)]"
383,2014-04-22T21:42:27+0000,"[(2, 0.99188435)]"
384,2008-10-22T20:53:13+0000,"[(3, 0.53571314), (9, 0.45508248)]"
385,2012-05-25T09:28:57+0000,"[(2, 0.7238994), (3, 0.23394297)]"
386,2010-07-08T17:36:53+0000,"[(0, 0.9923682)]"
387,2015-08-10T16:22:16+0000,"[(6, 0.99961776)]"
388,2019-01-08T15:36:11+0000,"[(2, 0.051212084), (5, 0.49629068), (6, 0.450551)]"
389,2019-08-01T15:40:24+0000,"[(2, 0.9936114)]"
390,2019-08-09T05:51:49+0000,"[(7, 0.16671094), (9, 0.7799042)]"
391,2013-08-12T15:06:00+0000,"[(0, 0.9808403)]"
392,2017-08-11T17:29:18+0000,"[(2, 0.055518094), (7, 0.021360373), (9, 0.91662997)]"
393,2008-06-02T17:09:39+0000,"[(2, 0.26508856), (7, 0.6063454), (9, 0.12529153)]"
394,2014-05-24T13:51:32+0000,"[(4, 0.9525804)]"
395,2010-03-05T08:30:05+0000,"[(2, 0.9050875), (9, 0.09265016)]"
396,2012-10-11T06:41:00+0000,"[(2, 0.9986692)]"
397,2015-10-22T10:53:20+0000,"[(2, 0.84149885), (9, 0.1439305)]"
398,2010-03-19T17:05:37+0000,"[(2, 0.30944446), (6, 0.3551446), (7, 0.3259399)]"
399,2016-11-11T10:52:01+0000,"[(6, 0.49657193), (9, 0.49889874)]"
400,2014-04-23T08:50:41+0000,"[(3, 0.99585)]"
401,2014-08-26T22:34:36+0000,"[(2, 0.98730516)]"
402,2014-12-03T03:49:43+0000,"[(4, 0.4573767), (9, 0.53731954)]"
403,2017-07-19T05:07:43+0000,"[(7, 0.9884526)]"
404,2012-07-26T17:14:23+0000,"[(2, 0.9639584)]"
405,2020-04-23T13:45:44+0000,"[(5, 0.46065918), (6, 0.52154666)]"
406,2014-03-10T22:01:33+0000,"[(2, 0.71986467), (9, 0.27585196)]"
407,2018-04-24T18:00:00+0000,"[(6, 0.9931213)]"
408,2012-10-01T20:37:00+0000,
409,2015-12-29T12:57:26-0500,"[(2, 0.9983503)]"
410,2011-06-30T17:01:00+0000,"[(6, 0.49710938), (9, 0.46280578)]"
411,2014-07-03T18:43:22+0000,"[(4, 0.41039196), (8, 0.44342643), (9, 0.14241539)]"
412,2013-11-22T15:59:24+0000,"[(6, 0.14541613), (9, 0.8436088)]"
413,2017-12-01T03:21:36+0000,"[(2, 0.99116534)]"
414,2008-01-03T20:09:35+0000,"[(1, 0.9830025)]"
415,2016-12-06T20:22:56+0000,"[(2, 0.99099183)]"
416,2012-10-01T08:45:00+0000,"[(6, 0.9731784), (9, 0.022344284)]"
417,2013-09-26T20:38:39+0000,"[(9, 0.9931257)]"
418,2015-06-12T16:25:15+0000,"[(2, 0.99443924)]"
419,2014-03-19T13:33:33+0000,"[(2, 0.5173146), (6, 0.40294683), (9, 0.06986369)]"
420,2014-09-13T07:37:39+0000,"[(7, 0.9956059)]"
421,2015-01-08T15:44:21+0000,"[(1, 0.444795), (4, 0.045991015), (9, 0.5002311)]"
422,2011-08-19T16:24:06+0000,"[(2, 0.66809624), (8, 0.31073594)]"
423,2017-06-16T19:38:48+0000,"[(0, 0.9356672)]"
424,2016-03-04T12:09:11-0500,"[(1, 0.9667617), (6, 0.030924464)]"
425,2009-03-13T19:48:28+0000,"[(6, 0.32232982), (9, 0.6701811)]"
426,2017-11-06T11:45:48+0000,"[(6, 0.99041617)]"
427,2018-12-07T23:13:54+0000,"[(2, 0.39713916), (9, 0.59500676)]"
428,2014-06-13T17:18:45+0000,"[(9, 0.9879903)]"
429,2016-05-18T19:00:03+0000,"[(2, 0.32754013), (9, 0.6613413)]"
430,2007-07-19T00:41:29+0000,"[(5, 0.98713493)]"
431,2016-09-22T14:06:44+0000,"[(4, 0.967834)]"
432,2018-02-01T16:48:41+0000,"[(2, 0.5502217), (4, 0.44125855)]"
433,2016-01-25T11:50:21+0000,"[(0, 0.9932296)]"
434,2020-04-27T20:37:31+0000,"[(2, 0.6724004), (7, 0.3184991)]"
435,2010-01-28T01:55:44+0000,"[(4, 0.973506)]"
436,2013-10-22T18:20:00+0000,"[(2, 0.044344727), (3, 0.2683811), (4, 0.38347086), (9, 0.2992524)]"
437,2013-12-31T15:24:27+0000,"[(3, 0.9887419)]"
438,2007-11-14T12:23:16+0000,"[(4, 0.45818108), (9, 0.53900874)]"
439,2016-11-10T16:44:02+0000,"[(2, 0.9890147)]"
440,2012-01-23T19:28:30+0000,"[(2, 0.1194807), (7, 0.4239585), (9, 0.44708744)]"
441,2014-11-13T13:05:19+0000,"[(9, 0.9970173)]"
442,2008-08-06T21:11:08+0000,"[(0, 0.020012137), (1, 0.020012284), (2, 0.020014297), (3, 0.02001234), (4, 0.020012643), (5, 0.8198799), (6, 0.020012783), (7, 0.020016002), (8, 0.020012137), (9, 0.020015543)]"
443,2012-03-16T13:16:28+0000,"[(4, 0.029099703), (7, 0.10920807), (9, 0.84497625)]"
444,2009-05-29T22:04:14+0000,"[(4, 0.98198414)]"
445,2020-08-18T14:00:19+0000,"[(6, 0.4559164), (9, 0.5420652)]"
446,2011-09-19T18:16:00+0000,"[(3, 0.36199573), (9, 0.6226073)]"
447,2008-10-17T23:31:09+0000,"[(4, 0.99426305)]"
448,2012-12-07T17:17:03+0000,"[(7, 0.9976606)]"
449,2014-11-12T17:49:15+0000,"[(4, 0.99632496)]"
450,2012-10-02T12:05:00+0000,"[(4, 0.9900983)]"
451,2012-11-03T01:13:00+0000,"[(3, 0.8364606), (9, 0.16181403)]"
452,2021-03-22T19:36:35+0000,
453,2019-09-19T19:21:13+0000,"[(6, 0.99443823)]"
454,2015-08-21T01:45:47+0000,"[(3, 0.9954969)]"
455,2015-09-17T18:38:35+0000,"[(2, 0.52097553), (7, 0.12865242), (8, 0.08578023), (9, 0.25562638)]"
456,2019-06-04T01:22:15+0000,"[(2, 0.42153934), (4, 0.27876544), (6, 0.29691353)]"
457,2013-11-07T05:25:11+0000,"[(4, 0.36304033), (9, 0.62894946)]"
458,2015-02-12T22:09:35+0000,"[(0, 0.014288587), (1, 0.014288547), (2, 0.014289861), (3, 0.014287979), (4, 0.014288413), (5, 0.014288413), (6, 0.014288522), (7, 0.014288869), (8, 0.014289029), (9, 0.8714017)]"
459,2015-09-16T13:57:24+0000,"[(4, 0.877936), (9, 0.118835896)]"
460,2011-07-20T09:03:50+0000,"[(3, 0.2388763), (7, 0.7290964)]"
461,2014-12-03T21:52:13+0000,"[(8, 0.28859058), (9, 0.70547915)]"
462,2011-04-14T15:32:26+0000,"[(6, 0.2853195), (9, 0.7032382)]"
463,2020-05-26T15:21:01+0000,"[(3, 0.74107033), (9, 0.25295436)]"
464,2015-01-08T16:06:28+0000,"[(6, 0.8633671), (9, 0.1320837)]"
465,2013-04-18T07:45:26+0000,"[(2, 0.9947631)]"
466,2020-10-16T12:11:03+0000,"[(6, 0.9958287)]"
467,2009-11-27T20:53:23+0000,"[(0, 0.7009127), (9, 0.28205502)]"
468,2015-09-16T12:23:44+0000,"[(2, 0.3999663), (9, 0.5829865)]"
469,2016-07-15T02:56:14+0000,"[(6, 0.9893986)]"
470,2015-01-08T22:47:27+0000,"[(4, 0.9950254)]"
471,2020-10-02T11:36:01+0000,"[(7, 0.995979)]"
472,2021-04-05T14:11:33+0000,"[(9, 0.97425807)]"
473,2012-10-08T13:03:00+0000,
474,2010-11-12T00:54:35+0000,"[(7, 0.5615518), (9, 0.42867914)]"
475,2019-04-30T11:20:40+0000,"[(1, 0.43784338), (9, 0.55054814)]"
476,2020-06-01T20:01:48+0000,"[(6, 0.9984358)]"
477,2007-04-16T18:58:07+0000,"[(4, 0.9901026)]"
478,2019-03-25T22:13:40+0000,"[(1, 0.9935208)]"
479,2013-05-13T06:09:57+0000,"[(2, 0.47408378), (7, 0.4168467), (9, 0.10448917)]"
480,2012-04-18T21:50:43+0000,"[(8, 0.9830096)]"
481,2015-01-20T23:02:44+0000,"[(2, 0.23841393), (6, 0.4917612), (9, 0.26595145)]"
482,2017-03-12T11:41:08+0000,
483,2014-02-25T21:27:33+0000,"[(4, 0.4437131), (6, 0.4682246), (9, 0.0816338)]"
484,2013-11-29T17:52:00+0000,"[(3, 0.6164965), (6, 0.17191756), (9, 0.20323737)]"
485,2011-01-27T21:57:03+0000,"[(4, 0.6294031), (9, 0.3669237)]"
486,2017-03-14T15:35:50+0000,
487,2010-07-15T21:28:41+0000,"[(2, 0.20099579), (9, 0.76416945)]"
488,2011-10-21T18:31:23+0000,"[(0, 0.9780367)]"
489,2007-12-17T18:20:49+0000,"[(1, 0.98874205)]"
490,2013-10-24T22:47:47+0000,"[(9, 0.97565746)]"
491,2012-10-24T19:57:00+0000,"[(6, 0.9983961)]"
492,2012-10-02T04:28:00+0000,"[(3, 0.995925)]"
493,2018-03-20T11:44:39+0000,"[(6, 0.31745717), (9, 0.67512524)]"
494,2018-11-07T18:07:18+0000,"[(6, 0.9890083)]"
495,2014-07-31T11:30:42+0000,"[(4, 0.46507084), (9, 0.52332187)]"
496,2012-11-02T15:33:00+0000,"[(3, 0.99780875)]"
497,2012-10-01T12:00:00+0000,"[(7, 0.9969155)]"
498,2011-01-12T18:01:38+0000,"[(5, 0.98332196)]"
499,2008-06-30T12:33:47+0000,"[(6, 0.9980859)]"
500,2012-10-01T12:30:00+0000,
501,2013-11-20T17:45:52-0500,"[(2, 0.3582595), (9, 0.63968575)]"
502,2017-03-15T07:30:00+0000,"[(6, 0.99476135)]"
503,2018-03-02T15:08:06+0000,"[(2, 0.38686368), (3, 0.20388405), (6, 0.38422316)]"
504,2013-10-18T11:16:50+0000,"[(1, 0.17021216), (9, 0.816874)]"
505,2014-12-01T17:19:38+0000,"[(0, 0.10750775), (1, 0.48923996), (9, 0.3820165)]"
506,2009-10-30T17:26:09+0000,"[(1, 0.39785913), (2, 0.058453314), (3, 0.124190964), (6, 0.11267128), (9, 0.3038624)]"
507,2017-02-10T13:25:43+0000,"[(2, 0.70679003), (9, 0.28088757)]"
508,2020-06-23T12:13:25+0000,"[(1, 0.2696628), (6, 0.42537528), (9, 0.29661152)]"
509,2021-08-01T16:02:49+0000,"[(1, 0.57342803), (2, 0.34965637), (9, 0.072590895)]"
510,2010-08-24T15:11:41+0000,"[(2, 0.40153134), (9, 0.55129576)]"
511,2019-12-19T23:16:19+0000,"[(4, 0.9317581), (9, 0.06576306)]"
512,2012-10-09T13:32:00+0000,"[(3, 0.07957847), (7, 0.76477647), (9, 0.15373568)]"
513,2012-10-19T13:55:41+0000,"[(3, 0.49551123), (6, 0.48586455)]"
514,2019-09-09T12:00:15+0000,"[(3, 0.39958194), (4, 0.47553733), (6, 0.11944837)]"
515,2007-07-27T14:09:37+0000,"[(3, 0.49672753), (4, 0.499249)]"
516,2019-11-06T20:51:53+0000,"[(2, 0.93078387), (4, 0.066500664)]"
517,2009-03-14T01:41:48+0000,"[(2, 0.62997615), (8, 0.33189374)]"
518,2008-10-16T20:46:41+0000,"[(3, 0.5212402), (9, 0.47719854)]"
519,2019-10-09T08:04:31+0000,"[(7, 0.79248935), (9, 0.20157889)]"
520,2016-11-08T11:44:01+0000,"[(6, 0.4284795), (7, 0.5672135)]"
521,2019-03-21T14:06:00+0000,"[(6, 0.5364657), (8, 0.45836902)]"
522,2012-04-17T21:30:42+0000,"[(9, 0.9470218)]"
523,2019-06-13T05:59:13+0000,"[(8, 0.3686835), (9, 0.6117868)]"
524,2013-02-25T18:44:43+0000,"[(1, 0.31165397), (6, 0.6713044)]"
525,2019-05-14T14:33:00+0000,"[(1, 0.99599695)]"
526,2015-05-11T10:17:42+0000,"[(6, 0.99236375)]"
527,2021-06-23T16:02:14+0000,"[(1, 0.58633393), (9, 0.40664205)]"
528,2013-08-21T17:42:34+0000,"[(2, 0.34495896), (4, 0.43041384), (9, 0.2156446)]"
529,2016-02-29T15:00:01+0000,"[(7, 0.36310163), (9, 0.6235529)]"
530,2011-07-01T08:15:16+0000,"[(6, 0.99108106)]"
531,2019-12-05T02:05:44+0000,"[(6, 0.78977054), (7, 0.1970983)]"
532,2010-04-07T18:18:38+0000,"[(5, 0.9639719)]"
533,2012-12-10T16:03:48+0000,"[(2, 0.99803317)]"
534,2016-01-04T23:17:56+0000,"[(2, 0.75378215), (8, 0.20618048)]"
535,2016-09-13T16:26:54+0000,"[(6, 0.99967414)]"
536,2019-09-08T15:38:21+0000,"[(2, 0.98160595)]"
537,2018-01-09T08:00:00+0000,"[(8, 0.79282105), (9, 0.20255208)]"
538,2021-07-22T17:55:50+0000,"[(2, 0.35668054), (4, 0.63734263)]"
539,2007-10-29T12:54:58+0000,"[(9, 0.99789524)]"
540,2013-05-06T14:07:28+0000,"[(4, 0.09773317), (6, 0.4138999), (9, 0.47313583)]"
541,2013-06-21T06:49:10+0000,"[(1, 0.12436657), (3, 0.83113116)]"
542,2018-10-03T14:54:53+0000,"[(6, 0.67713594), (9, 0.3141517)]"
543,2011-09-28T22:34:50+0000,"[(2, 0.98198706)]"
544,2014-12-18T20:00:00+0000,"[(4, 0.9867519)]"
545,2008-07-18T17:59:33+0000,"[(1, 0.58002174), (2, 0.16727231), (6, 0.2492867)]"
546,2017-04-12T18:01:42+0000,"[(1, 0.378696), (2, 0.33437017), (6, 0.1419831), (9, 0.14071788)]"
547,2017-09-19T15:39:06+0000,"[(8, 0.9958695)]"
548,2016-06-06T16:44:27+0000,"[(2, 0.89804494), (9, 0.09593542)]"
549,2016-12-12T17:03:20+0000,"[(6, 0.33602974), (7, 0.6602276)]"
550,2014-07-11T11:35:53+0000,"[(0, 0.30760267), (9, 0.6819978)]"
551,2011-03-30T22:28:14+0000,"[(1, 0.025927989), (6, 0.96324486)]"
552,2006-12-27T19:04:26+0000,"[(3, 0.19431865), (7, 0.42439684), (9, 0.37725687)]"
553,2007-07-26T21:45:46+0000,"[(2, 0.9957698)]"
554,2020-04-06T15:05:17+0000,"[(7, 0.9944747)]"
555,2014-02-07T04:14:11+0000,"[(9, 0.9823368)]"
556,2014-02-04T13:47:06+0000,"[(2, 0.776715), (8, 0.18689315)]"
557,2017-03-09T16:52:28+0000,"[(5, 0.069763854), (9, 0.8857263)]"
558,2019-11-05T16:12:55+0000,"[(0, 0.9908105)]"
559,2014-05-13T18:17:33+0000,"[(2, 0.973486)]"
560,2016-10-04T10:38:19+0000,"[(1, 0.9888785)]"
561,2008-01-11T20:32:18+0000,"[(0, 0.011123128), (1, 0.011122971), (2, 0.011123066), (3, 0.011122236), (4, 0.8998948), (5, 0.011122244), (6, 0.01112423), (7, 0.011122622), (8, 0.011121953), (9, 0.011122755)]"
562,2020-01-22T14:44:20+0000,"[(6, 0.66194594), (9, 0.33216396)]"
563,2016-03-16T11:16:26+0000,"[(6, 0.24734233), (7, 0.5392941), (9, 0.20866057)]"
564,2015-09-08T17:05:32+0000,"[(4, 0.9780264)]"
565,2011-06-27T19:57:23+0000,"[(2, 0.46651363), (3, 0.063777134), (6, 0.06731615), (9, 0.39833257)]"
566,2017-02-03T14:17:29+0000,"[(2, 0.7106779), (6, 0.03468289), (9, 0.25230336)]"
567,2011-05-03T22:16:39+0000,"[(3, 0.68199414), (6, 0.31363025)]"
568,2016-10-18T20:55:26+0000,"[(6, 0.16990325), (7, 0.81579787)]"
569,2017-05-18T18:17:43+0000,"[(2, 0.3036683), (6, 0.05306831), (9, 0.6379527)]"
570,2013-01-24T06:43:16+0000,"[(3, 0.061523993), (9, 0.9353593)]"
571,2012-10-02T18:17:00+0000,"[(1, 0.99892646)]"
572,2018-10-19T22:49:46+0000,"[(3, 0.32302958), (6, 0.66948336)]"
573,2014-03-25T16:10:14+0000,"[(9, 0.97629154)]"
574,2008-09-09T16:06:02+0000,"[(3, 0.9399523)]"
575,2021-05-05T12:00:01+0000,"[(2, 0.988449)]"
576,2020-10-30T14:59:22+0000,"[(2, 0.8290287), (7, 0.16355596)]"
577,2017-05-26T11:00:00+0000,"[(9, 0.99700683)]"
578,2016-06-07T06:03:56-0400,"[(4, 0.19311973), (6, 0.11206409), (7, 0.6903804)]"
579,2021-01-05T07:45:24+0000,"[(7, 0.99116737)]"
580,2018-06-22T17:12:18+0000,"[(4, 0.99925923)]"
581,2017-06-14T04:21:58+0000,"[(7, 0.99701774)]"
582,2008-12-17T07:29:56+0000,"[(0, 0.05001912), (1, 0.05001912), (2, 0.050019436), (3, 0.05001912), (4, 0.5498055), (5, 0.05001912), (6, 0.050032906), (7, 0.05002294), (8, 0.05001912), (9, 0.05002362)]"
583,2008-05-15T13:36:35+0000,"[(0, 0.3645745), (9, 0.6318671)]"
584,2012-10-05T04:20:00+0000,"[(9, 0.98782206)]"
585,2016-08-11T12:50:53+0000,"[(6, 0.70525646), (9, 0.28583756)]"
586,2016-11-21T16:59:28+0000,"[(7, 0.37740323), (9, 0.60988456)]"
587,2020-09-29T02:52:01+0000,"[(6, 0.59884125), (9, 0.39726818)]"
588,2017-01-20T12:27:44+0000,"[(2, 0.6130795), (7, 0.19566976), (9, 0.16317533)]"
589,2007-11-19T13:33:13+0000,"[(4, 0.9837097)]"
590,2012-10-04T07:15:00+0000,"[(4, 0.876482), (9, 0.11481214)]"
591,2011-12-16T20:35:04+0000,"[(3, 0.47395146), (6, 0.5147699)]"
592,2018-08-01T18:56:45+0000,"[(0, 0.5978611), (9, 0.395835)]"
593,2021-01-19T14:19:12+0000,"[(9, 0.98654866)]"
594,2016-09-29T15:06:17+0000,"[(7, 0.9895244)]"
595,2013-04-22T17:40:04+0000,"[(4, 0.99188524)]"
596,2012-10-04T04:42:00+0000,
597,2014-06-12T22:09:19+0000,"[(6, 0.8932647), (9, 0.104453914)]"
598,2017-11-21T11:00:34+0000,"[(4, 0.1009458), (5, 0.36675835), (9, 0.5304616)]"
599,2007-02-27T00:21:45+0000,"[(3, 0.4094484), (4, 0.12281247), (9, 0.45863813)]"
600,2010-09-28T02:47:37+0000,"[(2, 0.99051785)]"
601,2010-01-29T22:34:49+0000,"[(2, 0.22939819), (7, 0.75356513)]"
602,2011-08-02T14:28:11+0000,"[(1, 0.9885965)]"
603,2016-12-20T14:38:49+0000,"[(3, 0.9922344)]"
604,2011-08-26T15:09:31+0000,"[(2, 0.99429923)]"
605,2019-08-06T20:15:12+0000,"[(6, 0.4192836), (8, 0.57568085)]"
606,2014-10-06T10:20:19+0000,"[(2, 0.9924285)]"
607,2020-12-10T14:00:09+0000,"[(1, 0.99267775)]"
608,2011-01-28T18:32:12+0000,"[(2, 0.96893317)]"
609,2017-10-30T22:21:45+0000,"[(2, 0.20865601), (6, 0.6366747), (9, 0.15204428)]"
610,2011-09-12T14:40:59+0000,"[(0, 0.8085588), (9, 0.18422924)]"
611,2017-05-05T12:57:54+0000,"[(0, 0.42995206), (2, 0.08177893), (9, 0.48435497)]"
612,2016-06-30T05:00:00+0000,"[(6, 0.8707228), (9, 0.12737961)]"
613,2012-10-25T19:19:00+0000,"[(9, 0.99760413)]"
614,2008-10-23T13:49:17+0000,"[(1, 0.70527065), (2, 0.05554862), (7, 0.12112485), (9, 0.11623578)]"
615,2012-10-01T22:40:00+0000,"[(8, 0.99719495)]"
616,2012-08-09T14:22:30+0000,"[(6, 0.9499004)]"
617,2013-05-06T16:34:27+0000,"[(2, 0.9964406)]"
618,2007-05-17T15:57:16+0000,"[(4, 0.19940881), (5, 0.41297156), (9, 0.36066926)]"
619,2012-03-26T14:01:53+0000,"[(2, 0.40681928), (6, 0.40165594), (8, 0.18578121)]"
620,2010-05-05T17:16:33+0000,"[(4, 0.9699709)]"
621,2019-05-29T15:11:51+0000,"[(7, 0.4416886), (9, 0.55061024)]"
622,2012-10-05T14:59:00+0000,
623,2020-05-02T16:57:58+0000,"[(4, 0.99746996)]"
624,2009-01-15T20:58:24+0000,"[(9, 0.977478)]"
