,Average
1960-04-04,5.55985401459854
1960-04-11,5.55985401459854
1960-04-18,5.55985401459854
1960-04-25,5.55985401459854
1960-05-02,5.76714285714286
1960-05-09,5.76714285714286
1960-05-16,5.76714285714286
1960-05-23,5.76714285714286
1960-05-30,5.76714285714286
1960-06-06,5.59197080291971
1960-06-13,5.59197080291971
1960-06-20,5.59197080291971
1960-06-27,5.59197080291971
1960-07-04,5.88014184397163
1960-07-11,5.88014184397163
1960-07-18,5.88014184397163
1960-07-25,5.88014184397163
1960-08-01,6.19459459459459
1960-08-08,6.19459459459459
1960-08-15,6.19459459459459
1960-08-22,6.19459459459459
1960-08-29,6.19459459459459
1960-09-05,6.1
1960-09-12,6.1
1960-09-19,6.1
1960-09-26,6.1
1960-10-03,6.41920529801325
1960-10-10,6.41920529801325
1960-10-17,6.41920529801325
1960-10-24,6.41920529801325
1960-10-31,6.41920529801325
1960-11-07,6.33841059602649
1960-11-14,6.33841059602649
1960-11-21,6.33841059602649
1960-11-28,6.33841059602649
1960-12-05,6.5968152866242
1960-12-12,6.5968152866242
1960-12-19,6.5968152866242
1960-12-26,6.5968152866242
1961-01-02,6.5968152866242
1961-01-09,6.5968152866242
1961-01-16,6.5968152866242
1961-01-23,6.5968152866242
1961-01-30,6.5968152866242
1961-02-06,6.77950310559006
1961-02-13,6.77950310559006
1961-02-20,6.77950310559006
1961-02-27,6.77950310559006
1961-03-06,6.77594936708861
1961-03-13,6.77594936708861
1961-03-20,6.77594936708861
1961-03-27,6.77594936708861
1961-04-03,6.795
1961-04-10,6.795
1961-04-17,6.795
1961-04-24,6.795
1961-05-01,6.81604938271605
1961-05-08,6.81604938271605
1961-05-15,6.81604938271605
1961-05-22,6.81604938271605
1961-05-29,6.81604938271605
1961-06-05,6.62151898734177
1961-06-12,6.62151898734177
1961-06-19,6.62151898734177
1961-06-26,6.62151898734177
1961-07-03,6.56624203821656
1961-07-10,6.56624203821656
1961-07-17,6.56624203821656
1961-07-24,6.56624203821656
1961-07-31,6.56624203821656
1961-08-07,6.2
1961-08-14,6.2
1961-08-21,6.2
1961-08-28,6.2
1961-09-04,6.29733333333333
1961-09-11,6.29733333333333
1961-09-18,6.29733333333333
1961-09-25,6.29733333333333
1961-10-02,6.00416666666667
1961-10-09,6.00416666666667
1961-10-16,6.00416666666667
1961-10-23,6.00416666666667
1961-10-30,6.00416666666667
1961-11-06,5.5963503649635
1961-11-13,5.5963503649635
1961-11-20,5.5963503649635
1961-11-27,5.5963503649635
1961-12-04,5.51940298507463
1961-12-11,5.51940298507463
1961-12-18,5.51940298507463
1961-12-25,5.51940298507463
1962-01-01,5.44503816793893
1962-01-08,5.44503816793893
1962-01-15,5.44503816793893
1962-01-22,5.44503816793893
1962-01-29,5.44503816793893
1962-02-05,5.41384615384615
1962-02-12,5.41384615384615
1962-02-19,5.41384615384615
1962-02-26,5.41384615384615
1962-03-05,5.35271317829457
1962-03-12,5.35271317829457
1962-03-19,5.35271317829457
1962-03-26,5.35271317829457
1962-04-02,5.28139534883721
1962-04-09,5.28139534883721
1962-04-16,5.28139534883721
1962-04-23,5.28139534883721
1962-04-30,5.28139534883721
1962-05-07,5.1260162601626
1962-05-14,5.1260162601626
1962-05-21,5.1260162601626
1962-05-28,5.1260162601626
1962-06-04,5.1544
1962-06-11,5.1544
1962-06-18,5.1544
1962-06-25,5.1544
1962-07-02,5.26377952755905
1962-07-09,5.26377952755905
1962-07-16,5.26377952755905
1962-07-23,5.26377952755905
1962-07-30,5.26377952755905
1962-08-06,5.27142857142857
1962-08-13,5.27142857142857
1962-08-20,5.27142857142857
1962-08-27,5.27142857142857
1962-09-03,5.2232
1962-09-10,5.2232
1962-09-17,5.2232
1962-09-24,5.2232
1962-10-01,5.0888
1962-10-08,5.0888
1962-10-15,5.0888
1962-10-22,5.0888
1962-10-29,5.0888
1962-11-05,5.34806201550388
1962-11-12,5.34806201550388
1962-11-19,5.34806201550388
1962-11-26,5.34806201550388
1962-12-03,5.3078125
1962-12-10,5.3078125
1962-12-17,5.3078125
1962-12-24,5.3078125
1962-12-31,5.3078125
1963-01-07,5.32769230769231
1963-01-14,5.32769230769231
1963-01-21,5.32769230769231
1963-01-28,5.32769230769231
1963-02-04,5.37480916030534
1963-02-11,5.37480916030534
1963-02-18,5.37480916030534
1963-02-25,5.37480916030534
1963-03-04,5.32769230769231
1963-03-11,5.32769230769231
1963-03-18,5.32769230769231
1963-03-25,5.32769230769231
1963-04-01,5.27142857142857
1963-04-08,5.27142857142857
1963-04-15,5.27142857142857
1963-04-22,5.27142857142857
1963-04-29,5.27142857142857
1963-05-06,5.34806201550388
1963-05-13,5.34806201550388
1963-05-20,5.34806201550388
1963-05-27,5.34806201550388
1963-06-03,5.14918032786885
1963-06-10,5.14918032786885
1963-06-17,5.14918032786885
1963-06-24,5.14918032786885
1963-07-01,5.10165289256198
1963-07-08,5.10165289256198
1963-07-15,5.10165289256198
1963-07-22,5.10165289256198
1963-07-29,5.10165289256198
1963-08-05,4.93193277310924
1963-08-12,4.93193277310924
1963-08-19,4.93193277310924
1963-08-26,4.93193277310924
1963-09-02,4.96115702479339
1963-09-09,4.96115702479339
1963-09-16,4.96115702479339
1963-09-23,4.96115702479339
1963-09-30,4.96115702479339
1963-10-07,4.93529411764706
1963-10-14,4.93529411764706
1963-10-21,4.93529411764706
1963-10-28,4.93529411764706
1963-11-04,4.995
1963-11-11,4.995
1963-11-18,4.995
1963-11-25,4.995
1963-12-02,4.82542372881356
1963-12-09,4.82542372881356
1963-12-16,4.82542372881356
1963-12-23,4.82542372881356
1963-12-30,4.82542372881356
1964-01-06,4.85555555555556
1964-01-13,4.85555555555556
1964-01-20,4.85555555555556
1964-01-27,4.85555555555556
1964-02-03,4.72931034482759
1964-02-10,4.72931034482759
1964-02-17,4.72931034482759
1964-02-24,4.72931034482759
1964-03-02,4.70526315789474
1964-03-09,4.70526315789474
1964-03-16,4.70526315789474
1964-03-23,4.70526315789474
1964-03-30,4.70526315789474
1964-04-06,4.69649122807018
1964-04-13,4.69649122807018
1964-04-20,4.69649122807018
1964-04-27,4.69649122807018
1964-05-04,4.47962962962963
1964-05-11,4.47962962962963
1964-05-18,4.47962962962963
1964-05-25,4.47962962962963
1964-06-01,4.6
1964-06-08,4.6
1964-06-15,4.6
1964-06-22,4.6
1964-06-29,4.6
1964-07-06,4.35607476635514
1964-07-13,4.35607476635514
1964-07-20,4.35607476635514
1964-07-27,4.35607476635514
1964-08-03,4.40740740740741
1964-08-10,4.40740740740741
1964-08-17,4.40740740740741
1964-08-24,4.40740740740741
1964-08-31,4.40740740740741
1964-09-07,4.43644859813084
1964-09-14,4.43644859813084
1964-09-21,4.43644859813084
1964-09-28,4.43644859813084
1964-10-05,4.61531531531532
1964-10-12,4.61531531531532
1964-10-19,4.61531531531532
1964-10-26,4.61531531531532
1964-11-02,4.19019607843137
1964-11-09,4.19019607843137
1964-11-16,4.19019607843137
1964-11-23,4.19019607843137
1964-11-30,4.19019607843137
1964-12-07,4.21764705882353
1964-12-14,4.21764705882353
1964-12-21,4.21764705882353
1964-12-28,4.21764705882353
1965-01-04,4.20196078431373
1965-01-11,4.20196078431373
1965-01-18,4.20196078431373
1965-01-25,4.20196078431373
1965-02-01,4.25576923076923
1965-02-08,4.25576923076923
1965-02-15,4.25576923076923
1965-02-22,4.25576923076923
1965-03-01,4.05151515151515
1965-03-08,4.05151515151515
1965-03-15,4.05151515151515
1965-03-22,4.05151515151515
1965-03-29,4.05151515151515
1965-04-05,4.21538461538462
1965-04-12,4.21538461538462
1965-04-19,4.21538461538462
1965-04-26,4.21538461538462
1965-05-03,3.93877551020408
1965-05-10,3.93877551020408
1965-05-17,3.93877551020408
1965-05-24,3.93877551020408
1965-05-31,3.93877551020408
1965-06-07,3.966
1965-06-14,3.966
1965-06-21,3.966
1965-06-28,3.966
1965-07-05,3.77708333333333
1965-07-12,3.77708333333333
1965-07-19,3.77708333333333
1965-07-26,3.77708333333333
1965-08-02,3.74893617021277
1965-08-09,3.74893617021277
1965-08-16,3.74893617021277
1965-08-23,3.74893617021277
1965-08-30,3.74893617021277
1965-09-06,3.60217391304348
1965-09-13,3.60217391304348
1965-09-20,3.60217391304348
1965-09-27,3.60217391304348
1965-10-04,3.36511627906977
1965-10-11,3.36511627906977
1965-10-18,3.36511627906977
1965-10-25,3.36511627906977
1965-11-01,3.49555555555556
1965-11-08,3.49555555555556
1965-11-15,3.49555555555556
1965-11-22,3.49555555555556
1965-11-29,3.49555555555556
1965-12-06,3.40227272727273
1965-12-13,3.40227272727273
1965-12-20,3.40227272727273
1965-12-27,3.40227272727273
1966-01-03,3.35454545454545
1966-01-10,3.35454545454545
1966-01-17,3.35454545454545
1966-01-24,3.35454545454545
1966-01-31,3.35454545454545
1966-02-07,3.25764705882353
1966-02-14,3.25764705882353
1966-02-21,3.25764705882353
1966-02-28,3.25764705882353
1966-03-07,3.21058823529412
1966-03-14,3.21058823529412
1966-03-21,3.21058823529412
1966-03-28,3.21058823529412
1966-04-04,3.17710843373494
1966-04-11,3.17710843373494
1966-04-18,3.17710843373494
1966-04-25,3.17710843373494
1966-05-02,3.22470588235294
1966-05-09,3.22470588235294
1966-05-16,3.22470588235294
1966-05-23,3.22470588235294
1966-05-30,3.22470588235294
1966-06-06,3.0675
1966-06-13,3.0675
1966-06-20,3.0675
1966-06-27,3.0675
1966-07-04,3.18536585365854
1966-07-11,3.18536585365854
1966-07-18,3.18536585365854
1966-07-25,3.18536585365854
1966-08-01,3.3
1966-08-08,3.3
1966-08-15,3.3
1966-08-22,3.3
1966-08-29,3.3
1966-09-05,3.28850574712644
1966-09-12,3.28850574712644
1966-09-19,3.28850574712644
1966-09-26,3.28850574712644
1966-10-03,3.16506024096386
1966-10-10,3.16506024096386
1966-10-17,3.16506024096386
1966-10-24,3.16506024096386
1966-10-31,3.16506024096386
1966-11-07,3.20238095238095
1966-11-14,3.20238095238095
1966-11-21,3.20238095238095
1966-11-28,3.20238095238095
1966-12-05,3.26666666666667
1966-12-12,3.26666666666667
1966-12-19,3.26666666666667
1966-12-26,3.26666666666667
1967-01-02,3.40344827586207
1967-01-09,3.40344827586207
1967-01-16,3.40344827586207
1967-01-23,3.40344827586207
1967-01-30,3.40344827586207
1967-02-06,3.41162790697674
1967-02-13,3.41162790697674
1967-02-20,3.41162790697674
1967-02-27,3.41162790697674
1967-03-06,3.41739130434783
1967-03-13,3.41739130434783
1967-03-20,3.41739130434783
1967-03-27,3.41739130434783
1967-04-03,3.48222222222222
1967-04-10,3.48222222222222
1967-04-17,3.48222222222222
1967-04-24,3.48222222222222
1967-05-01,3.39885057471264
1967-05-08,3.39885057471264
1967-05-15,3.39885057471264
1967-05-22,3.39885057471264
1967-05-29,3.39885057471264
1967-06-05,3.39318181818182
1967-06-12,3.39318181818182
1967-06-19,3.39318181818182
1967-06-26,3.39318181818182
1967-07-03,3.39885057471264
1967-07-10,3.39885057471264
1967-07-17,3.39885057471264
1967-07-24,3.39885057471264
1967-07-31,3.39885057471264
1967-08-07,3.35348837209302
1967-08-14,3.35348837209302
1967-08-21,3.35348837209302
1967-08-28,3.35348837209302
1967-09-04,3.41162790697674
1967-09-11,3.41162790697674
1967-09-18,3.41162790697674
1967-09-25,3.41162790697674
1967-10-02,3.68279569892473
1967-10-09,3.68279569892473
1967-10-16,3.68279569892473
1967-10-23,3.68279569892473
1967-10-30,3.68279569892473
1967-11-06,3.57608695652174
1967-11-13,3.57608695652174
1967-11-20,3.57608695652174
1967-11-27,3.57608695652174
1967-12-04,3.73578947368421
1967-12-11,3.73578947368421
1967-12-18,3.73578947368421
1967-12-25,3.73578947368421
1968-01-01,3.64193548387097
1968-01-08,3.64193548387097
1968-01-15,3.64193548387097
1968-01-22,3.64193548387097
1968-01-29,3.64193548387097
1968-02-05,3.73578947368421
1968-02-12,3.73578947368421
1968-02-19,3.73578947368421
1968-02-26,3.73578947368421
1968-03-04,3.82
1968-03-11,3.82
1968-03-18,3.82
1968-03-25,3.82
1968-04-01,3.68913043478261
1968-04-08,3.68913043478261
1968-04-15,3.68913043478261
1968-04-22,3.68913043478261
1968-04-29,3.68913043478261
1968-05-06,3.63186813186813
1968-05-13,3.63186813186813
1968-05-20,3.63186813186813
1968-05-27,3.63186813186813
1968-06-03,3.89368421052632
1968-06-10,3.89368421052632
1968-06-17,3.89368421052632
1968-06-24,3.89368421052632
1968-07-01,3.86288659793815
1968-07-08,3.86288659793815
1968-07-15,3.86288659793815
1968-07-22,3.86288659793815
1968-07-29,3.86288659793815
1968-08-05,3.74731182795699
1968-08-12,3.74731182795699
1968-08-19,3.74731182795699
1968-08-26,3.74731182795699
1968-09-02,3.55227272727273
1968-09-09,3.55227272727273
1968-09-16,3.55227272727273
1968-09-23,3.55227272727273
1968-09-30,3.55227272727273
1968-10-07,3.61011235955056
1968-10-14,3.61011235955056
1968-10-21,3.61011235955056
1968-10-28,3.61011235955056
1968-11-04,3.68651685393258
1968-11-11,3.68651685393258
1968-11-18,3.68651685393258
1968-11-25,3.68651685393258
1968-12-02,3.66888888888889
1968-12-09,3.66888888888889
1968-12-16,3.66888888888889
1968-12-23,3.66888888888889
1968-12-30,3.66888888888889
1969-01-06,3.55227272727273
1969-01-13,3.55227272727273
1969-01-20,3.55227272727273
1969-01-27,3.55227272727273
1969-02-03,3.53820224719101
1969-02-10,3.53820224719101
1969-02-17,3.53820224719101
1969-02-24,3.53820224719101
1969-03-03,3.49540229885057
1969-03-10,3.49540229885057
1969-03-17,3.49540229885057
1969-03-24,3.49540229885057
1969-03-31,3.49540229885057
1969-04-07,3.55227272727273
1969-04-14,3.55227272727273
1969-04-21,3.55227272727273
1969-04-28,3.55227272727273
1969-05-05,3.59555555555556
1969-05-12,3.59555555555556
1969-05-19,3.59555555555556
1969-05-26,3.59555555555556
1969-06-02,3.61956521739131
1969-06-09,3.61956521739131
1969-06-16,3.61956521739131
1969-06-23,3.61956521739131
1969-06-30,3.61956521739131
1969-07-07,3.57555555555556
1969-07-14,3.57555555555556
1969-07-21,3.57555555555556
1969-07-28,3.57555555555556
1969-08-04,3.7043956043956
1969-08-11,3.7043956043956
1969-08-18,3.7043956043956
1969-08-25,3.7043956043956
1969-09-01,3.72391304347826
1969-09-08,3.72391304347826
1969-09-15,3.72391304347826
1969-09-22,3.72391304347826
1969-09-29,3.72391304347826
1969-10-06,3.89368421052632
1969-10-13,3.89368421052632
1969-10-20,3.89368421052632
1969-10-27,3.89368421052632
1969-11-03,3.78131868131868
1969-11-10,3.78131868131868
1969-11-17,3.78131868131868
1969-11-24,3.78131868131868
1969-12-01,3.7043956043956
1969-12-08,3.7043956043956
1969-12-15,3.7043956043956
1969-12-22,3.7043956043956
1969-12-29,3.7043956043956
1970-01-05,3.86
1970-01-12,3.86
1970-01-19,3.86
1970-01-26,3.86
1970-02-02,4.20196078431373
1970-02-09,4.20196078431373
1970-02-16,4.20196078431373
1970-02-23,4.20196078431373
1970-03-02,4.47169811320755
1970-03-09,4.47169811320755
1970-03-16,4.47169811320755
1970-03-23,4.47169811320755
1970-03-30,4.47169811320755
1970-04-06,4.62142857142857
1970-04-13,4.62142857142857
1970-04-20,4.62142857142857
1970-04-27,4.62142857142857
1970-05-04,4.94786324786325
1970-05-11,4.94786324786325
1970-05-18,4.94786324786325
1970-05-25,4.94786324786325
1970-06-01,5.15950413223141
1970-06-08,5.15950413223141
1970-06-15,5.15950413223141
1970-06-22,5.15950413223141
1970-06-29,5.15950413223141
1970-07-06,5.34920634920635
1970-07-13,5.34920634920635
1970-07-20,5.34920634920635
1970-07-27,5.34920634920635
1970-08-03,5.21451612903226
1970-08-10,5.21451612903226
1970-08-17,5.21451612903226
1970-08-24,5.21451612903226
1970-08-31,5.21451612903226
1970-09-07,5.26377952755905
1970-09-14,5.26377952755905
1970-09-21,5.26377952755905
1970-09-28,5.26377952755905
1970-10-05,5.3078125
1970-10-12,5.3078125
1970-10-19,5.3078125
1970-10-26,5.3078125
1970-11-02,5.54210526315789
1970-11-09,5.54210526315789
1970-11-16,5.54210526315789
1970-11-23,5.54210526315789
1970-11-30,5.54210526315789
1970-12-07,5.71037037037037
1970-12-14,5.71037037037037
1970-12-21,5.71037037037037
1970-12-28,5.71037037037037
1971-01-04,5.64090909090909
1971-01-11,5.64090909090909
1971-01-18,5.64090909090909
1971-01-25,5.64090909090909
1971-02-01,5.66716417910448
1971-02-08,5.66716417910448
1971-02-15,5.66716417910448
1971-02-22,5.66716417910448
1971-03-01,5.66268656716418
1971-03-08,5.66268656716418
1971-03-15,5.66268656716418
1971-03-22,5.66268656716418
1971-03-29,5.66268656716418
1971-04-05,5.82554744525547
1971-04-12,5.82554744525547
1971-04-19,5.82554744525547
1971-04-26,5.82554744525547
1971-05-03,5.56515151515152
1971-05-10,5.56515151515152
1971-05-17,5.56515151515152
1971-05-24,5.56515151515152
1971-05-31,5.56515151515152
1971-06-07,5.56515151515152
1971-06-14,5.56515151515152
1971-06-21,5.56515151515152
1971-06-28,5.56515151515152
1971-07-05,5.61278195488722
1971-07-12,5.61278195488722
1971-07-19,5.61278195488722
1971-07-26,5.61278195488722
1971-08-02,5.58955223880597
1971-08-09,5.58955223880597
1971-08-16,5.58955223880597
1971-08-23,5.58955223880597
1971-08-30,5.58955223880597
1971-09-06,5.66268656716418
1971-09-13,5.66268656716418
1971-09-20,5.66268656716418
1971-09-27,5.66268656716418
1971-10-04,5.59850746268657
1971-10-11,5.59850746268657
1971-10-18,5.59850746268657
1971-10-25,5.59850746268657
1971-11-01,5.63925925925926
1971-11-08,5.63925925925926
1971-11-15,5.63925925925926
1971-11-22,5.63925925925926
1971-11-29,5.63925925925926
1971-12-06,5.47142857142857
1971-12-13,5.47142857142857
1971-12-20,5.47142857142857
1971-12-27,5.47142857142857
1972-01-03,5.42424242424242
1972-01-10,5.42424242424242
1972-01-17,5.42424242424242
1972-01-24,5.42424242424242
1972-01-31,5.42424242424242
1972-02-07,5.27829457364341
1972-02-14,5.27829457364341
1972-02-21,5.27829457364341
1972-02-28,5.27829457364341
1972-03-06,5.47443609022556
1972-03-13,5.47443609022556
1972-03-20,5.47443609022556
1972-03-27,5.47443609022556
1972-04-03,5.27829457364341
1972-04-10,5.27829457364341
1972-04-17,5.27829457364341
1972-04-24,5.27829457364341
1972-05-01,5.42878787878788
1972-05-08,5.42878787878788
1972-05-15,5.42878787878788
1972-05-22,5.42878787878788
1972-05-29,5.42878787878788
1972-06-05,5.53283582089552
1972-06-12,5.53283582089552
1972-06-19,5.53283582089552
1972-06-26,5.53283582089552
1972-07-03,5.48947368421053
1972-07-10,5.48947368421053
1972-07-17,5.48947368421053
1972-07-24,5.48947368421053
1972-07-31,5.48947368421053
1972-08-07,5.54328358208955
1972-08-14,5.54328358208955
1972-08-21,5.54328358208955
1972-08-28,5.54328358208955
1972-09-04,5.48208955223881
1972-09-11,5.48208955223881
1972-09-18,5.48208955223881
1972-09-25,5.48208955223881
1972-10-02,5.65294117647059
1972-10-09,5.65294117647059
1972-10-16,5.65294117647059
1972-10-23,5.65294117647059
1972-10-30,5.65294117647059
1972-11-06,5.4206106870229
1972-11-13,5.4206106870229
1972-11-20,5.4206106870229
1972-11-27,5.4206106870229
1972-12-04,5.38153846153846
1972-12-11,5.38153846153846
1972-12-18,5.38153846153846
1972-12-25,5.38153846153846
1973-01-01,5.11463414634146
1973-01-08,5.11463414634146
1973-01-15,5.11463414634146
1973-01-22,5.11463414634146
1973-01-29,5.11463414634146
1973-02-05,5.06198347107438
1973-02-12,5.06198347107438
1973-02-19,5.06198347107438
1973-02-26,5.06198347107438
1973-03-05,4.85555555555556
1973-03-12,4.85555555555556
1973-03-19,4.85555555555556
1973-03-26,4.85555555555556
1973-04-02,4.82542372881356
1973-04-09,4.82542372881356
1973-04-16,4.82542372881356
1973-04-23,4.82542372881356
1973-04-30,4.82542372881356
1973-05-07,4.66034482758621
1973-05-14,4.66034482758621
1973-05-21,4.66034482758621
1973-05-28,4.66034482758621
1973-06-04,4.71196581196581
1973-06-11,4.71196581196581
1973-06-18,4.71196581196581
1973-06-25,4.71196581196581
1973-07-02,4.63333333333333
1973-07-09,4.63333333333333
1973-07-16,4.63333333333333
1973-07-23,4.63333333333333
1973-07-30,4.63333333333333
1973-08-06,4.65221238938053
1973-08-13,4.65221238938053
1973-08-20,4.65221238938053
1973-08-27,4.65221238938053
1973-09-03,4.79401709401709
1973-09-10,4.79401709401709
1973-09-17,4.79401709401709
1973-09-24,4.79401709401709
1973-10-01,4.81228070175439
1973-10-08,4.81228070175439
1973-10-15,4.81228070175439
1973-10-22,4.81228070175439
1973-10-29,4.81228070175439
1973-11-05,4.75913043478261
1973-11-12,4.75913043478261
1973-11-19,4.75913043478261
1973-11-26,4.75913043478261
1973-12-03,4.77017543859649
1973-12-10,4.77017543859649
1973-12-17,4.77017543859649
1973-12-24,4.77017543859649
1973-12-31,4.77017543859649
1974-01-07,4.78793103448276
1974-01-14,4.78793103448276
1974-01-21,4.78793103448276
1974-01-28,4.78793103448276
1974-02-04,4.76666666666667
1974-02-11,4.76666666666667
1974-02-18,4.76666666666667
1974-02-25,4.76666666666667
1974-03-04,4.7017094017094
1974-03-11,4.7017094017094
1974-03-18,4.7017094017094
1974-03-25,4.7017094017094
1974-04-01,4.71896551724138
1974-04-08,4.71896551724138
1974-04-15,4.71896551724138
1974-04-22,4.71896551724138
1974-04-29,4.71896551724138
1974-05-06,4.81864406779661
1974-05-13,4.81864406779661
1974-05-20,4.81864406779661
1974-05-27,4.81864406779661
1974-06-03,4.77350427350427
1974-06-10,4.77350427350427
1974-06-17,4.77350427350427
1974-06-24,4.77350427350427
1974-07-01,4.86974789915966
1974-07-08,4.86974789915966
1974-07-15,4.86974789915966
1974-07-22,4.86974789915966
1974-07-29,4.86974789915966
1974-08-05,4.9260162601626
1974-08-12,4.9260162601626
1974-08-19,4.9260162601626
1974-08-26,4.9260162601626
1974-09-02,5.19133858267717
1974-09-09,5.19133858267717
1974-09-16,5.19133858267717
1974-09-23,5.19133858267717
1974-09-30,5.19133858267717
1974-10-07,5.20923076923077
1974-10-14,5.20923076923077
1974-10-21,5.20923076923077
1974-10-28,5.20923076923077
1974-11-04,5.63284671532847
1974-11-11,5.63284671532847
1974-11-18,5.63284671532847
1974-11-25,5.63284671532847
1974-12-02,6.08926174496644
1974-12-09,6.08926174496644
1974-12-16,6.08926174496644
1974-12-23,6.08926174496644
1974-12-30,6.08926174496644
1975-01-06,6.95269461077844
1975-01-13,6.95269461077844
1975-01-20,6.95269461077844
1975-01-27,6.95269461077844
1975-02-03,6.81272727272727
1975-02-10,6.81272727272727
1975-02-17,6.81272727272727
1975-02-24,6.81272727272727
1975-03-03,7.1035294117647
1975-03-10,7.1035294117647
1975-03-17,7.1035294117647
1975-03-24,7.1035294117647
1975-03-31,7.1035294117647
1975-04-07,7.18888888888889
1975-04-14,7.18888888888889
1975-04-21,7.18888888888889
1975-04-28,7.18888888888889
1975-05-05,7.48539325842697
1975-05-12,7.48539325842697
1975-05-19,7.48539325842697
1975-05-26,7.48539325842697
1975-06-02,7.36818181818182
1975-06-09,7.36818181818182
1975-06-16,7.36818181818182
1975-06-23,7.36818181818182
1975-06-30,7.36818181818182
1975-07-07,7.21445086705202
1975-07-14,7.21445086705202
1975-07-21,7.21445086705202
1975-07-28,7.21445086705202
1975-08-04,7.15977011494253
1975-08-11,7.15977011494253
1975-08-18,7.15977011494253
1975-08-25,7.15977011494253
1975-09-01,7.06184971098266
1975-09-08,7.06184971098266
1975-09-15,7.06184971098266
1975-09-22,7.06184971098266
1975-09-29,7.06184971098266
1975-10-06,7.16440677966102
1975-10-13,7.16440677966102
1975-10-20,7.16440677966102
1975-10-27,7.16440677966102
1975-11-03,7.11022727272727
1975-11-10,7.11022727272727
1975-11-17,7.11022727272727
1975-11-24,7.11022727272727
1975-12-01,6.97398843930636
1975-12-08,6.97398843930636
1975-12-15,6.97398843930636
1975-12-22,6.97398843930636
1975-12-29,6.97398843930636
1976-01-05,6.85555555555555
1976-01-12,6.85555555555555
1976-01-19,6.85555555555555
1976-01-26,6.85555555555555
1976-02-02,6.72395209580838
1976-02-09,6.72395209580838
1976-02-16,6.72395209580838
1976-02-23,6.72395209580838
1976-03-01,6.54294478527607
1976-03-08,6.54294478527607
1976-03-15,6.54294478527607
1976-03-22,6.54294478527607
1976-03-29,6.54294478527607
1976-04-05,6.62289156626506
1976-04-12,6.62289156626506
1976-04-19,6.62289156626506
1976-04-26,6.62289156626506
1976-05-03,6.5109756097561
1976-05-10,6.5109756097561
1976-05-17,6.5109756097561
1976-05-24,6.5109756097561
1976-05-31,6.5109756097561
1976-06-07,6.62848484848485
1976-06-14,6.62848484848485
1976-06-21,6.62848484848485
1976-06-28,6.62848484848485
1976-07-05,6.95348837209302
1976-07-12,6.95348837209302
1976-07-19,6.95348837209302
1976-07-26,6.95348837209302
1976-08-02,6.81952662721894
1976-08-09,6.81952662721894
1976-08-16,6.81952662721894
1976-08-23,6.81952662721894
1976-08-30,6.81952662721894
1976-09-06,6.6722891566265
1976-09-13,6.6722891566265
1976-09-20,6.6722891566265
1976-09-27,6.6722891566265
1976-10-04,6.90350877192982
1976-10-11,6.90350877192982
1976-10-18,6.90350877192982
1976-10-25,6.90350877192982
1976-11-01,6.95348837209302
1976-11-08,6.95348837209302
1976-11-15,6.95348837209302
1976-11-22,6.95348837209302
1976-11-29,6.95348837209302
1976-12-06,7.03684210526316
1976-12-13,7.03684210526316
1976-12-20,7.03684210526316
1976-12-27,7.03684210526316
1977-01-03,6.91882352941176
1977-01-10,6.91882352941176
1977-01-17,6.91882352941176
1977-01-24,6.91882352941176
1977-01-31,6.91882352941176
1977-02-07,7.09542857142857
1977-02-14,7.09542857142857
1977-02-21,7.09542857142857
1977-02-28,7.09542857142857
1977-03-07,6.95348837209302
1977-03-14,6.95348837209302
1977-03-21,6.95348837209302
1977-03-28,6.95348837209302
1977-04-04,6.93294117647059
1977-04-11,6.93294117647059
1977-04-18,6.93294117647059
1977-04-25,6.93294117647059
1977-05-02,6.7603550295858
1977-05-09,6.7603550295858
1977-05-16,6.7603550295858
1977-05-23,6.7603550295858
1977-05-30,6.7603550295858
1977-06-06,6.84736842105263
1977-06-13,6.84736842105263
1977-06-20,6.84736842105263
1977-06-27,6.84736842105263
1977-07-04,6.87894736842105
1977-07-11,6.87894736842105
1977-07-18,6.87894736842105
1977-07-25,6.87894736842105
1977-08-01,6.9906976744186
1977-08-08,6.9906976744186
1977-08-15,6.9906976744186
1977-08-22,6.9906976744186
1977-08-29,6.9906976744186
1977-09-05,6.96666666666667
1977-09-12,6.96666666666667
1977-09-19,6.96666666666667
1977-09-26,6.96666666666667
1977-10-03,7.04152046783626
1977-10-10,7.04152046783626
1977-10-17,7.04152046783626
1977-10-24,7.04152046783626
1977-10-31,7.04152046783626
1977-11-07,7.08034682080925
1977-11-14,7.08034682080925
1977-11-21,7.08034682080925
1977-11-28,7.08034682080925
1977-12-05,6.91882352941176
1977-12-12,6.91882352941176
1977-12-19,6.91882352941176
1977-12-26,6.91882352941176
1978-01-02,6.80119047619048
1978-01-09,6.80119047619048
1978-01-16,6.80119047619048
1978-01-23,6.80119047619048
1978-01-30,6.80119047619048
1978-02-06,6.75119047619048
1978-02-13,6.75119047619048
1978-02-20,6.75119047619048
1978-02-27,6.75119047619048
1978-03-06,6.86941176470588
1978-03-13,6.86941176470588
1978-03-20,6.86941176470588
1978-03-27,6.86941176470588
1978-04-03,6.74311377245509
1978-04-10,6.74311377245509
1978-04-17,6.74311377245509
1978-04-24,6.74311377245509
1978-05-01,6.81952662721894
1978-05-08,6.81952662721894
1978-05-15,6.81952662721894
1978-05-22,6.81952662721894
1978-05-29,6.81952662721894
1978-06-05,6.66626506024096
1978-06-12,6.66626506024096
1978-06-19,6.66626506024096
1978-06-26,6.66626506024096
1978-07-03,6.71676646706587
1978-07-10,6.71676646706587
1978-07-17,6.71676646706587
1978-07-24,6.71676646706587
1978-07-31,6.71676646706587
1978-08-07,6.66626506024096
1978-08-14,6.66626506024096
1978-08-21,6.66626506024096
1978-08-28,6.66626506024096
1978-09-04,6.68571428571429
1978-09-11,6.68571428571429
1978-09-18,6.68571428571429
1978-09-25,6.68571428571429
1978-10-02,6.52592592592593
1978-10-09,6.52592592592593
1978-10-16,6.52592592592593
1978-10-23,6.52592592592593
1978-10-30,6.52592592592593
1978-11-06,6.61829268292683
1978-11-13,6.61829268292683
1978-11-20,6.61829268292683
1978-11-27,6.61829268292683
1978-12-04,6.65030303030303
1978-12-11,6.65030303030303
1978-12-18,6.65030303030303
1978-12-25,6.65030303030303
1979-01-01,6.55766871165644
1979-01-08,6.55766871165644
1979-01-15,6.55766871165644
1979-01-22,6.55766871165644
1979-01-29,6.55766871165644
1979-02-05,6.46603773584906
1979-02-12,6.46603773584906
1979-02-19,6.46603773584906
1979-02-26,6.46603773584906
1979-03-05,6.35822784810127
1979-03-12,6.35822784810127
1979-03-19,6.35822784810127
1979-03-26,6.35822784810127
1979-04-02,6.41823899371069
1979-04-09,6.41823899371069
1979-04-16,6.41823899371069
1979-04-23,6.41823899371069
1979-04-30,6.41823899371069
1979-05-07,6.12631578947368
1979-05-14,6.12631578947368
1979-05-21,6.12631578947368
1979-05-28,6.12631578947368
1979-06-04,6.04304635761589
1979-06-11,6.04304635761589
1979-06-18,6.04304635761589
1979-06-25,6.04304635761589
1979-07-02,5.90529801324503
1979-07-09,5.90529801324503
1979-07-16,5.90529801324503
1979-07-23,5.90529801324503
1979-07-30,5.90529801324503
1979-08-06,5.9640522875817
1979-08-13,5.9640522875817
1979-08-20,5.9640522875817
1979-08-27,5.9640522875817
1979-09-03,5.89328859060403
1979-09-10,5.89328859060403
1979-09-17,5.89328859060403
1979-09-24,5.89328859060403
1979-10-01,6.02941176470588
1979-10-08,6.02941176470588
1979-10-15,6.02941176470588
1979-10-22,6.02941176470588
1979-10-29,6.02941176470588
1979-11-05,5.99078947368421
1979-11-12,5.99078947368421
1979-11-19,5.99078947368421
1979-11-26,5.99078947368421
1979-12-03,6.04210526315789
1979-12-10,6.04210526315789
1979-12-17,6.04210526315789
1979-12-24,6.04210526315789
1979-12-31,6.04210526315789
1980-01-07,6.34076433121019
1980-01-14,6.34076433121019
1980-01-21,6.34076433121019
1980-01-28,6.34076433121019
1980-02-04,6.39620253164557
1980-02-11,6.39620253164557
1980-02-18,6.39620253164557
1980-02-25,6.39620253164557
1980-03-03,6.39620253164557
1980-03-10,6.39620253164557
1980-03-17,6.39620253164557
1980-03-24,6.39620253164557
1980-03-31,6.39620253164557
1980-04-07,6.68072289156626
1980-04-14,6.68072289156626
1980-04-21,6.68072289156626
1980-04-28,6.68072289156626
1980-05-05,6.99942196531792
1980-05-12,6.99942196531792
1980-05-19,6.99942196531792
1980-05-26,6.99942196531792
1980-06-02,7.01511627906977
1980-06-09,7.01511627906977
1980-06-16,7.01511627906977
1980-06-23,7.01511627906977
1980-06-30,7.01511627906977
1980-07-07,7.04597701149425
1980-07-14,7.04597701149425
1980-07-21,7.04597701149425
1980-07-28,7.04597701149425
1980-08-04,6.98045977011494
1980-08-11,6.98045977011494
1980-08-18,6.98045977011494
1980-08-25,6.98045977011494
1980-09-01,6.75833333333333
1980-09-08,6.75833333333333
1980-09-15,6.75833333333333
1980-09-22,6.75833333333333
1980-09-29,6.75833333333333
1980-10-06,6.74260355029586
1980-10-13,6.74260355029586
1980-10-20,6.74260355029586
1980-10-27,6.74260355029586
1980-11-03,6.68224852071006
1980-11-10,6.68224852071006
1980-11-17,6.68224852071006
1980-11-24,6.68224852071006
1980-12-01,6.58502994011976
1980-12-08,6.58502994011976
1980-12-15,6.58502994011976
1980-12-22,6.58502994011976
1980-12-29,6.58502994011976
1981-01-05,6.78941176470588
1981-01-12,6.78941176470588
1981-01-19,6.78941176470588
1981-01-26,6.78941176470588
1981-02-02,6.7140350877193
1981-02-09,6.7140350877193
1981-02-16,6.7140350877193
1981-02-23,6.7140350877193
1981-03-02,6.72705882352941
1981-03-09,6.72705882352941
1981-03-16,6.72705882352941
1981-03-23,6.72705882352941
1981-03-30,6.72705882352941
1981-04-06,6.49030303030303
1981-04-13,6.49030303030303
1981-04-20,6.49030303030303
1981-04-27,6.49030303030303
1981-05-04,6.66941176470588
1981-05-11,6.66941176470588
1981-05-18,6.66941176470588
1981-05-25,6.66941176470588
1981-06-01,6.66941176470588
1981-06-08,6.66941176470588
1981-06-15,6.66941176470588
1981-06-22,6.66941176470588
1981-06-29,6.66941176470588
1981-07-06,6.53734939759036
1981-07-13,6.53734939759036
1981-07-20,6.53734939759036
1981-07-27,6.53734939759036
1981-08-03,6.60120481927711
1981-08-10,6.60120481927711
1981-08-17,6.60120481927711
1981-08-24,6.60120481927711
1981-08-31,6.60120481927711
1981-09-07,7.16256983240224
1981-09-14,7.16256983240224
1981-09-21,7.16256983240224
1981-09-28,7.16256983240224
1981-10-05,7.39891304347826
1981-10-12,7.39891304347826
1981-10-19,7.39891304347826
1981-10-26,7.39891304347826
1981-11-02,7.58617021276596
1981-11-09,7.58617021276596
1981-11-16,7.58617021276596
1981-11-23,7.58617021276596
1981-11-30,7.58617021276596
1981-12-07,7.87525773195876
1981-12-14,7.87525773195876
1981-12-21,7.87525773195876
1981-12-28,7.87525773195876
1982-01-04,7.87422680412371
1982-01-11,7.87422680412371
1982-01-18,7.87422680412371
1982-01-25,7.87422680412371
1982-02-01,8.163
1982-02-08,8.163
1982-02-15,8.163
1982-02-22,8.163
1982-03-01,8.3873786407767
1982-03-08,8.3873786407767
1982-03-15,8.3873786407767
1982-03-22,8.3873786407767
1982-03-29,8.3873786407767
1982-04-05,8.77663551401869
1982-04-12,8.77663551401869
1982-04-19,8.77663551401869
1982-04-26,8.77663551401869
1982-05-03,9.07909090909091
1982-05-10,9.07909090909091
1982-05-17,9.07909090909091
1982-05-24,9.07909090909091
1982-05-31,9.07909090909091
1982-06-07,9.57272727272727
1982-06-14,9.57272727272727
1982-06-21,9.57272727272727
1982-06-28,9.57272727272727
1982-07-05,10.1
1982-07-12,10.1
1982-07-19,10.1
1982-07-26,10.1
1982-08-02,10.1796680497925
1982-08-09,10.1796680497925
1982-08-16,10.1796680497925
1982-08-23,10.1796680497925
1982-08-30,10.1796680497925
1982-09-06,10.5032128514056
1982-09-13,10.5032128514056
1982-09-20,10.5032128514056
1982-09-27,10.5032128514056
1982-10-04,10.884496124031
1982-10-11,10.884496124031
1982-10-18,10.884496124031
1982-10-25,10.884496124031
1982-11-01,11.0655172413793
1982-11-08,11.0655172413793
1982-11-15,11.0655172413793
1982-11-22,11.0655172413793
1982-11-29,11.0655172413793
1982-12-06,11.155303030303
1982-12-13,11.155303030303
1982-12-20,11.155303030303
1982-12-27,11.155303030303
1983-01-03,9.82069632495165
1983-01-10,9.82069632495165
1983-01-17,9.82069632495165
1983-01-24,9.82069632495165
1983-01-31,9.82069632495165
1983-02-07,9.82185686653772
1983-02-14,9.82185686653772
1983-02-21,9.82185686653772
1983-02-28,9.82185686653772
1983-03-07,9.75836575875486
1983-03-14,9.75836575875486
1983-03-21,9.75836575875486
1983-03-28,9.75836575875486
1983-04-04,9.78416988416989
1983-04-11,9.78416988416989
1983-04-18,9.78416988416989
1983-04-25,9.78416988416989
1983-05-02,9.7766859344894
1983-05-09,9.7766859344894
1983-05-16,9.7766859344894
1983-05-23,9.7766859344894
1983-05-30,9.7766859344894
1983-06-06,9.85172413793103
1983-06-13,9.85172413793103
1983-06-20,9.85172413793103
1983-06-27,9.85172413793103
1983-07-04,9.57945205479452
1983-07-11,9.57945205479452
1983-07-18,9.57945205479452
1983-07-25,9.57945205479452
1983-08-01,9.54288499025341
1983-08-08,9.54288499025341
1983-08-15,9.54288499025341
1983-08-22,9.54288499025341
1983-08-29,9.54288499025341
1983-09-05,9.44409448818898
1983-09-12,9.44409448818898
1983-09-19,9.44409448818898
1983-09-26,9.44409448818898
1983-10-03,9.3624254473161
1983-10-10,9.3624254473161
1983-10-17,9.3624254473161
1983-10-24,9.3624254473161
1983-10-31,9.3624254473161
1983-11-07,9.36361829025845
1983-11-14,9.36361829025845
1983-11-21,9.36361829025845
1983-11-28,9.36361829025845
1983-12-05,9.38452380952381
1983-12-12,9.38452380952381
1983-12-19,9.38452380952381
1983-12-26,9.38452380952381
1984-01-02,9.32350597609562
1984-01-09,9.32350597609562
1984-01-16,9.32350597609562
1984-01-23,9.32350597609562
1984-01-30,9.32350597609562
1984-02-06,9.34183266932271
1984-02-13,9.34183266932271
1984-02-20,9.34183266932271
1984-02-27,9.34183266932271
1984-03-05,9.3251497005988
1984-03-12,9.3251497005988
1984-03-19,9.3251497005988
1984-03-26,9.3251497005988
1984-04-02,9.39960317460318
1984-04-09,9.39960317460318
1984-04-16,9.39960317460318
1984-04-23,9.39960317460318
1984-04-30,9.39960317460318
1984-05-07,9.40796812749004
1984-05-14,9.40796812749004
1984-05-21,9.40796812749004
1984-05-28,9.40796812749004
1984-06-04,9.31563126252505
1984-06-11,9.31563126252505
1984-06-18,9.31563126252505
1984-06-25,9.31563126252505
1984-07-02,9.3675944333996
1984-07-09,9.3675944333996
1984-07-16,9.3675944333996
1984-07-23,9.3675944333996
1984-07-30,9.3675944333996
1984-08-06,9.42301587301587
1984-08-13,9.42301587301587
1984-08-20,9.42301587301587
1984-08-27,9.42301587301587
1984-09-03,9.58251473477407
1984-09-10,9.58251473477407
1984-09-17,9.58251473477407
1984-09-24,9.58251473477407
1984-10-01,9.48102766798419
1984-10-08,9.48102766798419
1984-10-15,9.48102766798419
1984-10-22,9.48102766798419
1984-10-29,9.48102766798419
1984-11-05,9.51185770750988
1984-11-12,9.51185770750988
1984-11-19,9.51185770750988
1984-11-26,9.51185770750988
1984-12-03,9.48772277227723
1984-12-10,9.48772277227723
1984-12-17,9.48772277227723
1984-12-24,9.48772277227723
1984-12-31,9.48772277227723
1985-01-07,9.39
1985-01-14,9.39
1985-01-21,9.39
1985-01-28,9.39
1985-02-04,9.4191235059761
1985-02-11,9.4191235059761
1985-02-18,9.4191235059761
1985-02-25,9.4191235059761
1985-03-04,9.46825396825397
1985-03-11,9.46825396825397
1985-03-18,9.46825396825397
1985-03-25,9.46825396825397
1985-04-01,9.46381709741551
1985-04-08,9.46381709741551
1985-04-15,9.46381709741551
1985-04-22,9.46381709741551
1985-04-29,9.46381709741551
1985-05-06,9.39740518962076
1985-05-13,9.39740518962076
1985-05-20,9.39740518962076
1985-05-27,9.39740518962076
1985-06-03,9.42896825396825
1985-06-10,9.42896825396825
1985-06-17,9.42896825396825
1985-06-24,9.42896825396825
1985-07-01,9.37290836653387
1985-07-08,9.37290836653387
1985-07-15,9.37290836653387
1985-07-22,9.37290836653387
1985-07-29,9.37290836653387
1985-08-05,9.32776659959759
1985-08-12,9.32776659959759
1985-08-19,9.32776659959759
1985-08-26,9.32776659959759
1985-09-02,9.30320641282565
1985-09-09,9.30320641282565
1985-09-16,9.30320641282565
1985-09-23,9.30320641282565
1985-09-30,9.30320641282565
1985-10-07,9.3256
1985-10-14,9.3256
1985-10-21,9.3256
1985-10-28,9.3256
1985-11-04,9.32035928143713
1985-11-11,9.32035928143713
1985-11-18,9.32035928143713
1985-11-25,9.32035928143713
1985-12-02,9.31716566866267
1985-12-09,9.31716566866267
1985-12-16,9.31716566866267
1985-12-23,9.31716566866267
1985-12-30,9.31716566866267
1986-01-06,9.21034482758621
1986-01-13,9.21034482758621
1986-01-20,9.21034482758621
1986-01-27,9.21034482758621
1986-02-03,9.25291750503018
1986-02-10,9.25291750503018
1986-02-17,9.25291750503018
1986-02-24,9.25291750503018
1986-03-03,9.27314629258517
1986-03-10,9.27314629258517
1986-03-17,9.27314629258517
1986-03-24,9.27314629258517
1986-03-31,9.27314629258517
1986-04-07,9.2776
1986-04-14,9.2776
1986-04-21,9.2776
1986-04-28,9.2776
1986-05-05,9.2952
1986-05-12,9.2952
1986-05-19,9.2952
1986-05-26,9.2952
1986-06-02,9.30717131474104
1986-06-09,9.30717131474104
1986-06-16,9.30717131474104
1986-06-23,9.30717131474104
1986-06-30,9.30717131474104
1986-07-07,9.320675944334
1986-07-14,9.320675944334
1986-07-21,9.320675944334
1986-07-28,9.320675944334
1986-08-04,9.33585657370518
1986-08-11,9.33585657370518
1986-08-18,9.33585657370518
1986-08-25,9.33585657370518
1986-09-01,9.36666666666667
1986-09-08,9.36666666666667
1986-09-15,9.36666666666667
1986-09-22,9.36666666666667
1986-09-29,9.36666666666667
1986-10-06,9.35338645418327
1986-10-13,9.35338645418327
1986-10-20,9.35338645418327
1986-10-27,9.35338645418327
1986-11-03,9.33665338645418
1986-11-10,9.33665338645418
1986-11-17,9.33665338645418
1986-11-24,9.33665338645418
1986-12-01,9.36600397614314
1986-12-08,9.36600397614314
1986-12-15,9.36600397614314
1986-12-22,9.36600397614314
1986-12-29,9.36600397614314
1987-01-05,9.30876494023904
1987-01-12,9.30876494023904
1987-01-19,9.30876494023904
1987-01-26,9.30876494023904
1987-02-02,9.30838323353293
1987-02-09,9.30838323353293
1987-02-16,9.30838323353293
1987-02-23,9.30838323353293
1987-03-02,9.26392785571142
1987-03-09,9.26392785571142
1987-03-16,9.26392785571142
1987-03-23,9.26392785571142
1987-03-30,9.26392785571142
1987-04-06,9.17302231237323
1987-04-13,9.17302231237323
1987-04-20,9.17302231237323
1987-04-27,9.17302231237323
1987-05-04,9.11663286004057
1987-05-11,9.11663286004057
1987-05-18,9.11663286004057
1987-05-25,9.11663286004057
1987-06-01,9.10936863543788
1987-06-08,9.10936863543788
1987-06-15,9.10936863543788
1987-06-22,9.10936863543788
1987-06-29,9.10936863543788
1987-07-06,9.01097308488613
1987-07-13,9.01097308488613
1987-07-20,9.01097308488613
1987-07-27,9.01097308488613
1987-08-03,8.93966597077244
1987-08-10,8.93966597077244
1987-08-17,8.93966597077244
1987-08-24,8.93966597077244
1987-08-31,8.93966597077244
1987-09-07,8.85729386892178
1987-09-14,8.85729386892178
1987-09-21,8.85729386892178
1987-09-28,8.85729386892178
1987-10-05,8.80063694267516
1987-10-12,8.80063694267516
1987-10-19,8.80063694267516
1987-10-26,8.80063694267516
1987-11-02,8.70258064516129
1987-11-09,8.70258064516129
1987-11-16,8.70258064516129
1987-11-23,8.70258064516129
1987-11-30,8.70258064516129
1987-12-07,8.61913043478261
1987-12-14,8.61913043478261
1987-12-21,8.61913043478261
1987-12-28,8.61913043478261
1988-01-04,8.53851203501094
1988-01-11,8.53851203501094
1988-01-18,8.53851203501094
1988-01-25,8.53851203501094
1988-02-01,8.4682119205298
1988-02-08,8.4682119205298
1988-02-15,8.4682119205298
1988-02-22,8.4682119205298
1988-02-29,8.4682119205298
1988-03-07,8.40601336302895
1988-03-14,8.40601336302895
1988-03-21,8.40601336302895
1988-03-28,8.40601336302895
1988-04-04,8.35823927765237
1988-04-11,8.35823927765237
1988-04-18,8.35823927765237
1988-04-25,8.35823927765237
1988-05-02,8.31399548532731
1988-05-09,8.31399548532731
1988-05-16,8.31399548532731
1988-05-23,8.31399548532731
1988-05-30,8.31399548532731
1988-06-06,8.23623853211009
1988-06-13,8.23623853211009
1988-06-20,8.23623853211009
1988-06-27,8.23623853211009
1988-07-04,8.21441647597254
1988-07-11,8.21441647597254
1988-07-18,8.21441647597254
1988-07-25,8.21441647597254
1988-08-01,8.20068337129841
1988-08-08,8.20068337129841
1988-08-15,8.20068337129841
1988-08-22,8.20068337129841
1988-08-29,8.20068337129841
1988-09-05,8.21441647597254
1988-09-12,8.21441647597254
1988-09-19,8.21441647597254
1988-09-26,8.21441647597254
1988-10-03,8.17113163972287
1988-10-10,8.17113163972287
1988-10-17,8.17113163972287
1988-10-24,8.17113163972287
1988-10-31,8.17113163972287
1988-11-07,8.14733178654292
1988-11-14,8.14733178654292
1988-11-21,8.14733178654292
1988-11-28,8.14733178654292
1988-12-05,8.06197183098592
1988-12-12,8.06197183098592
1988-12-19,8.06197183098592
1988-12-26,8.06197183098592
1989-01-02,8.03160377358491
1989-01-09,8.03160377358491
1989-01-16,8.03160377358491
1989-01-23,8.03160377358491
1989-01-30,8.03160377358491
1989-02-06,7.99216152019002
1989-02-13,7.99216152019002
1989-02-20,7.99216152019002
1989-02-27,7.99216152019002
1989-03-06,7.94019138755981
1989-03-13,7.94019138755981
1989-03-20,7.94019138755981
1989-03-27,7.94019138755981
1989-04-03,7.97173396674584
1989-04-10,7.97173396674584
1989-04-17,7.97173396674584
1989-04-24,7.97173396674584
1989-05-01,7.94641148325359
1989-05-08,7.94641148325359
1989-05-15,7.94641148325359
1989-05-22,7.94641148325359
1989-05-29,7.94641148325359
1989-06-05,7.88357487922705
1989-06-12,7.88357487922705
1989-06-19,7.88357487922705
1989-06-26,7.88357487922705
1989-07-03,7.8772397094431
1989-07-10,7.8772397094431
1989-07-17,7.8772397094431
1989-07-24,7.8772397094431
1989-07-31,7.8772397094431
1989-08-07,7.81512195121951
1989-08-14,7.81512195121951
1989-08-21,7.81512195121951
1989-08-28,7.81512195121951
1989-09-04,7.77872860635697
1989-09-11,7.77872860635697
1989-09-18,7.77872860635697
1989-09-25,7.77872860635697
1989-10-02,7.6920987654321
1989-10-09,7.6920987654321
1989-10-16,7.6920987654321
1989-10-23,7.6920987654321
1989-10-30,7.6920987654321
1989-11-06,7.75085574572127
1989-11-13,7.75085574572127
1989-11-20,7.75085574572127
1989-11-27,7.75085574572127
1989-12-04,7.76894865525672
1989-12-11,7.76894865525672
1989-12-18,7.76894865525672
1989-12-25,7.76894865525672
1990-01-01,7.71907090464548
1990-01-08,7.71907090464548
1990-01-15,7.71907090464548
1990-01-22,7.71907090464548
1990-01-29,7.71907090464548
1990-02-05,7.64716049382716
1990-02-12,7.64716049382716
1990-02-19,7.64716049382716
1990-02-26,7.64716049382716
1990-03-05,7.54242424242424
1990-03-12,7.54242424242424
1990-03-19,7.54242424242424
1990-03-26,7.54242424242424
1990-04-02,7.59054726368159
1990-04-09,7.59054726368159
1990-04-16,7.59054726368159
1990-04-23,7.59054726368159
1990-04-30,7.59054726368159
1990-05-07,7.61464019851117
1990-05-14,7.61464019851117
1990-05-21,7.61464019851117
1990-05-28,7.61464019851117
1990-06-04,7.5525
1990-06-11,7.5525
1990-06-18,7.5525
1990-06-25,7.5525
1990-07-02,7.6049504950495
1990-07-09,7.6049504950495
1990-07-16,7.6049504950495
1990-07-23,7.6049504950495
1990-07-30,7.6049504950495
1990-08-06,7.67248157248157
1990-08-13,7.67248157248157
1990-08-20,7.67248157248157
1990-08-27,7.67248157248157
1990-09-03,7.7833734939759
1990-09-10,7.7833734939759
1990-09-17,7.7833734939759
1990-09-24,7.7833734939759
1990-10-01,7.85761904761905
1990-10-08,7.85761904761905
1990-10-15,7.85761904761905
1990-10-22,7.85761904761905
1990-10-29,7.85761904761905
1990-11-05,7.96792452830189
1990-11-12,7.96792452830189
1990-11-19,7.96792452830189
1990-11-26,7.96792452830189
1990-12-03,8.12222222222222
1990-12-10,8.12222222222222
1990-12-17,8.12222222222222
1990-12-24,8.12222222222222
1990-12-31,8.12222222222222
1991-01-07,7.67514597549457
1991-01-14,7.67514597549457
1991-01-21,7.67514597549457
1991-01-28,7.67514597549457
1991-02-04,7.81433393966428
1991-02-11,7.81433393966428
1991-02-18,7.81433393966428
1991-02-25,7.81433393966428
1991-03-04,7.97044043116467
1991-03-11,7.97044043116467
1991-03-18,7.97044043116467
1991-03-25,7.97044043116467
1991-04-01,7.95098728010358
1991-04-08,7.95098728010358
1991-04-15,7.95098728010358
1991-04-22,7.95098728010358
1991-04-29,7.95098728010358
1991-05-06,7.98738702685261
1991-05-13,7.98738702685261
1991-05-20,7.98738702685261
1991-05-27,7.98738702685261
1991-06-03,8.07956780486868
1991-06-10,8.07956780486868
1991-06-17,8.07956780486868
1991-06-24,8.07956780486868
1991-07-01,8.12713201430164
1991-07-08,8.12713201430164
1991-07-15,8.12713201430164
1991-07-22,8.12713201430164
1991-07-29,8.12713201430164
1991-08-05,8.19815096870069
1991-08-12,8.19815096870069
1991-08-19,8.19815096870069
1991-08-26,8.19815096870069
1991-09-02,8.19640004073536
1991-09-09,8.19640004073536
1991-09-16,8.19640004073536
1991-09-23,8.19640004073536
1991-09-30,8.19640004073536
1991-10-07,8.24138698668195
1991-10-14,8.24138698668195
1991-10-21,8.24138698668195
1991-10-28,8.24138698668195
1991-11-04,8.33343593074139
1991-11-11,8.33343593074139
1991-11-18,8.33343593074139
1991-11-25,8.33343593074139
1991-12-02,8.37805635549211
1991-12-09,8.37805635549211
1991-12-16,8.37805635549211
1991-12-23,8.37805635549211
1991-12-30,8.37805635549211
1992-01-06,8.43832652086979
1992-01-13,8.43832652086979
1992-01-20,8.43832652086979
1992-01-27,8.43832652086979
1992-02-03,8.52092423556865
1992-02-10,8.52092423556865
1992-02-17,8.52092423556865
1992-02-24,8.52092423556865
1992-03-02,8.60683556203453
1992-03-09,8.60683556203453
1992-03-16,8.60683556203453
1992-03-23,8.60683556203453
1992-03-30,8.60683556203453
1992-04-06,8.67846849631081
1992-04-13,8.67846849631081
1992-04-20,8.67846849631081
1992-04-27,8.67846849631081
1992-05-04,8.76170002820463
1992-05-11,8.76170002820463
1992-05-18,8.76170002820463
1992-05-25,8.76170002820463
1992-06-01,8.95531316424222
1992-06-08,8.95531316424222
1992-06-15,8.95531316424222
1992-06-22,8.95531316424222
1992-06-29,8.95531316424222
1992-07-06,8.97471737511038
1992-07-13,8.97471737511038
1992-07-20,8.97471737511038
1992-07-27,8.97471737511038
1992-08-03,9.09380310902868
1992-08-10,9.09380310902868
1992-08-17,9.09380310902868
1992-08-24,9.09380310902868
1992-08-31,9.09380310902868
1992-09-07,9.14840388895777
1992-09-14,9.14840388895777
1992-09-21,9.14840388895777
1992-09-28,9.14840388895777
1992-10-05,9.06797291617431
1992-10-12,9.06797291617431
1992-10-19,9.06797291617431
1992-10-26,9.06797291617431
1992-11-02,9.29280905514378
1992-11-09,9.29280905514378
1992-11-16,9.29280905514378
1992-11-23,9.29280905514378
1992-11-30,9.29280905514378
1992-12-07,9.25170534691418
1992-12-14,9.25170534691418
1992-12-21,9.25170534691418
1992-12-28,9.25170534691418
1993-01-04,9.2124214287582
1993-01-11,9.2124214287582
1993-01-18,9.2124214287582
1993-01-25,9.2124214287582
1993-02-01,9.17938401939319
1993-02-08,9.17938401939319
1993-02-15,9.17938401939319
1993-02-22,9.17938401939319
1993-03-01,9.26759755509513
1993-03-08,9.26759755509513
1993-03-15,9.26759755509513
1993-03-22,9.26759755509513
1993-03-29,9.26759755509513
1993-04-05,9.44033941444359
1993-04-12,9.44033941444359
1993-04-19,9.44033941444359
1993-04-26,9.44033941444359
1993-05-03,9.45763760142375
1993-05-10,9.45763760142375
1993-05-17,9.45763760142375
1993-05-24,9.45763760142375
1993-05-31,9.45763760142375
1993-06-07,9.51634126429835
1993-06-14,9.51634126429835
1993-06-21,9.51634126429835
1993-06-28,9.51634126429835
1993-07-05,9.49950263500775
1993-07-12,9.49950263500775
1993-07-19,9.49950263500775
1993-07-26,9.49950263500775
1993-08-02,9.44046920714669
1993-08-09,9.44046920714669
1993-08-16,9.44046920714669
1993-08-23,9.44046920714669
1993-08-30,9.44046920714669
1993-09-06,9.55789075461115
1993-09-13,9.55789075461115
1993-09-20,9.55789075461115
1993-09-27,9.55789075461115
1993-10-04,9.60117190868879
1993-10-11,9.60117190868879
1993-10-18,9.60117190868879
1993-10-25,9.60117190868879
1993-11-01,9.61674417483123
1993-11-08,9.61674417483123
1993-11-15,9.61674417483123
1993-11-22,9.61674417483123
1993-11-29,9.61674417483123
1993-12-06,9.67042634234387
1993-12-13,9.67042634234387
1993-12-20,9.67042634234387
1993-12-27,9.67042634234387
1994-01-03,9.66199554339664
1994-01-10,9.66199554339664
1994-01-17,9.66199554339664
1994-01-24,9.66199554339664
1994-01-31,9.66199554339664
1994-02-07,9.5808359333611
1994-02-14,9.5808359333611
1994-02-21,9.5808359333611
1994-02-28,9.5808359333611
1994-03-07,9.48537087331071
1994-03-14,9.48537087331071
1994-03-21,9.48537087331071
1994-03-28,9.48537087331071
1994-04-04,9.53186120300689
1994-04-11,9.53186120300689
1994-04-18,9.53186120300689
1994-04-25,9.53186120300689
1994-05-02,9.45496056755056
1994-05-09,9.45496056755056
1994-05-16,9.45496056755056
1994-05-23,9.45496056755056
1994-05-30,9.45496056755056
1994-06-06,9.34810958302036
1994-06-13,9.34810958302036
1994-06-20,9.34810958302036
1994-06-27,9.34810958302036
1994-07-04,9.25941395576518
1994-07-11,9.25941395576518
1994-07-18,9.25941395576518
1994-07-25,9.25941395576518
1994-08-01,9.2151534296442
1994-08-08,9.2151534296442
1994-08-15,9.2151534296442
1994-08-22,9.2151534296442
1994-08-29,9.2151534296442
1994-09-05,9.15174035212659
1994-09-12,9.15174035212659
1994-09-19,9.15174035212659
1994-09-26,9.15174035212659
1994-10-03,9.22078978670686
1994-10-10,9.22078978670686
1994-10-17,9.22078978670686
1994-10-24,9.22078978670686
1994-10-31,9.22078978670686
1994-11-07,9.12564998958024
1994-11-14,9.12564998958024
1994-11-21,9.12564998958024
1994-11-28,9.12564998958024
1994-12-05,9.07505188421706
1994-12-12,9.07505188421706
1994-12-19,9.07505188421706
1994-12-26,9.07505188421706
1995-01-02,9.05395327449862
1995-01-09,9.05395327449862
1995-01-16,9.05395327449862
1995-01-23,9.05395327449862
1995-01-30,9.05395327449862
1995-02-06,9.03232638457866
1995-02-13,9.03232638457866
1995-02-20,9.03232638457866
1995-02-27,9.03232638457866
1995-03-06,9.05252931053799
1995-03-13,9.05252931053799
1995-03-20,9.05252931053799
1995-03-27,9.05252931053799
1995-04-03,9.00120582878041
1995-04-10,9.00120582878041
1995-04-17,9.00120582878041
1995-04-24,9.00120582878041
1995-05-01,9.00290171050168
1995-05-08,9.00290171050168
1995-05-15,9.00290171050168
1995-05-22,9.00290171050168
1995-05-29,9.00290171050168
1995-06-05,8.99952442330471
1995-06-12,8.99952442330471
1995-06-19,8.99952442330471
1995-06-26,8.99952442330471
1995-07-03,9.02029397630496
1995-07-10,9.02029397630496
1995-07-17,9.02029397630496
1995-07-24,9.02029397630496
1995-07-31,9.02029397630496
1995-08-07,9.05684245597902
1995-08-14,9.05684245597902
1995-08-21,9.05684245597902
1995-08-28,9.05684245597902
1995-09-04,9.03096601888518
1995-09-11,9.03096601888518
1995-09-18,9.03096601888518
1995-09-25,9.03096601888518
1995-10-02,9.03075017596518
1995-10-09,9.03075017596518
1995-10-16,9.03075017596518
1995-10-23,9.03075017596518
1995-10-30,9.03075017596518
1995-11-06,9.00269905930918
1995-11-13,9.00269905930918
1995-11-20,9.00269905930918
1995-11-27,9.00269905930918
1995-12-04,9.05811349499209
1995-12-11,9.05811349499209
1995-12-18,9.05811349499209
1995-12-25,9.05811349499209
1996-01-01,9.04883498397953
1996-01-08,9.04883498397953
1996-01-15,9.04883498397953
1996-01-22,9.04883498397953
1996-01-29,9.04883498397953
1996-02-05,9.05963599616107
1996-02-12,9.05963599616107
1996-02-19,9.05963599616107
1996-02-26,9.05963599616107
1996-03-04,9.09263032898002
1996-03-11,9.09263032898002
1996-03-18,9.09263032898002
1996-03-25,9.09263032898002
1996-04-01,9.12098794830119
1996-04-08,9.12098794830119
1996-04-15,9.12098794830119
1996-04-22,9.12098794830119
1996-04-29,9.12098794830119
1996-05-06,9.14451070733463
1996-05-13,9.14451070733463
1996-05-20,9.14451070733463
1996-05-27,9.14451070733463
1996-06-03,9.20910308980649
1996-06-10,9.20910308980649
1996-06-17,9.20910308980649
1996-06-24,9.20910308980649
1996-07-01,9.16329567475573
1996-07-08,9.16329567475573
1996-07-15,9.16329567475573
1996-07-22,9.16329567475573
1996-07-29,9.16329567475573
1996-08-05,9.11608148065326
1996-08-12,9.11608148065326
1996-08-19,9.11608148065326
1996-08-26,9.11608148065326
1996-09-02,9.23617263029907
1996-09-09,9.23617263029907
1996-09-16,9.23617263029907
1996-09-23,9.23617263029907
1996-09-30,9.23617263029907
1996-10-07,9.25776053839984
1996-10-14,9.25776053839984
1996-10-21,9.25776053839984
1996-10-28,9.25776053839984
1996-11-04,9.26244731480207
1996-11-11,9.26244731480207
1996-11-18,9.26244731480207
1996-11-25,9.26244731480207
1996-12-02,9.23295573522927
1996-12-09,9.23295573522927
1996-12-16,9.23295573522927
1996-12-23,9.23295573522927
1996-12-30,9.23295573522927
1997-01-06,9.19687258327744
1997-01-13,9.19687258327744
1997-01-20,9.19687258327744
1997-01-27,9.19687258327744
1997-02-03,9.19334671493384
1997-02-10,9.19334671493384
1997-02-17,9.19334671493384
1997-02-24,9.19334671493384
1997-03-03,9.17003595706651
1997-03-10,9.17003595706651
1997-03-17,9.17003595706651
1997-03-24,9.17003595706651
1997-03-31,9.17003595706651
1997-04-07,9.19746017394641
1997-04-14,9.19746017394641
1997-04-21,9.19746017394641
1997-04-28,9.19746017394641
1997-05-05,9.1848478731658
1997-05-12,9.1848478731658
1997-05-19,9.1848478731658
1997-05-26,9.1848478731658
1997-06-02,9.15262739161945
1997-06-09,9.15262739161945
1997-06-16,9.15262739161945
1997-06-23,9.15262739161945
1997-06-30,9.15262739161945
1997-07-07,9.01847962117572
1997-07-14,9.01847962117572
1997-07-21,9.01847962117572
1997-07-28,9.01847962117572
1997-08-04,8.96691478745173
1997-08-11,8.96691478745173
1997-08-18,8.96691478745173
1997-08-25,8.96691478745173
1997-09-01,8.9445986117637
1997-09-08,8.9445986117637
1997-09-15,8.9445986117637
1997-09-22,8.9445986117637
1997-09-29,8.9445986117637
1997-10-06,8.98567696853587
1997-10-13,8.98567696853587
1997-10-20,8.98567696853587
1997-10-27,8.98567696853587
1997-11-03,8.97554733878593
1997-11-10,8.97554733878593
1997-11-17,8.97554733878593
1997-11-24,8.97554733878593
1997-12-01,8.8919778421477
1997-12-08,8.8919778421477
1997-12-15,8.8919778421477
1997-12-22,8.8919778421477
1997-12-29,8.8919778421477
1998-01-05,8.88432051177348
1998-01-12,8.88432051177348
1998-01-19,8.88432051177348
1998-01-26,8.88432051177348
1998-02-02,8.83109724033873
1998-02-09,8.83109724033873
1998-02-16,8.83109724033873
1998-02-23,8.83109724033873
1998-03-02,8.78148683945954
1998-03-09,8.78148683945954
1998-03-16,8.78148683945954
1998-03-23,8.78148683945954
1998-03-30,8.78148683945954
1998-04-06,8.84752511911413
1998-04-13,8.84752511911413
1998-04-20,8.84752511911413
1998-04-27,8.84752511911413
1998-05-04,8.85628090107804
1998-05-11,8.85628090107804
1998-05-18,8.85628090107804
1998-05-25,8.85628090107804
1998-06-01,8.85606832739353
1998-06-08,8.85606832739353
1998-06-15,8.85606832739353
1998-06-22,8.85606832739353
1998-06-29,8.85606832739353
1998-07-06,8.79785614240637
1998-07-13,8.79785614240637
1998-07-20,8.79785614240637
1998-07-27,8.79785614240637
1998-08-03,8.75045123975178
1998-08-10,8.75045123975178
1998-08-17,8.75045123975178
1998-08-24,8.75045123975178
1998-08-31,8.75045123975178
1998-09-07,8.74826294925769
1998-09-14,8.74826294925769
1998-09-21,8.74826294925769
1998-09-28,8.74826294925769
1998-10-05,8.72743157978816
1998-10-12,8.72743157978816
1998-10-19,8.72743157978816
1998-10-26,8.72743157978816
1998-11-02,8.69697374017061
1998-11-09,8.69697374017061
1998-11-16,8.69697374017061
1998-11-23,8.69697374017061
1998-11-30,8.69697374017061
1998-12-07,8.69680056826316
1998-12-14,8.69680056826316
1998-12-21,8.69680056826316
1998-12-28,8.69680056826316
1999-01-04,8.58745521157482
1999-01-11,8.58745521157482
1999-01-18,8.58745521157482
1999-01-25,8.58745521157482
1999-02-01,8.57674396628405
1999-02-08,8.57674396628405
1999-02-15,8.57674396628405
1999-02-22,8.57674396628405
1999-03-01,8.52167222194938
1999-03-08,8.52167222194938
1999-03-15,8.52167222194938
1999-03-22,8.52167222194938
1999-03-29,8.52167222194938
1999-04-05,8.51717335808728
1999-04-12,8.51717335808728
1999-04-19,8.51717335808728
1999-04-26,8.51717335808728
1999-05-03,8.40239203831917
1999-05-10,8.40239203831917
1999-05-17,8.40239203831917
1999-05-24,8.40239203831917
1999-05-31,8.40239203831917
1999-06-07,8.32352078660207
1999-06-14,8.32352078660207
1999-06-21,8.32352078660207
1999-06-28,8.32352078660207
1999-07-05,8.27888796604594
1999-07-12,8.27888796604594
1999-07-19,8.27888796604594
1999-07-26,8.27888796604594
1999-08-02,8.17512972039999
1999-08-09,8.17512972039999
1999-08-16,8.17512972039999
1999-08-23,8.17512972039999
1999-08-30,8.17512972039999
1999-09-06,8.13857625253868
1999-09-13,8.13857625253868
1999-09-20,8.13857625253868
1999-09-27,8.13857625253868
1999-10-04,8.00437094040866
1999-10-11,8.00437094040866
1999-10-18,8.00437094040866
1999-10-25,8.00437094040866
1999-11-01,7.92830118559606
1999-11-08,7.92830118559606
1999-11-15,7.92830118559606
1999-11-22,7.92830118559606
1999-11-29,7.92830118559606
1999-12-06,7.83889281646091
1999-12-13,7.83889281646091
1999-12-20,7.83889281646091
1999-12-27,7.83889281646091
2000-01-03,7.80707378825529
2000-01-10,7.80707378825529
2000-01-17,7.80707378825529
2000-01-24,7.80707378825529
2000-01-31,7.80707378825529
2000-02-07,7.76737796737407
2000-02-14,7.76737796737407
2000-02-21,7.76737796737407
2000-02-28,7.76737796737407
2000-03-06,7.70971814504454
2000-03-13,7.70971814504454
2000-03-20,7.70971814504454
2000-03-27,7.70971814504454
2000-04-03,7.56004309467245
2000-04-10,7.56004309467245
2000-04-17,7.56004309467245
2000-04-24,7.56004309467245
2000-05-01,7.49436404160745
2000-05-08,7.49436404160745
2000-05-15,7.49436404160745
2000-05-22,7.49436404160745
2000-05-29,7.49436404160745
2000-06-05,7.42485558798853
2000-06-12,7.42485558798853
2000-06-19,7.42485558798853
2000-06-26,7.42485558798853
2000-07-03,7.35111357660978
2000-07-10,7.35111357660978
2000-07-17,7.35111357660978
2000-07-24,7.35111357660978
2000-07-31,7.35111357660978
2000-08-07,7.35382640900213
2000-08-14,7.35382640900213
2000-08-21,7.35382640900213
2000-08-28,7.35382640900213
2000-09-04,7.27883048092498
2000-09-11,7.27883048092498
2000-09-18,7.27883048092498
2000-09-25,7.27883048092498
2000-10-02,7.17379133829851
2000-10-09,7.17379133829851
2000-10-16,7.17379133829851
2000-10-23,7.17379133829851
2000-10-30,7.17379133829851
2000-11-06,7.13574333181276
2000-11-13,7.13574333181276
2000-11-20,7.13574333181276
2000-11-27,7.13574333181276
2000-12-04,7.08950006045552
2000-12-11,7.08950006045552
2000-12-18,7.08950006045552
2000-12-25,7.08950006045552
2001-01-01,6.98468961756221
2001-01-08,6.98468961756221
2001-01-15,6.98468961756221
2001-01-22,6.98468961756221
2001-01-29,6.98468961756221
2001-02-05,6.98808626132759
2001-02-12,6.98808626132759
2001-02-19,6.98808626132759
2001-02-26,6.98808626132759
2001-03-05,6.96831678287639
2001-03-12,6.96831678287639
2001-03-19,6.96831678287639
2001-03-26,6.96831678287639
2001-04-02,6.95214493695444
2001-04-09,6.95214493695444
2001-04-16,6.95214493695444
2001-04-23,6.95214493695444
2001-04-30,6.95214493695444
2001-05-07,6.94568678705236
2001-05-14,6.94568678705236
2001-05-21,6.94568678705236
2001-05-28,6.94568678705236
2001-06-04,7.01151413244362
2001-06-11,7.01151413244362
2001-06-18,7.01151413244362
2001-06-25,7.01151413244362
2001-07-02,7.0333209504737
2001-07-09,7.0333209504737
2001-07-16,7.0333209504737
2001-07-23,7.0333209504737
2001-07-30,7.0333209504737
2001-08-06,7.06666633850737
2001-08-13,7.06666633850737
2001-08-20,7.06666633850737
2001-08-27,7.06666633850737
2001-09-03,7.1061975568098
2001-09-10,7.1061975568098
2001-09-17,7.1061975568098
2001-09-24,7.1061975568098
2001-10-01,7.16351660807158
2001-10-08,7.16351660807158
2001-10-15,7.16351660807158
2001-10-22,7.16351660807158
2001-10-29,7.16351660807158
2001-11-05,7.2288695844359
2001-11-12,7.2288695844359
2001-11-19,7.2288695844359
2001-11-26,7.2288695844359
2001-12-03,7.33595259493699
2001-12-10,7.33595259493699
2001-12-17,7.33595259493699
2001-12-24,7.33595259493699
2001-12-31,7.33595259493699
2002-01-07,7.27026918340713
2002-01-14,7.27026918340713
2002-01-21,7.27026918340713
2002-01-28,7.27026918340713
2002-02-04,7.26726150630369
2002-02-11,7.26726150630369
2002-02-18,7.26726150630369
2002-02-25,7.26726150630369
2002-03-04,7.25345522642321
2002-03-11,7.25345522642321
2002-03-18,7.25345522642321
2002-03-25,7.25345522642321
2002-04-01,7.33639649325756
2002-04-08,7.33639649325756
2002-04-15,7.33639649325756
2002-04-22,7.33639649325756
2002-04-29,7.33639649325756
2002-05-06,7.32430774708994
2002-05-13,7.32430774708994
2002-05-20,7.32430774708994
2002-05-27,7.32430774708994
2002-06-03,7.32339735945531
2002-06-10,7.32339735945531
2002-06-17,7.32339735945531
2002-06-24,7.32339735945531
2002-07-01,7.30255747991525
2002-07-08,7.30255747991525
2002-07-15,7.30255747991525
2002-07-22,7.30255747991525
2002-07-29,7.30255747991525
2002-08-05,7.30097704872519
2002-08-12,7.30097704872519
2002-08-19,7.30097704872519
2002-08-26,7.30097704872519
2002-09-02,7.34338048110444
2002-09-09,7.34338048110444
2002-09-16,7.34338048110444
2002-09-23,7.34338048110444
2002-09-30,7.34338048110444
2002-10-07,7.34779820921124
2002-10-14,7.34779820921124
2002-10-21,7.34779820921124
2002-10-28,7.34779820921124
2002-11-04,7.35733833924872
2002-11-11,7.35733833924872
2002-11-18,7.35733833924872
2002-11-25,7.35733833924872
2002-12-02,7.37779785273621
2002-12-09,7.37779785273621
2002-12-16,7.37779785273621
2002-12-23,7.37779785273621
2002-12-30,7.37779785273621
2003-01-06,7.40553622896511
2003-01-13,7.40553622896511
2003-01-20,7.40553622896511
2003-01-27,7.40553622896511
2003-02-03,7.42272921712572
2003-02-10,7.42272921712572
2003-02-17,7.42272921712572
2003-02-24,7.42272921712572
2003-03-03,7.45675169732548
2003-03-10,7.45675169732548
2003-03-17,7.45675169732548
2003-03-24,7.45675169732548
2003-03-31,7.45675169732548
2003-04-07,7.48742122042245
2003-04-14,7.48742122042245
2003-04-21,7.48742122042245
2003-04-28,7.48742122042245
2003-05-05,7.53184188591785
2003-05-12,7.53184188591785
2003-05-19,7.53184188591785
2003-05-26,7.53184188591785
2003-06-02,7.56181443929272
2003-06-09,7.56181443929272
2003-06-16,7.56181443929272
2003-06-23,7.56181443929272
2003-06-30,7.56181443929272
2003-07-07,7.52553294477771
2003-07-14,7.52553294477771
2003-07-21,7.52553294477771
2003-07-28,7.52553294477771
2003-08-04,7.48352954429022
2003-08-11,7.48352954429022
2003-08-18,7.48352954429022
2003-08-25,7.48352954429022
2003-09-01,7.53315815658549
2003-09-08,7.53315815658549
2003-09-15,7.53315815658549
2003-09-22,7.53315815658549
2003-09-29,7.53315815658549
2003-10-06,7.46772220316018
2003-10-13,7.46772220316018
2003-10-20,7.46772220316018
2003-10-27,7.46772220316018
2003-11-03,7.43971598426922
2003-11-10,7.43971598426922
2003-11-17,7.43971598426922
2003-11-24,7.43971598426922
2003-12-01,7.42800267448973
2003-12-08,7.42800267448973
2003-12-15,7.42800267448973
2003-12-22,7.42800267448973
2003-12-29,7.42800267448973
2004-01-05,7.43496719593164
2004-01-12,7.43496719593164
2004-01-19,7.43496719593164
2004-01-26,7.43496719593164
2004-02-02,7.45930695399529
2004-02-09,7.45930695399529
2004-02-16,7.45930695399529
2004-02-23,7.45930695399529
2004-03-01,7.54452933106129
2004-03-08,7.54452933106129
2004-03-15,7.54452933106129
2004-03-22,7.54452933106129
2004-03-29,7.54452933106129
2004-04-05,7.45706465809705
2004-04-12,7.45706465809705
2004-04-19,7.45706465809705
2004-04-26,7.45706465809705
2004-05-03,7.44042857395163
2004-05-10,7.44042857395163
2004-05-17,7.44042857395163
2004-05-24,7.44042857395163
2004-05-31,7.44042857395163
2004-06-07,7.42468294367324
2004-06-14,7.42468294367324
2004-06-21,7.42468294367324
2004-06-28,7.42468294367324
2004-07-05,7.40734792588169
2004-07-12,7.40734792588169
2004-07-19,7.40734792588169
2004-07-26,7.40734792588169
2004-08-02,7.39077306760728
2004-08-09,7.39077306760728
2004-08-16,7.39077306760728
2004-08-23,7.39077306760728
2004-08-30,7.39077306760728
2004-09-06,7.40878887403436
2004-09-13,7.40878887403436
2004-09-20,7.40878887403436
2004-09-27,7.40878887403436
2004-10-04,7.45934275812278
2004-10-11,7.45934275812278
2004-10-18,7.45934275812278
2004-10-25,7.45934275812278
2004-11-01,7.50917538319222
2004-11-08,7.50917538319222
2004-11-15,7.50917538319222
2004-11-22,7.50917538319222
2004-11-29,7.50917538319222
2004-12-06,7.45730664140922
2004-12-13,7.45730664140922
2004-12-20,7.45730664140922
2004-12-27,7.45730664140922
2005-01-03,7.38335341543223
2005-01-10,7.38335341543223
2005-01-17,7.38335341543223
2005-01-24,7.38335341543223
2005-01-31,7.38335341543223
2005-02-07,7.46553124016973
2005-02-14,7.46553124016973
2005-02-21,7.46553124016973
2005-02-28,7.46553124016973
2005-03-07,7.41587471631449
2005-03-14,7.41587471631449
2005-03-21,7.41587471631449
2005-03-28,7.41587471631449
2005-04-04,7.48884740087349
2005-04-11,7.48884740087349
2005-04-18,7.48884740087349
2005-04-25,7.48884740087349
2005-05-02,7.50321081854614
2005-05-09,7.50321081854614
2005-05-16,7.50321081854614
2005-05-23,7.50321081854614
2005-05-30,7.50321081854614
2005-06-06,7.50382181223633
2005-06-13,7.50382181223633
2005-06-20,7.50382181223633
2005-06-27,7.50382181223633
2005-07-04,7.44942898898152
2005-07-11,7.44942898898152
2005-07-18,7.44942898898152
2005-07-25,7.44942898898152
2005-08-01,7.43665434502777
2005-08-08,7.43665434502777
2005-08-15,7.43665434502777
2005-08-22,7.43665434502777
2005-08-29,7.43665434502777
2005-09-05,7.46911086343177
2005-09-12,7.46911086343177
2005-09-19,7.46911086343177
2005-09-26,7.46911086343177
2005-10-03,7.47627093540602
2005-10-10,7.47627093540602
2005-10-17,7.47627093540602
2005-10-24,7.47627093540602
2005-10-31,7.47627093540602
2005-11-07,7.39060080891187
2005-11-14,7.39060080891187
2005-11-21,7.39060080891187
2005-11-28,7.39060080891187
2005-12-05,7.34599620859477
2005-12-12,7.34599620859477
2005-12-19,7.34599620859477
2005-12-26,7.34599620859477
2006-01-02,7.3125427207784
2006-01-09,7.3125427207784
2006-01-16,7.3125427207784
2006-01-23,7.3125427207784
2006-01-30,7.3125427207784
2006-02-06,7.27075192977821
2006-02-13,7.27075192977821
2006-02-20,7.27075192977821
2006-02-27,7.27075192977821
2006-03-06,7.20975650683308
2006-03-13,7.20975650683308
2006-03-20,7.20975650683308
2006-03-27,7.20975650683308
2006-04-03,7.13323707523643
2006-04-10,7.13323707523643
2006-04-17,7.13323707523643
2006-04-24,7.13323707523643
2006-05-01,7.0503728132635
2006-05-08,7.0503728132635
2006-05-15,7.0503728132635
2006-05-22,7.0503728132635
2006-05-29,7.0503728132635
2006-06-05,6.99444003380097
2006-06-12,6.99444003380097
2006-06-19,6.99444003380097
2006-06-26,6.99444003380097
2006-07-03,7.00212051612295
2006-07-10,7.00212051612295
2006-07-17,7.00212051612295
2006-07-24,7.00212051612295
2006-07-31,7.00212051612295
2006-08-07,6.98521419471772
2006-08-14,6.98521419471772
2006-08-21,6.98521419471772
2006-08-28,6.98521419471772
2006-09-04,6.90240058258628
2006-09-11,6.90240058258628
2006-09-18,6.90240058258628
2006-09-25,6.90240058258628
2006-10-02,6.77906160622196
2006-10-09,6.77906160622196
2006-10-16,6.77906160622196
2006-10-23,6.77906160622196
2006-10-30,6.77906160622196
2006-11-06,6.73906354604073
2006-11-13,6.73906354604073
2006-11-20,6.73906354604073
2006-11-27,6.73906354604073
2006-12-04,6.612543537088
2006-12-11,6.612543537088
2006-12-18,6.612543537088
2006-12-25,6.612543537088
2007-01-01,6.64333829441936
2007-01-08,6.64333829441936
2007-01-15,6.64333829441936
2007-01-22,6.64333829441936
2007-01-29,6.64333829441936
2007-02-05,6.57363914741145
2007-02-12,6.57363914741145
2007-02-19,6.57363914741145
2007-02-26,6.57363914741145
2007-03-05,6.49635403593035
2007-03-12,6.49635403593035
2007-03-19,6.49635403593035
2007-03-26,6.49635403593035
2007-04-02,6.39706979062359
2007-04-09,6.39706979062359
2007-04-16,6.39706979062359
2007-04-23,6.39706979062359
2007-04-30,6.39706979062359
2007-05-07,6.34589696248169
2007-05-14,6.34589696248169
2007-05-21,6.34589696248169
2007-05-28,6.34589696248169
2007-06-04,6.29157487503972
2007-06-11,6.29157487503972
2007-06-18,6.29157487503972
2007-06-25,6.29157487503972
2007-07-02,6.32283253836674
2007-07-09,6.32283253836674
2007-07-16,6.32283253836674
2007-07-23,6.32283253836674
2007-07-30,6.32283253836674
2007-08-06,6.25604752011219
2007-08-13,6.25604752011219
2007-08-20,6.25604752011219
2007-08-27,6.25604752011219
2007-09-03,6.2593610529304
2007-09-10,6.2593610529304
2007-09-17,6.2593610529304
2007-09-24,6.2593610529304
2007-10-01,6.22197729422369
2007-10-08,6.22197729422369
2007-10-15,6.22197729422369
2007-10-22,6.22197729422369
2007-10-29,6.22197729422369
2007-11-05,6.16044946247527
2007-11-12,6.16044946247527
2007-11-19,6.16044946247527
2007-11-26,6.16044946247527
2007-12-03,6.1889673865384
2007-12-10,6.1889673865384
2007-12-17,6.1889673865384
2007-12-24,6.1889673865384
2007-12-31,6.1889673865384
2008-01-07,6.16447657353453
2008-01-14,6.16447657353453
2008-01-21,6.16447657353453
2008-01-28,6.16447657353453
2008-02-04,6.11967112518267
2008-02-11,6.11967112518267
2008-02-18,6.11967112518267
2008-02-25,6.11967112518267
2008-03-03,6.09934826905761
2008-03-10,6.09934826905761
2008-03-17,6.09934826905761
2008-03-24,6.09934826905761
2008-03-31,6.09934826905761
2008-04-07,6.14708452853415
2008-04-14,6.14708452853415
2008-04-21,6.14708452853415
2008-04-28,6.14708452853415
2008-05-05,6.21497526189342
2008-05-12,6.21497526189342
2008-05-19,6.21497526189342
2008-05-26,6.21497526189342
2008-06-02,6.22936207919492
2008-06-09,6.22936207919492
2008-06-16,6.22936207919492
2008-06-23,6.22936207919492
2008-06-30,6.22936207919492
2008-07-07,6.26756547276465
2008-07-14,6.26756547276465
2008-07-21,6.26756547276465
2008-07-28,6.26756547276465
2008-08-04,6.34843225348115
2008-08-11,6.34843225348115
2008-08-18,6.34843225348115
2008-08-25,6.34843225348115
2008-09-01,6.3758691582426
2008-09-08,6.3758691582426
2008-09-15,6.3758691582426
2008-09-22,6.3758691582426
2008-09-29,6.3758691582426
2008-10-06,6.50304540608294
2008-10-13,6.50304540608294
2008-10-20,6.50304540608294
2008-10-27,6.50304540608294
2008-11-03,6.69845752714413
2008-11-10,6.69845752714413
2008-11-17,6.69845752714413
2008-11-24,6.69845752714413
2008-12-01,6.8855512751882
2008-12-08,6.8855512751882
2008-12-15,6.8855512751882
2008-12-22,6.8855512751882
2008-12-29,6.8855512751882
2009-01-05,7.18605789035792
2009-01-12,7.18605789035792
2009-01-19,7.18605789035792
2009-01-26,7.18605789035792
2009-02-02,7.52632514517621
2009-02-09,7.52632514517621
2009-02-16,7.52632514517621
2009-02-23,7.52632514517621
2009-03-02,7.78685135793747
2009-03-09,7.78685135793747
2009-03-16,7.78685135793747
2009-03-23,7.78685135793747
2009-03-30,7.78685135793747
2009-04-06,7.92729701806486
2009-04-13,7.92729701806486
2009-04-20,7.92729701806486
2009-04-27,7.92729701806486
2009-05-04,8.10964987852228
2009-05-11,8.10964987852228
2009-05-18,8.10964987852228
2009-05-25,8.10964987852228
2009-06-01,8.22464307553324
2009-06-08,8.22464307553324
2009-06-15,8.22464307553324
2009-06-22,8.22464307553324
2009-06-29,8.22464307553324
2009-07-06,8.24085028228983
2009-07-13,8.24085028228983
2009-07-20,8.24085028228983
2009-07-27,8.24085028228983
2009-08-03,8.26850029486673
2009-08-10,8.26850029486673
2009-08-17,8.26850029486673
2009-08-24,8.26850029486673
2009-08-31,8.26850029486673
2009-09-07,8.33886516577714
2009-09-14,8.33886516577714
2009-09-21,8.33886516577714
2009-09-28,8.33886516577714
2009-10-05,8.38397089238741
2009-10-12,8.38397089238741
2009-10-19,8.38397089238741
2009-10-26,8.38397089238741
2009-11-02,8.39083250508104
2009-11-09,8.39083250508104
2009-11-16,8.39083250508104
2009-11-23,8.39083250508104
2009-11-30,8.39083250508104
2009-12-07,8.36986846615733
2009-12-14,8.36986846615733
2009-12-21,8.36986846615733
2009-12-28,8.36986846615733
2010-01-04,8.35688096175409
2010-01-11,8.35688096175409
2010-01-18,8.35688096175409
2010-01-25,8.35688096175409
2010-02-01,8.36198714336956
2010-02-08,8.36198714336956
2010-02-15,8.36198714336956
2010-02-22,8.36198714336956
2010-03-01,8.31848420416461
2010-03-08,8.31848420416461
2010-03-15,8.31848420416461
2010-03-22,8.31848420416461
2010-03-29,8.31848420416461
2010-04-05,8.32102634372289
2010-04-12,8.32102634372289
2010-04-19,8.32102634372289
2010-04-26,8.32102634372289
2010-05-03,8.22470479204985
2010-05-10,8.22470479204985
2010-05-17,8.22470479204985
2010-05-24,8.22470479204985
2010-05-31,8.22470479204985
2010-06-07,8.09504857576798
2010-06-14,8.09504857576798
2010-06-21,8.09504857576798
2010-06-28,8.09504857576798
2010-07-05,8.08698277013393
2010-07-12,8.08698277013393
2010-07-19,8.08698277013393
2010-07-26,8.08698277013393
2010-08-02,8.09156095429613
2010-08-09,8.09156095429613
2010-08-16,8.09156095429613
2010-08-23,8.09156095429613
2010-08-30,8.09156095429613
2010-09-06,8.10873303316679
2010-09-13,8.10873303316679
2010-09-20,8.10873303316679
2010-09-27,8.10873303316679
2010-10-04,8.10858120743232
2010-10-11,8.10858120743232
2010-10-18,8.10858120743232
2010-10-25,8.10858120743232
2010-11-01,8.11997932174092
2010-11-08,8.11997932174092
2010-11-15,8.11997932174092
2010-11-22,8.11997932174092
2010-11-29,8.11997932174092
2010-12-06,7.96477697567831
2010-12-13,7.96477697567831
2010-12-20,7.96477697567831
2010-12-27,7.96477697567831
2011-01-03,7.88625515152303
2011-01-10,7.88625515152303
2011-01-17,7.88625515152303
2011-01-24,7.88625515152303
2011-01-31,7.88625515152303
2011-02-07,7.83465497989455
2011-02-14,7.83465497989455
2011-02-21,7.83465497989455
2011-02-28,7.83465497989455
2011-03-07,7.77859989262771
2011-03-14,7.77859989262771
2011-03-21,7.77859989262771
2011-03-28,7.77859989262771
2011-04-04,7.79510260821511
2011-04-11,7.79510260821511
2011-04-18,7.79510260821511
2011-04-25,7.79510260821511
2011-05-02,7.81813474701585
2011-05-09,7.81813474701585
2011-05-16,7.81813474701585
2011-05-23,7.81813474701585
2011-05-30,7.81813474701585
2011-06-06,7.85010519444326
2011-06-13,7.85010519444326
2011-06-20,7.85010519444326
2011-06-27,7.85010519444326
2011-07-04,7.84956650639896
2011-07-11,7.84956650639896
2011-07-18,7.84956650639896
2011-07-25,7.84956650639896
2011-08-01,7.87512578900083
2011-08-08,7.87512578900083
2011-08-15,7.87512578900083
2011-08-22,7.87512578900083
2011-08-29,7.87512578900083
2011-09-05,7.94467895457007
2011-09-12,7.94467895457007
2011-09-19,7.94467895457007
2011-09-26,7.94467895457007
2011-10-03,7.92822322056294
2011-10-10,7.92822322056294
2011-10-17,7.92822322056294
2011-10-24,7.92822322056294
2011-10-31,7.92822322056294
2011-11-07,7.99960007697618
2011-11-14,7.99960007697618
2011-11-21,7.99960007697618
2011-11-28,7.99960007697618
2011-12-05,8.00389931330936
2011-12-12,8.00389931330936
2011-12-19,8.00389931330936
2011-12-26,8.00389931330936
2012-01-02,7.9991980028073
2012-01-09,7.9991980028073
2012-01-16,7.9991980028073
2012-01-23,7.9991980028073
2012-01-30,7.9991980028073
2012-02-06,8.04053934075355
2012-02-13,8.04053934075355
2012-02-20,8.04053934075355
2012-02-27,8.04053934075355
2012-03-05,8.0855070107203
2012-03-12,8.0855070107203
2012-03-19,8.0855070107203
2012-03-26,8.0855070107203
2012-04-02,8.12027930135648
2012-04-09,8.12027930135648
2012-04-16,8.12027930135648
2012-04-23,8.12027930135648
2012-04-30,8.12027930135648
2012-05-07,8.13345129691746
2012-05-14,8.13345129691746
2012-05-21,8.13345129691746
2012-05-28,8.13345129691746
2012-06-04,8.15808418461627
2012-06-11,8.15808418461627
2012-06-18,8.15808418461627
2012-06-25,8.15808418461627
2012-07-02,8.15693896774453
2012-07-09,8.15693896774453
2012-07-16,8.15693896774453
2012-07-23,8.15693896774453
2012-07-30,8.15693896774453
2012-08-06,8.12094344366226
2012-08-13,8.12094344366226
2012-08-20,8.12094344366226
2012-08-27,8.12094344366226
2012-09-03,8.15450744753078
2012-09-10,8.15450744753078
2012-09-17,8.15450744753078
2012-09-24,8.15450744753078
2012-10-01,8.29044458363941
2012-10-08,8.29044458363941
2012-10-15,8.29044458363941
2012-10-22,8.29044458363941
2012-10-29,8.29044458363941
2012-11-05,8.28925146226615
2012-11-12,8.28925146226615
2012-11-19,8.28925146226615
2012-11-26,8.28925146226615
2012-12-03,8.33316207679714
2012-12-10,8.33316207679714
2012-12-17,8.33316207679714
2012-12-24,8.33316207679714
2012-12-31,8.33316207679714
2013-01-07,8.50370197282945
2013-01-14,8.50370197282945
2013-01-21,8.50370197282945
2013-01-28,8.50370197282945
2013-02-04,8.42184400176929
2013-02-11,8.42184400176929
2013-02-18,8.42184400176929
2013-02-25,8.42184400176929
2013-03-04,8.41006334475853
2013-03-11,8.41006334475853
2013-03-18,8.41006334475853
2013-03-25,8.41006334475853
2013-04-01,8.47927079816863
2013-04-08,8.47927079816863
2013-04-15,8.47927079816863
2013-04-22,8.47927079816863
2013-04-29,8.47927079816863
2013-05-06,8.41193929872445
2013-05-13,8.41193929872445
2013-05-20,8.41193929872445
2013-05-27,8.41193929872445
2013-06-03,8.44448862790121
2013-06-10,8.44448862790121
2013-06-17,8.44448862790121
2013-06-24,8.44448862790121
2013-07-01,8.34976055702968
2013-07-08,8.34976055702968
2013-07-15,8.34976055702968
2013-07-22,8.34976055702968
2013-07-29,8.34976055702968
2013-08-05,8.33543614503006
2013-08-12,8.33543614503006
2013-08-19,8.33543614503006
2013-08-26,8.33543614503006
2013-09-02,8.36688504903777
2013-09-09,8.36688504903777
2013-09-16,8.36688504903777
2013-09-23,8.36688504903777
2013-09-30,8.36688504903777
2013-10-07,8.3261647601715
2013-10-14,8.3261647601715
2013-10-21,8.3261647601715
2013-10-28,8.3261647601715
2013-11-04,8.2674822403703
2013-11-11,8.2674822403703
2013-11-18,8.2674822403703
2013-11-25,8.2674822403703
2013-12-02,8.29080324820898
2013-12-09,8.29080324820898
2013-12-16,8.29080324820898
2013-12-23,8.29080324820898
2013-12-30,8.29080324820898
2014-01-06,8.3320086869329
2014-01-13,8.3320086869329
2014-01-20,8.3320086869329
2014-01-27,8.3320086869329
2014-02-03,8.33514004946985
2014-02-10,8.33514004946985
2014-02-17,8.33514004946985
2014-02-24,8.33514004946985
2014-03-03,8.25488001158406
2014-03-10,8.25488001158406
2014-03-17,8.25488001158406
2014-03-24,8.25488001158406
2014-03-31,8.25488001158406
2014-04-07,8.15269027979345
2014-04-14,8.15269027979345
2014-04-21,8.15269027979345
2014-04-28,8.15269027979345
2014-05-05,8.16861132084313
2014-05-12,8.16861132084313
2014-05-19,8.16861132084313
2014-05-26,8.16861132084313
2014-06-02,7.98994698199371
2014-06-09,7.98994698199371
2014-06-16,7.98994698199371
2014-06-23,7.98994698199371
2014-06-30,7.98994698199371
2014-07-07,8.15887105844707
2014-07-14,8.15887105844707
2014-07-21,8.15887105844707
2014-07-28,8.15887105844707
2014-08-04,8.02383654300066
2014-08-11,8.02383654300066
2014-08-18,8.02383654300066
2014-08-25,8.02383654300066
2014-09-01,8.12959882624884
2014-09-08,8.12959882624884
2014-09-15,8.12959882624884
2014-09-22,8.12959882624884
2014-09-29,8.12959882624884
2014-10-06,8.13292450659933
2014-10-13,8.13292450659933
2014-10-20,8.13292450659933
2014-10-27,8.13292450659933
2014-11-03,8.20588429047674
2014-11-10,8.20588429047674
2014-11-17,8.20588429047674
2014-11-24,8.20588429047674
2014-12-01,7.93761183759396
2014-12-08,7.93761183759396
2014-12-15,7.93761183759396
2014-12-22,7.93761183759396
2014-12-29,7.93761183759396
2015-01-05,7.95172794480292
2015-01-12,7.95172794480292
2015-01-19,7.95172794480292
2015-01-26,7.95172794480292
2015-02-02,7.91538348540158
2015-02-09,7.91538348540158
2015-02-16,7.91538348540158
2015-02-23,7.91538348540158
2015-03-02,7.94336557436565
2015-03-09,7.94336557436565
2015-03-16,7.94336557436565
2015-03-23,7.94336557436565
2015-03-30,7.94336557436565
2015-04-06,7.84414498013783
2015-04-13,7.84414498013783
2015-04-20,7.84414498013783
2015-04-27,7.84414498013783
2015-05-04,7.89730036331931
2015-05-11,7.89730036331931
2015-05-18,7.89730036331931
2015-05-25,7.89730036331931
2015-06-01,7.8424873389876
2015-06-08,7.8424873389876
2015-06-15,7.8424873389876
2015-06-22,7.8424873389876
2015-06-29,7.8424873389876
2015-07-06,7.63583289750146
2015-07-13,7.63583289750146
2015-07-20,7.63583289750146
2015-07-27,7.63583289750146
2015-08-03,7.62768278086021
2015-08-10,7.62768278086021
2015-08-17,7.62768278086021
2015-08-24,7.62768278086021
2015-08-31,7.62768278086021
2015-09-07,7.59869738868493
2015-09-14,7.59869738868493
2015-09-21,7.59869738868493
2015-09-28,7.59869738868493
2015-10-05,7.63576632688677
2015-10-12,7.63576632688677
2015-10-19,7.63576632688677
2015-10-26,7.63576632688677
2015-11-02,7.55987970503498
2015-11-09,7.55987970503498
2015-11-16,7.55987970503498
2015-11-23,7.55987970503498
2015-11-30,7.55987970503498
2015-12-07,7.59997952630454
2015-12-14,7.59997952630454
2015-12-21,7.59997952630454
2015-12-28,7.59997952630454
2016-01-04,7.58844856952838
2016-01-11,7.58844856952838
2016-01-18,7.58844856952838
2016-01-25,7.58844856952838
2016-02-01,7.66662646553543
2016-02-08,7.66662646553543
2016-02-15,7.66662646553543
2016-02-22,7.66662646553543
2016-02-29,7.66662646553543
2016-03-07,7.5615256293004
2016-03-14,7.5615256293004
2016-03-21,7.5615256293004
2016-03-28,7.5615256293004
2016-04-04,7.59863850030083
2016-04-11,7.59863850030083
2016-04-18,7.59863850030083
2016-04-25,7.59863850030083
2016-05-02,7.45915043007627
2016-05-09,7.45915043007627
2016-05-16,7.45915043007627
2016-05-23,7.45915043007627
2016-05-30,7.45915043007627
2016-06-06,7.48222138781852
2016-06-13,7.48222138781852
2016-06-20,7.48222138781852
2016-06-27,7.48222138781852
2016-07-04,7.40427817537343
2016-07-11,7.40427817537343
2016-07-18,7.40427817537343
2016-07-25,7.40427817537343
2016-08-01,7.39490818952407
2016-08-08,7.39490818952407
2016-08-15,7.39490818952407
2016-08-22,7.39490818952407
2016-08-29,7.39490818952407
2016-09-05,7.52821767653273
2016-09-12,7.52821767653273
2016-09-19,7.52821767653273
2016-09-26,7.52821767653273
2016-10-03,7.49161531581752
2016-10-10,7.49161531581752
2016-10-17,7.49161531581752
2016-10-24,7.49161531581752
2016-10-31,7.49161531581752
2016-11-07,7.54624781367337
2016-11-14,7.54624781367337
2016-11-21,7.54624781367337
2016-11-28,7.54624781367337
2016-12-05,7.47623951123961
2016-12-12,7.47623951123961
2016-12-19,7.47623951123961
2016-12-26,7.47623951123961
2017-01-02,7.35747389702388
2017-01-09,7.35747389702388
2017-01-16,7.35747389702388
2017-01-23,7.35747389702388
2017-01-30,7.35747389702388
2017-02-06,7.27551753885588
2017-02-13,7.27551753885588
2017-02-20,7.27551753885588
2017-02-27,7.27551753885588
2017-03-06,7.26621013658006
2017-03-13,7.26621013658006
2017-03-20,7.26621013658006
2017-03-27,7.26621013658006
2017-04-03,7.09011539630191
2017-04-10,7.09011539630191
2017-04-17,7.09011539630191
2017-04-24,7.09011539630191
2017-05-01,7.15615139333502
2017-05-08,7.15615139333502
2017-05-15,7.15615139333502
2017-05-22,7.15615139333502
2017-05-29,7.15615139333502
2017-06-05,7.06883550953774
2017-06-12,7.06883550953774
2017-06-19,7.06883550953774
2017-06-26,7.06883550953774
2017-07-03,7.12492348857215
2017-07-10,7.12492348857215
2017-07-17,7.12492348857215
2017-07-24,7.12492348857215
2017-07-31,7.12492348857215
2017-08-07,7.06806347709515
2017-08-14,7.06806347709515
2017-08-21,7.06806347709515
2017-08-28,7.06806347709515
2017-09-04,6.97787657159153
2017-09-11,6.97787657159153
2017-09-18,6.97787657159153
2017-09-25,6.97787657159153
2017-10-02,6.92122974532838
2017-10-09,6.92122974532838
2017-10-16,6.92122974532838
2017-10-23,6.92122974532838
2017-10-30,6.92122974532838
2017-11-06,6.83853591720356
2017-11-13,6.83853591720356
2017-11-20,6.83853591720356
2017-11-27,6.83853591720356
2017-12-04,6.7829489131027
2017-12-11,6.7829489131027
2017-12-18,6.7829489131027
2017-12-25,6.7829489131027
2018-01-01,6.86875373020308
2018-01-08,6.86875373020308
2018-01-15,6.86875373020308
2018-01-22,6.86875373020308
2018-01-29,6.86875373020308
2018-02-05,6.81310760646542
2018-02-12,6.81310760646542
2018-02-19,6.81310760646542
2018-02-26,6.81310760646542
2018-03-05,6.78512940257291
2018-03-12,6.78512940257291
2018-03-19,6.78512940257291
2018-03-26,6.78512940257291
2018-04-02,6.82100689401335
2018-04-09,6.82100689401335
2018-04-16,6.82100689401335
2018-04-23,6.82100689401335
2018-04-30,6.82100689401335
2018-05-07,6.67220843611878
2018-05-14,6.67220843611878
2018-05-21,6.67220843611878
2018-05-28,6.67220843611878
2018-06-04,6.72474963103828
2018-06-11,6.72474963103828
2018-06-18,6.72474963103828
2018-06-25,6.72474963103828
2018-07-02,6.57906487696479
2018-07-09,6.57906487696479
2018-07-16,6.57906487696479
2018-07-23,6.57906487696479
2018-07-30,6.57906487696479
2018-08-06,6.48408777744821
2018-08-13,6.48408777744821
2018-08-20,6.48408777744821
2018-08-27,6.48408777744821
2018-09-03,6.4967556046324
2018-09-10,6.4967556046324
2018-09-17,6.4967556046324
2018-09-24,6.4967556046324
2018-10-01,6.60666797420231
2018-10-08,6.60666797420231
2018-10-15,6.60666797420231
2018-10-22,6.60666797420231
2018-10-29,6.60666797420231
2018-11-05,6.54278800317906
2018-11-12,6.54278800317906
2018-11-19,6.54278800317906
2018-11-26,6.54278800317906
2018-12-03,6.49261932403506
2018-12-10,6.49261932403506
2018-12-17,6.49261932403506
2018-12-24,6.49261932403506
2018-12-31,6.49261932403506
2019-01-07,6.52918386327428
2019-01-14,6.52918386327428
2019-01-21,6.52918386327428
2019-01-28,6.52918386327428
2019-02-04,6.52958231683099
2019-02-11,6.52958231683099
2019-02-18,6.52958231683099
2019-02-25,6.52958231683099
2019-03-04,6.45310661889625
2019-03-11,6.45310661889625
2019-03-18,6.45310661889625
2019-03-25,6.45310661889625
2019-04-01,6.40055176044411
2019-04-08,6.40055176044411
2019-04-15,6.40055176044411
2019-04-22,6.40055176044411
2019-04-29,6.40055176044411
2019-05-06,6.28317802002441
2019-05-13,6.28317802002441
2019-05-20,6.28317802002441
2019-05-27,6.28317802002441
2019-06-03,6.17465435447362
2019-06-10,6.17465435447362
2019-06-17,6.17465435447362
2019-06-24,6.17465435447362
2019-07-01,6.18740731163806
2019-07-08,6.18740731163806
2019-07-15,6.18740731163806
2019-07-22,6.18740731163806
2019-07-29,6.18740731163806
2019-08-05,6.1014449187027
2019-08-12,6.1014449187027
2019-08-19,6.1014449187027
2019-08-26,6.1014449187027
2019-09-02,6.15732198391364
2019-09-09,6.15732198391364
2019-09-16,6.15732198391364
2019-09-23,6.15732198391364
2019-09-30,6.15732198391364
2019-10-07,6.07494033908089
2019-10-14,6.07494033908089
2019-10-21,6.07494033908089
2019-10-28,6.07494033908089
2019-11-04,6.19892708341266
2019-11-11,6.19892708341266
2019-11-18,6.19892708341266
2019-11-25,6.19892708341266
2019-12-02,6.13671840854844
2019-12-09,6.13671840854844
2019-12-16,6.13671840854844
2019-12-23,6.13671840854844
2019-12-30,6.13671840854844
2020-01-06,6.12419799284377
2020-01-13,6.12419799284377
2020-01-20,6.12419799284377
2020-01-27,6.12419799284377
2020-02-03,5.99589582035826
2020-02-10,5.99589582035826
2020-02-17,5.99589582035826
2020-02-24,5.99589582035826
2020-03-02,6.09031803759604
2020-03-09,6.09031803759604
2020-03-16,6.09031803759604
2020-03-23,6.09031803759604
2020-03-30,6.09031803759604
2020-04-06,9.95778953428216
2020-04-13,9.95778953428216
2020-04-20,9.95778953428216
2020-04-27,9.95778953428216
2020-05-04,9.68129869506144
2020-05-11,9.68129869506144
2020-05-18,9.68129869506144
2020-05-25,9.68129869506144
2020-06-01,8.77453271041291
2020-06-08,8.77453271041291
2020-06-15,8.77453271041291
2020-06-22,8.77453271041291
2020-06-29,8.77453271041291
2020-07-06,8.49947796069419
2020-07-13,8.49947796069419
2020-07-20,8.49947796069419
2020-07-27,8.49947796069419
2020-08-03,7.96221478764938
2020-08-10,7.96221478764938
2020-08-17,7.96221478764938
2020-08-24,7.96221478764938
2020-08-31,7.96221478764938
2020-09-07,7.65329318381402
2020-09-14,7.65329318381402
2020-09-21,7.65329318381402
2020-09-28,7.65329318381402
2020-10-05,7.33198485022106
2020-10-12,7.33198485022106
2020-10-19,7.33198485022106
2020-10-26,7.33198485022106
2020-11-02,7.11571040523954
2020-11-09,7.11571040523954
2020-11-16,7.11571040523954
2020-11-23,7.11571040523954
2020-11-30,7.11571040523954
2020-12-07,7.15168993013567
2020-12-14,7.15168993013567
2020-12-21,7.15168993013567
2020-12-28,7.15168993013567
2021-01-04,7.25751914314566
2021-01-11,7.25751914314566
2021-01-18,7.25751914314566
2021-01-25,7.25751914314566
2021-02-01,7.1265001307904
2021-02-08,7.1265001307904
2021-02-15,7.1265001307904
2021-02-22,7.1265001307904
2021-03-01,6.92871679958487
2021-03-08,6.92871679958487
2021-03-15,6.92871679958487
2021-03-22,6.92871679958487
2021-03-29,6.92871679958487
2021-04-05,7.05346902244544
2021-04-12,7.05346902244544
2021-04-19,7.05346902244544
2021-04-26,7.05346902244544
2021-05-03,6.87540893880043
2021-05-10,6.87540893880043
2021-05-17,6.87540893880043
2021-05-24,6.87540893880043
2021-05-31,6.87540893880043
2021-06-07,6.65743138883646
2021-06-14,6.65743138883646
2021-06-21,6.65743138883646
2021-06-28,6.65743138883646
2021-07-05,6.43379384166516
2021-07-12,6.43379384166516
2021-07-19,6.43379384166516
2021-07-26,6.43379384166516
2021-08-02,6.32234416650803
2021-08-09,6.32234416650803
2021-08-16,6.32234416650803
2021-08-23,6.32234416650803
2021-08-30,6.32234416650803
2021-09-06,6.1934789136814
2021-09-13,6.1934789136814
2021-09-20,6.1934789136814
2021-09-27,6.1934789136814
2021-10-04,6.08216364014064
2021-10-11,6.08216364014064
2021-10-18,6.08216364014064
2021-10-25,6.08216364014064
2021-11-01,5.90527765852884
2021-11-08,5.90527765852884
2021-11-15,5.90527765852884
2021-11-22,5.90527765852884
2021-11-29,5.90527765852884
2021-12-06,5.78322113340569
2021-12-13,5.78322113340569
2021-12-20,5.78322113340569
2021-12-27,5.78322113340569
2022-01-03,5.78048432094646
2022-01-10,5.78048432094646
2022-01-17,5.78048432094646
2022-01-24,5.78048432094646
2022-01-31,5.78048432094646
2022-02-07,5.53671386873344
2022-02-14,5.53671386873344
2022-02-21,5.53671386873344
2022-02-28,5.53671386873344
2022-03-07,5.50127736630551
2022-03-14,5.50127736630551
2022-03-21,5.50127736630551
2022-03-28,5.50127736630551
2022-04-04,5.48595392698657
2022-04-11,5.48595392698657
2022-04-18,5.48595392698657
2022-04-25,5.48595392698657
2022-05-02,5.44781102938796
2022-05-09,5.44781102938796
2022-05-16,5.44781102938796
2022-05-23,5.44781102938796
2022-05-30,5.44781102938796
2022-06-06,5.37449962600296
2022-06-13,5.37449962600296
2022-06-20,5.37449962600296
2022-06-27,5.37449962600296
2022-07-04,5.33260836369319
2022-07-11,5.33260836369319
2022-07-18,5.33260836369319
2022-07-25,5.33260836369319
2022-08-01,5.38408328287183
2022-08-08,5.38408328287183
2022-08-15,5.38408328287183
2022-08-22,5.38408328287183
2022-08-29,5.38408328287183
2022-09-05,5.31570409017814
2022-09-12,5.31570409017814
2022-09-19,5.31570409017814
2022-09-26,5.31570409017814
2022-10-03,5.32820520329621
2022-10-10,5.32820520329621
2022-10-17,5.32820520329621
2022-10-24,5.32820520329621
2022-10-31,5.32820520329621
2022-11-07,5.28406554819052
2022-11-14,5.28406554819052
2022-11-21,5.28406554819052
2022-11-28,5.28406554819052
2022-12-05,5.26104071736516
2022-12-12,5.26104071736516
2022-12-19,5.26104071736516
2022-12-26,5.26104071736516
2023-01-02,5.27792631481374
2023-01-09,5.27792631481374
2023-01-16,5.27792631481374
2023-01-23,5.27792631481374
2023-01-30,5.27792631481374
2023-02-06,5.2508983661685
2023-02-13,5.2508983661685
2023-02-20,5.2508983661685
2023-02-27,5.2508983661685
2023-03-06,5.32726344098023
2023-03-13,5.32726344098023
2023-03-20,5.32726344098023
2023-03-27,5.32726344098023
