,Inflation Rate (%),Annual Change
1961-01-02,1.458,
1961-01-09,1.458,
1961-01-16,1.458,
1961-01-23,1.458,
1961-01-30,1.458,
1961-02-06,1.458,
1961-02-13,1.458,
1961-02-20,1.458,
1961-02-27,1.458,
1961-03-06,1.458,
1961-03-13,1.458,
1961-03-20,1.458,
1961-03-27,1.458,
1961-04-03,1.458,
1961-04-10,1.458,
1961-04-17,1.458,
1961-04-24,1.458,
1961-05-01,1.458,
1961-05-08,1.458,
1961-05-15,1.458,
1961-05-22,1.458,
1961-05-29,1.458,
1961-06-05,1.458,
1961-06-12,1.458,
1961-06-19,1.458,
1961-06-26,1.458,
1961-07-03,1.458,
1961-07-10,1.458,
1961-07-17,1.458,
1961-07-24,1.458,
1961-07-31,1.458,
1961-08-07,1.458,
1961-08-14,1.458,
1961-08-21,1.458,
1961-08-28,1.458,
1961-09-04,1.458,
1961-09-11,1.458,
1961-09-18,1.458,
1961-09-25,1.458,
1961-10-02,1.458,
1961-10-09,1.458,
1961-10-16,1.458,
1961-10-23,1.458,
1961-10-30,1.458,
1961-11-06,1.458,
1961-11-13,1.458,
1961-11-20,1.458,
1961-11-27,1.458,
1961-12-04,1.458,
1961-12-11,1.458,
1961-12-18,1.458,
1961-12-25,1.458,
1962-01-01,1.0707,-0.39
1962-01-08,1.0707,-0.39
1962-01-15,1.0707,-0.39
1962-01-22,1.0707,-0.39
1962-01-29,1.0707,-0.39
1962-02-05,1.0707,-0.39
1962-02-12,1.0707,-0.39
1962-02-19,1.0707,-0.39
1962-02-26,1.0707,-0.39
1962-03-05,1.0707,-0.39
1962-03-12,1.0707,-0.39
1962-03-19,1.0707,-0.39
1962-03-26,1.0707,-0.39
1962-04-02,1.0707,-0.39
1962-04-09,1.0707,-0.39
1962-04-16,1.0707,-0.39
1962-04-23,1.0707,-0.39
1962-04-30,1.0707,-0.39
1962-05-07,1.0707,-0.39
1962-05-14,1.0707,-0.39
1962-05-21,1.0707,-0.39
1962-05-28,1.0707,-0.39
1962-06-04,1.0707,-0.39
1962-06-11,1.0707,-0.39
1962-06-18,1.0707,-0.39
1962-06-25,1.0707,-0.39
1962-07-02,1.0707,-0.39
1962-07-09,1.0707,-0.39
1962-07-16,1.0707,-0.39
1962-07-23,1.0707,-0.39
1962-07-30,1.0707,-0.39
1962-08-06,1.0707,-0.39
1962-08-13,1.0707,-0.39
1962-08-20,1.0707,-0.39
1962-08-27,1.0707,-0.39
1962-09-03,1.0707,-0.39
1962-09-10,1.0707,-0.39
1962-09-17,1.0707,-0.39
1962-09-24,1.0707,-0.39
1962-10-01,1.0707,-0.39
1962-10-08,1.0707,-0.39
1962-10-15,1.0707,-0.39
1962-10-22,1.0707,-0.39
1962-10-29,1.0707,-0.39
1962-11-05,1.0707,-0.39
1962-11-12,1.0707,-0.39
1962-11-19,1.0707,-0.39
1962-11-26,1.0707,-0.39
1962-12-03,1.0707,-0.39
1962-12-10,1.0707,-0.39
1962-12-17,1.0707,-0.39
1962-12-24,1.0707,-0.39
1962-12-31,1.1988,0.13
1963-01-07,1.1988,0.13
1963-01-14,1.1988,0.13
1963-01-21,1.1988,0.13
1963-01-28,1.1988,0.13
1963-02-04,1.1988,0.13
1963-02-11,1.1988,0.13
1963-02-18,1.1988,0.13
1963-02-25,1.1988,0.13
1963-03-04,1.1988,0.13
1963-03-11,1.1988,0.13
1963-03-18,1.1988,0.13
1963-03-25,1.1988,0.13
1963-04-01,1.1988,0.13
1963-04-08,1.1988,0.13
1963-04-15,1.1988,0.13
1963-04-22,1.1988,0.13
1963-04-29,1.1988,0.13
1963-05-06,1.1988,0.13
1963-05-13,1.1988,0.13
1963-05-20,1.1988,0.13
1963-05-27,1.1988,0.13
1963-06-03,1.1988,0.13
1963-06-10,1.1988,0.13
1963-06-17,1.1988,0.13
1963-06-24,1.1988,0.13
1963-07-01,1.1988,0.13
1963-07-08,1.1988,0.13
1963-07-15,1.1988,0.13
1963-07-22,1.1988,0.13
1963-07-29,1.1988,0.13
1963-08-05,1.1988,0.13
1963-08-12,1.1988,0.13
1963-08-19,1.1988,0.13
1963-08-26,1.1988,0.13
1963-09-02,1.1988,0.13
1963-09-09,1.1988,0.13
1963-09-16,1.1988,0.13
1963-09-23,1.1988,0.13
1963-09-30,1.1988,0.13
1963-10-07,1.1988,0.13
1963-10-14,1.1988,0.13
1963-10-21,1.1988,0.13
1963-10-28,1.1988,0.13
1963-11-04,1.1988,0.13
1963-11-11,1.1988,0.13
1963-11-18,1.1988,0.13
1963-11-25,1.1988,0.13
1963-12-02,1.1988,0.13
1963-12-09,1.1988,0.13
1963-12-16,1.1988,0.13
1963-12-23,1.1988,0.13
1963-12-30,1.1988,0.13
1964-01-06,1.2397,0.04
1964-01-13,1.2397,0.04
1964-01-20,1.2397,0.04
1964-01-27,1.2397,0.04
1964-02-03,1.2397,0.04
1964-02-10,1.2397,0.04
1964-02-17,1.2397,0.04
1964-02-24,1.2397,0.04
1964-03-02,1.2397,0.04
1964-03-09,1.2397,0.04
1964-03-16,1.2397,0.04
1964-03-23,1.2397,0.04
1964-03-30,1.2397,0.04
1964-04-06,1.2397,0.04
1964-04-13,1.2397,0.04
1964-04-20,1.2397,0.04
1964-04-27,1.2397,0.04
1964-05-04,1.2397,0.04
1964-05-11,1.2397,0.04
1964-05-18,1.2397,0.04
1964-05-25,1.2397,0.04
1964-06-01,1.2397,0.04
1964-06-08,1.2397,0.04
1964-06-15,1.2397,0.04
1964-06-22,1.2397,0.04
1964-06-29,1.2397,0.04
1964-07-06,1.2397,0.04
1964-07-13,1.2397,0.04
1964-07-20,1.2397,0.04
1964-07-27,1.2397,0.04
1964-08-03,1.2397,0.04
1964-08-10,1.2397,0.04
1964-08-17,1.2397,0.04
1964-08-24,1.2397,0.04
1964-08-31,1.2397,0.04
1964-09-07,1.2397,0.04
1964-09-14,1.2397,0.04
1964-09-21,1.2397,0.04
1964-09-28,1.2397,0.04
1964-10-05,1.2397,0.04
1964-10-12,1.2397,0.04
1964-10-19,1.2397,0.04
1964-10-26,1.2397,0.04
1964-11-02,1.2397,0.04
1964-11-09,1.2397,0.04
1964-11-16,1.2397,0.04
1964-11-23,1.2397,0.04
1964-11-30,1.2397,0.04
1964-12-07,1.2397,0.04
1964-12-14,1.2397,0.04
1964-12-21,1.2397,0.04
1964-12-28,1.2397,0.04
1965-01-04,1.2789,0.04
1965-01-11,1.2789,0.04
1965-01-18,1.2789,0.04
1965-01-25,1.2789,0.04
1965-02-01,1.2789,0.04
1965-02-08,1.2789,0.04
1965-02-15,1.2789,0.04
1965-02-22,1.2789,0.04
1965-03-01,1.2789,0.04
1965-03-08,1.2789,0.04
1965-03-15,1.2789,0.04
1965-03-22,1.2789,0.04
1965-03-29,1.2789,0.04
1965-04-05,1.2789,0.04
1965-04-12,1.2789,0.04
1965-04-19,1.2789,0.04
1965-04-26,1.2789,0.04
1965-05-03,1.2789,0.04
1965-05-10,1.2789,0.04
1965-05-17,1.2789,0.04
1965-05-24,1.2789,0.04
1965-05-31,1.2789,0.04
1965-06-07,1.2789,0.04
1965-06-14,1.2789,0.04
1965-06-21,1.2789,0.04
1965-06-28,1.2789,0.04
1965-07-05,1.2789,0.04
1965-07-12,1.2789,0.04
1965-07-19,1.2789,0.04
1965-07-26,1.2789,0.04
1965-08-02,1.2789,0.04
1965-08-09,1.2789,0.04
1965-08-16,1.2789,0.04
1965-08-23,1.2789,0.04
1965-08-30,1.2789,0.04
1965-09-06,1.2789,0.04
1965-09-13,1.2789,0.04
1965-09-20,1.2789,0.04
1965-09-27,1.2789,0.04
1965-10-04,1.2789,0.04
1965-10-11,1.2789,0.04
1965-10-18,1.2789,0.04
1965-10-25,1.2789,0.04
1965-11-01,1.2789,0.04
1965-11-08,1.2789,0.04
1965-11-15,1.2789,0.04
1965-11-22,1.2789,0.04
1965-11-29,1.2789,0.04
1965-12-06,1.2789,0.04
1965-12-13,1.2789,0.04
1965-12-20,1.2789,0.04
1965-12-27,1.2789,0.04
1966-01-03,1.5852,0.31
1966-01-10,1.5852,0.31
1966-01-17,1.5852,0.31
1966-01-24,1.5852,0.31
1966-01-31,1.5852,0.31
1966-02-07,1.5852,0.31
1966-02-14,1.5852,0.31
1966-02-21,1.5852,0.31
1966-02-28,1.5852,0.31
1966-03-07,1.5852,0.31
1966-03-14,1.5852,0.31
1966-03-21,1.5852,0.31
1966-03-28,1.5852,0.31
1966-04-04,1.5852,0.31
1966-04-11,1.5852,0.31
1966-04-18,1.5852,0.31
1966-04-25,1.5852,0.31
1966-05-02,1.5852,0.31
1966-05-09,1.5852,0.31
1966-05-16,1.5852,0.31
1966-05-23,1.5852,0.31
1966-05-30,1.5852,0.31
1966-06-06,1.5852,0.31
1966-06-13,1.5852,0.31
1966-06-20,1.5852,0.31
1966-06-27,1.5852,0.31
1966-07-04,1.5852,0.31
1966-07-11,1.5852,0.31
1966-07-18,1.5852,0.31
1966-07-25,1.5852,0.31
1966-08-01,1.5852,0.31
1966-08-08,1.5852,0.31
1966-08-15,1.5852,0.31
1966-08-22,1.5852,0.31
1966-08-29,1.5852,0.31
1966-09-05,1.5852,0.31
1966-09-12,1.5852,0.31
1966-09-19,1.5852,0.31
1966-09-26,1.5852,0.31
1966-10-03,1.5852,0.31
1966-10-10,1.5852,0.31
1966-10-17,1.5852,0.31
1966-10-24,1.5852,0.31
1966-10-31,1.5852,0.31
1966-11-07,1.5852,0.31
1966-11-14,1.5852,0.31
1966-11-21,1.5852,0.31
1966-11-28,1.5852,0.31
1966-12-05,1.5852,0.31
1966-12-12,1.5852,0.31
1966-12-19,1.5852,0.31
1966-12-26,1.5852,0.31
1967-01-02,3.0151,1.43
1967-01-09,3.0151,1.43
1967-01-16,3.0151,1.43
1967-01-23,3.0151,1.43
1967-01-30,3.0151,1.43
1967-02-06,3.0151,1.43
1967-02-13,3.0151,1.43
1967-02-20,3.0151,1.43
1967-02-27,3.0151,1.43
1967-03-06,3.0151,1.43
1967-03-13,3.0151,1.43
1967-03-20,3.0151,1.43
1967-03-27,3.0151,1.43
1967-04-03,3.0151,1.43
1967-04-10,3.0151,1.43
1967-04-17,3.0151,1.43
1967-04-24,3.0151,1.43
1967-05-01,3.0151,1.43
1967-05-08,3.0151,1.43
1967-05-15,3.0151,1.43
1967-05-22,3.0151,1.43
1967-05-29,3.0151,1.43
1967-06-05,3.0151,1.43
1967-06-12,3.0151,1.43
1967-06-19,3.0151,1.43
1967-06-26,3.0151,1.43
1967-07-03,3.0151,1.43
1967-07-10,3.0151,1.43
1967-07-17,3.0151,1.43
1967-07-24,3.0151,1.43
1967-07-31,3.0151,1.43
1967-08-07,3.0151,1.43
1967-08-14,3.0151,1.43
1967-08-21,3.0151,1.43
1967-08-28,3.0151,1.43
1967-09-04,3.0151,1.43
1967-09-11,3.0151,1.43
1967-09-18,3.0151,1.43
1967-09-25,3.0151,1.43
1967-10-02,3.0151,1.43
1967-10-09,3.0151,1.43
1967-10-16,3.0151,1.43
1967-10-23,3.0151,1.43
1967-10-30,3.0151,1.43
1967-11-06,3.0151,1.43
1967-11-13,3.0151,1.43
1967-11-20,3.0151,1.43
1967-11-27,3.0151,1.43
1967-12-04,3.0151,1.43
1967-12-11,3.0151,1.43
1967-12-18,3.0151,1.43
1967-12-25,3.0151,1.43
1968-01-01,2.7728,-0.24
1968-01-08,2.7728,-0.24
1968-01-15,2.7728,-0.24
1968-01-22,2.7728,-0.24
1968-01-29,2.7728,-0.24
1968-02-05,2.7728,-0.24
1968-02-12,2.7728,-0.24
1968-02-19,2.7728,-0.24
1968-02-26,2.7728,-0.24
1968-03-04,2.7728,-0.24
1968-03-11,2.7728,-0.24
1968-03-18,2.7728,-0.24
1968-03-25,2.7728,-0.24
1968-04-01,2.7728,-0.24
1968-04-08,2.7728,-0.24
1968-04-15,2.7728,-0.24
1968-04-22,2.7728,-0.24
1968-04-29,2.7728,-0.24
1968-05-06,2.7728,-0.24
1968-05-13,2.7728,-0.24
1968-05-20,2.7728,-0.24
1968-05-27,2.7728,-0.24
1968-06-03,2.7728,-0.24
1968-06-10,2.7728,-0.24
1968-06-17,2.7728,-0.24
1968-06-24,2.7728,-0.24
1968-07-01,2.7728,-0.24
1968-07-08,2.7728,-0.24
1968-07-15,2.7728,-0.24
1968-07-22,2.7728,-0.24
1968-07-29,2.7728,-0.24
1968-08-05,2.7728,-0.24
1968-08-12,2.7728,-0.24
1968-08-19,2.7728,-0.24
1968-08-26,2.7728,-0.24
1968-09-02,2.7728,-0.24
1968-09-09,2.7728,-0.24
1968-09-16,2.7728,-0.24
1968-09-23,2.7728,-0.24
1968-09-30,2.7728,-0.24
1968-10-07,2.7728,-0.24
1968-10-14,2.7728,-0.24
1968-10-21,2.7728,-0.24
1968-10-28,2.7728,-0.24
1968-11-04,2.7728,-0.24
1968-11-11,2.7728,-0.24
1968-11-18,2.7728,-0.24
1968-11-25,2.7728,-0.24
1968-12-02,2.7728,-0.24
1968-12-09,2.7728,-0.24
1968-12-16,2.7728,-0.24
1968-12-23,2.7728,-0.24
1968-12-30,2.7728,-0.24
1969-01-06,4.2718,1.5
1969-01-13,4.2718,1.5
1969-01-20,4.2718,1.5
1969-01-27,4.2718,1.5
1969-02-03,4.2718,1.5
1969-02-10,4.2718,1.5
1969-02-17,4.2718,1.5
1969-02-24,4.2718,1.5
1969-03-03,4.2718,1.5
1969-03-10,4.2718,1.5
1969-03-17,4.2718,1.5
1969-03-24,4.2718,1.5
1969-03-31,4.2718,1.5
1969-04-07,4.2718,1.5
1969-04-14,4.2718,1.5
1969-04-21,4.2718,1.5
1969-04-28,4.2718,1.5
1969-05-05,4.2718,1.5
1969-05-12,4.2718,1.5
1969-05-19,4.2718,1.5
1969-05-26,4.2718,1.5
1969-06-02,4.2718,1.5
1969-06-09,4.2718,1.5
1969-06-16,4.2718,1.5
1969-06-23,4.2718,1.5
1969-06-30,4.2718,1.5
1969-07-07,4.2718,1.5
1969-07-14,4.2718,1.5
1969-07-21,4.2718,1.5
1969-07-28,4.2718,1.5
1969-08-04,4.2718,1.5
1969-08-11,4.2718,1.5
1969-08-18,4.2718,1.5
1969-08-25,4.2718,1.5
1969-09-01,4.2718,1.5
1969-09-08,4.2718,1.5
1969-09-15,4.2718,1.5
1969-09-22,4.2718,1.5
1969-09-29,4.2718,1.5
1969-10-06,4.2718,1.5
1969-10-13,4.2718,1.5
1969-10-20,4.2718,1.5
1969-10-27,4.2718,1.5
1969-11-03,4.2718,1.5
1969-11-10,4.2718,1.5
1969-11-17,4.2718,1.5
1969-11-24,4.2718,1.5
1969-12-01,4.2718,1.5
1969-12-08,4.2718,1.5
1969-12-15,4.2718,1.5
1969-12-22,4.2718,1.5
1969-12-29,4.2718,1.5
1970-01-05,5.4624,1.19
1970-01-12,5.4624,1.19
1970-01-19,5.4624,1.19
1970-01-26,5.4624,1.19
1970-02-02,5.4624,1.19
1970-02-09,5.4624,1.19
1970-02-16,5.4624,1.19
1970-02-23,5.4624,1.19
1970-03-02,5.4624,1.19
1970-03-09,5.4624,1.19
1970-03-16,5.4624,1.19
1970-03-23,5.4624,1.19
1970-03-30,5.4624,1.19
1970-04-06,5.4624,1.19
1970-04-13,5.4624,1.19
1970-04-20,5.4624,1.19
1970-04-27,5.4624,1.19
1970-05-04,5.4624,1.19
1970-05-11,5.4624,1.19
1970-05-18,5.4624,1.19
1970-05-25,5.4624,1.19
1970-06-01,5.4624,1.19
1970-06-08,5.4624,1.19
1970-06-15,5.4624,1.19
1970-06-22,5.4624,1.19
1970-06-29,5.4624,1.19
1970-07-06,5.4624,1.19
1970-07-13,5.4624,1.19
1970-07-20,5.4624,1.19
1970-07-27,5.4624,1.19
1970-08-03,5.4624,1.19
1970-08-10,5.4624,1.19
1970-08-17,5.4624,1.19
1970-08-24,5.4624,1.19
1970-08-31,5.4624,1.19
1970-09-07,5.4624,1.19
1970-09-14,5.4624,1.19
1970-09-21,5.4624,1.19
1970-09-28,5.4624,1.19
1970-10-05,5.4624,1.19
1970-10-12,5.4624,1.19
1970-10-19,5.4624,1.19
1970-10-26,5.4624,1.19
1970-11-02,5.4624,1.19
1970-11-09,5.4624,1.19
1970-11-16,5.4624,1.19
1970-11-23,5.4624,1.19
1970-11-30,5.4624,1.19
1970-12-07,5.4624,1.19
1970-12-14,5.4624,1.19
1970-12-21,5.4624,1.19
1970-12-28,5.4624,1.19
1971-01-04,5.8383,0.38
1971-01-11,5.8383,0.38
1971-01-18,5.8383,0.38
1971-01-25,5.8383,0.38
1971-02-01,5.8383,0.38
1971-02-08,5.8383,0.38
1971-02-15,5.8383,0.38
1971-02-22,5.8383,0.38
1971-03-01,5.8383,0.38
1971-03-08,5.8383,0.38
1971-03-15,5.8383,0.38
1971-03-22,5.8383,0.38
1971-03-29,5.8383,0.38
1971-04-05,5.8383,0.38
1971-04-12,5.8383,0.38
1971-04-19,5.8383,0.38
1971-04-26,5.8383,0.38
1971-05-03,5.8383,0.38
1971-05-10,5.8383,0.38
1971-05-17,5.8383,0.38
1971-05-24,5.8383,0.38
1971-05-31,5.8383,0.38
1971-06-07,5.8383,0.38
1971-06-14,5.8383,0.38
1971-06-21,5.8383,0.38
1971-06-28,5.8383,0.38
1971-07-05,5.8383,0.38
1971-07-12,5.8383,0.38
1971-07-19,5.8383,0.38
1971-07-26,5.8383,0.38
1971-08-02,5.8383,0.38
1971-08-09,5.8383,0.38
1971-08-16,5.8383,0.38
1971-08-23,5.8383,0.38
1971-08-30,5.8383,0.38
1971-09-06,5.8383,0.38
1971-09-13,5.8383,0.38
1971-09-20,5.8383,0.38
1971-09-27,5.8383,0.38
1971-10-04,5.8383,0.38
1971-10-11,5.8383,0.38
1971-10-18,5.8383,0.38
1971-10-25,5.8383,0.38
1971-11-01,5.8383,0.38
1971-11-08,5.8383,0.38
1971-11-15,5.8383,0.38
1971-11-22,5.8383,0.38
1971-11-29,5.8383,0.38
1971-12-06,5.8383,0.38
1971-12-13,5.8383,0.38
1971-12-20,5.8383,0.38
1971-12-27,5.8383,0.38
1972-01-03,4.2928,-1.55
1972-01-10,4.2928,-1.55
1972-01-17,4.2928,-1.55
1972-01-24,4.2928,-1.55
1972-01-31,4.2928,-1.55
1972-02-07,4.2928,-1.55
1972-02-14,4.2928,-1.55
1972-02-21,4.2928,-1.55
1972-02-28,4.2928,-1.55
1972-03-06,4.2928,-1.55
1972-03-13,4.2928,-1.55
1972-03-20,4.2928,-1.55
1972-03-27,4.2928,-1.55
1972-04-03,4.2928,-1.55
1972-04-10,4.2928,-1.55
1972-04-17,4.2928,-1.55
1972-04-24,4.2928,-1.55
1972-05-01,4.2928,-1.55
1972-05-08,4.2928,-1.55
1972-05-15,4.2928,-1.55
1972-05-22,4.2928,-1.55
1972-05-29,4.2928,-1.55
1972-06-05,4.2928,-1.55
1972-06-12,4.2928,-1.55
1972-06-19,4.2928,-1.55
1972-06-26,4.2928,-1.55
1972-07-03,4.2928,-1.55
1972-07-10,4.2928,-1.55
1972-07-17,4.2928,-1.55
1972-07-24,4.2928,-1.55
1972-07-31,4.2928,-1.55
1972-08-07,4.2928,-1.55
1972-08-14,4.2928,-1.55
1972-08-21,4.2928,-1.55
1972-08-28,4.2928,-1.55
1972-09-04,4.2928,-1.55
1972-09-11,4.2928,-1.55
1972-09-18,4.2928,-1.55
1972-09-25,4.2928,-1.55
1972-10-02,4.2928,-1.55
1972-10-09,4.2928,-1.55
1972-10-16,4.2928,-1.55
1972-10-23,4.2928,-1.55
1972-10-30,4.2928,-1.55
1972-11-06,4.2928,-1.55
1972-11-13,4.2928,-1.55
1972-11-20,4.2928,-1.55
1972-11-27,4.2928,-1.55
1972-12-04,4.2928,-1.55
1972-12-11,4.2928,-1.55
1972-12-18,4.2928,-1.55
1972-12-25,4.2928,-1.55
1973-01-01,3.2723,-1.02
1973-01-08,3.2723,-1.02
1973-01-15,3.2723,-1.02
1973-01-22,3.2723,-1.02
1973-01-29,3.2723,-1.02
1973-02-05,3.2723,-1.02
1973-02-12,3.2723,-1.02
1973-02-19,3.2723,-1.02
1973-02-26,3.2723,-1.02
1973-03-05,3.2723,-1.02
1973-03-12,3.2723,-1.02
1973-03-19,3.2723,-1.02
1973-03-26,3.2723,-1.02
1973-04-02,3.2723,-1.02
1973-04-09,3.2723,-1.02
1973-04-16,3.2723,-1.02
1973-04-23,3.2723,-1.02
1973-04-30,3.2723,-1.02
1973-05-07,3.2723,-1.02
1973-05-14,3.2723,-1.02
1973-05-21,3.2723,-1.02
1973-05-28,3.2723,-1.02
1973-06-04,3.2723,-1.02
1973-06-11,3.2723,-1.02
1973-06-18,3.2723,-1.02
1973-06-25,3.2723,-1.02
1973-07-02,3.2723,-1.02
1973-07-09,3.2723,-1.02
1973-07-16,3.2723,-1.02
1973-07-23,3.2723,-1.02
1973-07-30,3.2723,-1.02
1973-08-06,3.2723,-1.02
1973-08-13,3.2723,-1.02
1973-08-20,3.2723,-1.02
1973-08-27,3.2723,-1.02
1973-09-03,3.2723,-1.02
1973-09-10,3.2723,-1.02
1973-09-17,3.2723,-1.02
1973-09-24,3.2723,-1.02
1973-10-01,3.2723,-1.02
1973-10-08,3.2723,-1.02
1973-10-15,3.2723,-1.02
1973-10-22,3.2723,-1.02
1973-10-29,3.2723,-1.02
1973-11-05,3.2723,-1.02
1973-11-12,3.2723,-1.02
1973-11-19,3.2723,-1.02
1973-11-26,3.2723,-1.02
1973-12-03,3.2723,-1.02
1973-12-10,3.2723,-1.02
1973-12-17,3.2723,-1.02
1973-12-24,3.2723,-1.02
1973-12-31,6.1778,2.91
1974-01-07,6.1778,2.91
1974-01-14,6.1778,2.91
1974-01-21,6.1778,2.91
1974-01-28,6.1778,2.91
1974-02-04,6.1778,2.91
1974-02-11,6.1778,2.91
1974-02-18,6.1778,2.91
1974-02-25,6.1778,2.91
1974-03-04,6.1778,2.91
1974-03-11,6.1778,2.91
1974-03-18,6.1778,2.91
1974-03-25,6.1778,2.91
1974-04-01,6.1778,2.91
1974-04-08,6.1778,2.91
1974-04-15,6.1778,2.91
1974-04-22,6.1778,2.91
1974-04-29,6.1778,2.91
1974-05-06,6.1778,2.91
1974-05-13,6.1778,2.91
1974-05-20,6.1778,2.91
1974-05-27,6.1778,2.91
1974-06-03,6.1778,2.91
1974-06-10,6.1778,2.91
1974-06-17,6.1778,2.91
1974-06-24,6.1778,2.91
1974-07-01,6.1778,2.91
1974-07-08,6.1778,2.91
1974-07-15,6.1778,2.91
1974-07-22,6.1778,2.91
1974-07-29,6.1778,2.91
1974-08-05,6.1778,2.91
1974-08-12,6.1778,2.91
1974-08-19,6.1778,2.91
1974-08-26,6.1778,2.91
1974-09-02,6.1778,2.91
1974-09-09,6.1778,2.91
1974-09-16,6.1778,2.91
1974-09-23,6.1778,2.91
1974-09-30,6.1778,2.91
1974-10-07,6.1778,2.91
1974-10-14,6.1778,2.91
1974-10-21,6.1778,2.91
1974-10-28,6.1778,2.91
1974-11-04,6.1778,2.91
1974-11-11,6.1778,2.91
1974-11-18,6.1778,2.91
1974-11-25,6.1778,2.91
1974-12-02,6.1778,2.91
1974-12-09,6.1778,2.91
1974-12-16,6.1778,2.91
1974-12-23,6.1778,2.91
1974-12-30,6.1778,2.91
1975-01-06,11.0548,4.88
1975-01-13,11.0548,4.88
1975-01-20,11.0548,4.88
1975-01-27,11.0548,4.88
1975-02-03,11.0548,4.88
1975-02-10,11.0548,4.88
1975-02-17,11.0548,4.88
1975-02-24,11.0548,4.88
1975-03-03,11.0548,4.88
1975-03-10,11.0548,4.88
1975-03-17,11.0548,4.88
1975-03-24,11.0548,4.88
1975-03-31,11.0548,4.88
1975-04-07,11.0548,4.88
1975-04-14,11.0548,4.88
1975-04-21,11.0548,4.88
1975-04-28,11.0548,4.88
1975-05-05,11.0548,4.88
1975-05-12,11.0548,4.88
1975-05-19,11.0548,4.88
1975-05-26,11.0548,4.88
1975-06-02,11.0548,4.88
1975-06-09,11.0548,4.88
1975-06-16,11.0548,4.88
1975-06-23,11.0548,4.88
1975-06-30,11.0548,4.88
1975-07-07,11.0548,4.88
1975-07-14,11.0548,4.88
1975-07-21,11.0548,4.88
1975-07-28,11.0548,4.88
1975-08-04,11.0548,4.88
1975-08-11,11.0548,4.88
1975-08-18,11.0548,4.88
1975-08-25,11.0548,4.88
1975-09-01,11.0548,4.88
1975-09-08,11.0548,4.88
1975-09-15,11.0548,4.88
1975-09-22,11.0548,4.88
1975-09-29,11.0548,4.88
1975-10-06,11.0548,4.88
1975-10-13,11.0548,4.88
1975-10-20,11.0548,4.88
1975-10-27,11.0548,4.88
1975-11-03,11.0548,4.88
1975-11-10,11.0548,4.88
1975-11-17,11.0548,4.88
1975-11-24,11.0548,4.88
1975-12-01,11.0548,4.88
1975-12-08,11.0548,4.88
1975-12-15,11.0548,4.88
1975-12-22,11.0548,4.88
1975-12-29,11.0548,4.88
1976-01-05,9.1431,-1.91
1976-01-12,9.1431,-1.91
1976-01-19,9.1431,-1.91
1976-01-26,9.1431,-1.91
1976-02-02,9.1431,-1.91
1976-02-09,9.1431,-1.91
1976-02-16,9.1431,-1.91
1976-02-23,9.1431,-1.91
1976-03-01,9.1431,-1.91
1976-03-08,9.1431,-1.91
1976-03-15,9.1431,-1.91
1976-03-22,9.1431,-1.91
1976-03-29,9.1431,-1.91
1976-04-05,9.1431,-1.91
1976-04-12,9.1431,-1.91
1976-04-19,9.1431,-1.91
1976-04-26,9.1431,-1.91
1976-05-03,9.1431,-1.91
1976-05-10,9.1431,-1.91
1976-05-17,9.1431,-1.91
1976-05-24,9.1431,-1.91
1976-05-31,9.1431,-1.91
1976-06-07,9.1431,-1.91
1976-06-14,9.1431,-1.91
1976-06-21,9.1431,-1.91
1976-06-28,9.1431,-1.91
1976-07-05,9.1431,-1.91
1976-07-12,9.1431,-1.91
1976-07-19,9.1431,-1.91
1976-07-26,9.1431,-1.91
1976-08-02,9.1431,-1.91
1976-08-09,9.1431,-1.91
1976-08-16,9.1431,-1.91
1976-08-23,9.1431,-1.91
1976-08-30,9.1431,-1.91
1976-09-06,9.1431,-1.91
1976-09-13,9.1431,-1.91
1976-09-20,9.1431,-1.91
1976-09-27,9.1431,-1.91
1976-10-04,9.1431,-1.91
1976-10-11,9.1431,-1.91
1976-10-18,9.1431,-1.91
1976-10-25,9.1431,-1.91
1976-11-01,9.1431,-1.91
1976-11-08,9.1431,-1.91
1976-11-15,9.1431,-1.91
1976-11-22,9.1431,-1.91
1976-11-29,9.1431,-1.91
1976-12-06,9.1431,-1.91
1976-12-13,9.1431,-1.91
1976-12-20,9.1431,-1.91
1976-12-27,9.1431,-1.91
1977-01-03,5.7448,-3.4
1977-01-10,5.7448,-3.4
1977-01-17,5.7448,-3.4
1977-01-24,5.7448,-3.4
1977-01-31,5.7448,-3.4
1977-02-07,5.7448,-3.4
1977-02-14,5.7448,-3.4
1977-02-21,5.7448,-3.4
1977-02-28,5.7448,-3.4
1977-03-07,5.7448,-3.4
1977-03-14,5.7448,-3.4
1977-03-21,5.7448,-3.4
1977-03-28,5.7448,-3.4
1977-04-04,5.7448,-3.4
1977-04-11,5.7448,-3.4
1977-04-18,5.7448,-3.4
1977-04-25,5.7448,-3.4
1977-05-02,5.7448,-3.4
1977-05-09,5.7448,-3.4
1977-05-16,5.7448,-3.4
1977-05-23,5.7448,-3.4
1977-05-30,5.7448,-3.4
1977-06-06,5.7448,-3.4
1977-06-13,5.7448,-3.4
1977-06-20,5.7448,-3.4
1977-06-27,5.7448,-3.4
1977-07-04,5.7448,-3.4
1977-07-11,5.7448,-3.4
1977-07-18,5.7448,-3.4
1977-07-25,5.7448,-3.4
1977-08-01,5.7448,-3.4
1977-08-08,5.7448,-3.4
1977-08-15,5.7448,-3.4
1977-08-22,5.7448,-3.4
1977-08-29,5.7448,-3.4
1977-09-05,5.7448,-3.4
1977-09-12,5.7448,-3.4
1977-09-19,5.7448,-3.4
1977-09-26,5.7448,-3.4
1977-10-03,5.7448,-3.4
1977-10-10,5.7448,-3.4
1977-10-17,5.7448,-3.4
1977-10-24,5.7448,-3.4
1977-10-31,5.7448,-3.4
1977-11-07,5.7448,-3.4
1977-11-14,5.7448,-3.4
1977-11-21,5.7448,-3.4
1977-11-28,5.7448,-3.4
1977-12-05,5.7448,-3.4
1977-12-12,5.7448,-3.4
1977-12-19,5.7448,-3.4
1977-12-26,5.7448,-3.4
1978-01-02,6.5017,0.76
1978-01-09,6.5017,0.76
1978-01-16,6.5017,0.76
1978-01-23,6.5017,0.76
1978-01-30,6.5017,0.76
1978-02-06,6.5017,0.76
1978-02-13,6.5017,0.76
1978-02-20,6.5017,0.76
1978-02-27,6.5017,0.76
1978-03-06,6.5017,0.76
1978-03-13,6.5017,0.76
1978-03-20,6.5017,0.76
1978-03-27,6.5017,0.76
1978-04-03,6.5017,0.76
1978-04-10,6.5017,0.76
1978-04-17,6.5017,0.76
1978-04-24,6.5017,0.76
1978-05-01,6.5017,0.76
1978-05-08,6.5017,0.76
1978-05-15,6.5017,0.76
1978-05-22,6.5017,0.76
1978-05-29,6.5017,0.76
1978-06-05,6.5017,0.76
1978-06-12,6.5017,0.76
1978-06-19,6.5017,0.76
1978-06-26,6.5017,0.76
1978-07-03,6.5017,0.76
1978-07-10,6.5017,0.76
1978-07-17,6.5017,0.76
1978-07-24,6.5017,0.76
1978-07-31,6.5017,0.76
1978-08-07,6.5017,0.76
1978-08-14,6.5017,0.76
1978-08-21,6.5017,0.76
1978-08-28,6.5017,0.76
1978-09-04,6.5017,0.76
1978-09-11,6.5017,0.76
1978-09-18,6.5017,0.76
1978-09-25,6.5017,0.76
1978-10-02,6.5017,0.76
1978-10-09,6.5017,0.76
1978-10-16,6.5017,0.76
1978-10-23,6.5017,0.76
1978-10-30,6.5017,0.76
1978-11-06,6.5017,0.76
1978-11-13,6.5017,0.76
1978-11-20,6.5017,0.76
1978-11-27,6.5017,0.76
1978-12-04,6.5017,0.76
1978-12-11,6.5017,0.76
1978-12-18,6.5017,0.76
1978-12-25,6.5017,0.76
1979-01-01,7.631,1.13
1979-01-08,7.631,1.13
1979-01-15,7.631,1.13
1979-01-22,7.631,1.13
1979-01-29,7.631,1.13
1979-02-05,7.631,1.13
1979-02-12,7.631,1.13
1979-02-19,7.631,1.13
1979-02-26,7.631,1.13
1979-03-05,7.631,1.13
1979-03-12,7.631,1.13
1979-03-19,7.631,1.13
1979-03-26,7.631,1.13
1979-04-02,7.631,1.13
1979-04-09,7.631,1.13
1979-04-16,7.631,1.13
1979-04-23,7.631,1.13
1979-04-30,7.631,1.13
1979-05-07,7.631,1.13
1979-05-14,7.631,1.13
1979-05-21,7.631,1.13
1979-05-28,7.631,1.13
1979-06-04,7.631,1.13
1979-06-11,7.631,1.13
1979-06-18,7.631,1.13
1979-06-25,7.631,1.13
1979-07-02,7.631,1.13
1979-07-09,7.631,1.13
1979-07-16,7.631,1.13
1979-07-23,7.631,1.13
1979-07-30,7.631,1.13
1979-08-06,7.631,1.13
1979-08-13,7.631,1.13
1979-08-20,7.631,1.13
1979-08-27,7.631,1.13
1979-09-03,7.631,1.13
1979-09-10,7.631,1.13
1979-09-17,7.631,1.13
1979-09-24,7.631,1.13
1979-10-01,7.631,1.13
1979-10-08,7.631,1.13
1979-10-15,7.631,1.13
1979-10-22,7.631,1.13
1979-10-29,7.631,1.13
1979-11-05,7.631,1.13
1979-11-12,7.631,1.13
1979-11-19,7.631,1.13
1979-11-26,7.631,1.13
1979-12-03,7.631,1.13
1979-12-10,7.631,1.13
1979-12-17,7.631,1.13
1979-12-24,7.631,1.13
1979-12-31,11.2545,3.62
1980-01-07,11.2545,3.62
1980-01-14,11.2545,3.62
1980-01-21,11.2545,3.62
1980-01-28,11.2545,3.62
1980-02-04,11.2545,3.62
1980-02-11,11.2545,3.62
1980-02-18,11.2545,3.62
1980-02-25,11.2545,3.62
1980-03-03,11.2545,3.62
1980-03-10,11.2545,3.62
1980-03-17,11.2545,3.62
1980-03-24,11.2545,3.62
1980-03-31,11.2545,3.62
1980-04-07,11.2545,3.62
1980-04-14,11.2545,3.62
1980-04-21,11.2545,3.62
1980-04-28,11.2545,3.62
1980-05-05,11.2545,3.62
1980-05-12,11.2545,3.62
1980-05-19,11.2545,3.62
1980-05-26,11.2545,3.62
1980-06-02,11.2545,3.62
1980-06-09,11.2545,3.62
1980-06-16,11.2545,3.62
1980-06-23,11.2545,3.62
1980-06-30,11.2545,3.62
1980-07-07,11.2545,3.62
1980-07-14,11.2545,3.62
1980-07-21,11.2545,3.62
1980-07-28,11.2545,3.62
1980-08-04,11.2545,3.62
1980-08-11,11.2545,3.62
1980-08-18,11.2545,3.62
1980-08-25,11.2545,3.62
1980-09-01,11.2545,3.62
1980-09-08,11.2545,3.62
1980-09-15,11.2545,3.62
1980-09-22,11.2545,3.62
1980-09-29,11.2545,3.62
1980-10-06,11.2545,3.62
1980-10-13,11.2545,3.62
1980-10-20,11.2545,3.62
1980-10-27,11.2545,3.62
1980-11-03,11.2545,3.62
1980-11-10,11.2545,3.62
1980-11-17,11.2545,3.62
1980-11-24,11.2545,3.62
1980-12-01,11.2545,3.62
1980-12-08,11.2545,3.62
1980-12-15,11.2545,3.62
1980-12-22,11.2545,3.62
1980-12-29,11.2545,3.62
1981-01-05,13.5492,2.29
1981-01-12,13.5492,2.29
1981-01-19,13.5492,2.29
1981-01-26,13.5492,2.29
1981-02-02,13.5492,2.29
1981-02-09,13.5492,2.29
1981-02-16,13.5492,2.29
1981-02-23,13.5492,2.29
1981-03-02,13.5492,2.29
1981-03-09,13.5492,2.29
1981-03-16,13.5492,2.29
1981-03-23,13.5492,2.29
1981-03-30,13.5492,2.29
1981-04-06,13.5492,2.29
1981-04-13,13.5492,2.29
1981-04-20,13.5492,2.29
1981-04-27,13.5492,2.29
1981-05-04,13.5492,2.29
1981-05-11,13.5492,2.29
1981-05-18,13.5492,2.29
1981-05-25,13.5492,2.29
1981-06-01,13.5492,2.29
1981-06-08,13.5492,2.29
1981-06-15,13.5492,2.29
1981-06-22,13.5492,2.29
1981-06-29,13.5492,2.29
1981-07-06,13.5492,2.29
1981-07-13,13.5492,2.29
1981-07-20,13.5492,2.29
1981-07-27,13.5492,2.29
1981-08-03,13.5492,2.29
1981-08-10,13.5492,2.29
1981-08-17,13.5492,2.29
1981-08-24,13.5492,2.29
1981-08-31,13.5492,2.29
1981-09-07,13.5492,2.29
1981-09-14,13.5492,2.29
1981-09-21,13.5492,2.29
1981-09-28,13.5492,2.29
1981-10-05,13.5492,2.29
1981-10-12,13.5492,2.29
1981-10-19,13.5492,2.29
1981-10-26,13.5492,2.29
1981-11-02,13.5492,2.29
1981-11-09,13.5492,2.29
1981-11-16,13.5492,2.29
1981-11-23,13.5492,2.29
1981-11-30,13.5492,2.29
1981-12-07,13.5492,2.29
1981-12-14,13.5492,2.29
1981-12-21,13.5492,2.29
1981-12-28,13.5492,2.29
1982-01-04,10.3347,-3.21
1982-01-11,10.3347,-3.21
1982-01-18,10.3347,-3.21
1982-01-25,10.3347,-3.21
1982-02-01,10.3347,-3.21
1982-02-08,10.3347,-3.21
1982-02-15,10.3347,-3.21
1982-02-22,10.3347,-3.21
1982-03-01,10.3347,-3.21
1982-03-08,10.3347,-3.21
1982-03-15,10.3347,-3.21
1982-03-22,10.3347,-3.21
1982-03-29,10.3347,-3.21
1982-04-05,10.3347,-3.21
1982-04-12,10.3347,-3.21
1982-04-19,10.3347,-3.21
1982-04-26,10.3347,-3.21
1982-05-03,10.3347,-3.21
1982-05-10,10.3347,-3.21
1982-05-17,10.3347,-3.21
1982-05-24,10.3347,-3.21
1982-05-31,10.3347,-3.21
1982-06-07,10.3347,-3.21
1982-06-14,10.3347,-3.21
1982-06-21,10.3347,-3.21
1982-06-28,10.3347,-3.21
1982-07-05,10.3347,-3.21
1982-07-12,10.3347,-3.21
1982-07-19,10.3347,-3.21
1982-07-26,10.3347,-3.21
1982-08-02,10.3347,-3.21
1982-08-09,10.3347,-3.21
1982-08-16,10.3347,-3.21
1982-08-23,10.3347,-3.21
1982-08-30,10.3347,-3.21
1982-09-06,10.3347,-3.21
1982-09-13,10.3347,-3.21
1982-09-20,10.3347,-3.21
1982-09-27,10.3347,-3.21
1982-10-04,10.3347,-3.21
1982-10-11,10.3347,-3.21
1982-10-18,10.3347,-3.21
1982-10-25,10.3347,-3.21
1982-11-01,10.3347,-3.21
1982-11-08,10.3347,-3.21
1982-11-15,10.3347,-3.21
1982-11-22,10.3347,-3.21
1982-11-29,10.3347,-3.21
1982-12-06,10.3347,-3.21
1982-12-13,10.3347,-3.21
1982-12-20,10.3347,-3.21
1982-12-27,10.3347,-3.21
1983-01-03,6.1314,-4.2
1983-01-10,6.1314,-4.2
1983-01-17,6.1314,-4.2
1983-01-24,6.1314,-4.2
1983-01-31,6.1314,-4.2
1983-02-07,6.1314,-4.2
1983-02-14,6.1314,-4.2
1983-02-21,6.1314,-4.2
1983-02-28,6.1314,-4.2
1983-03-07,6.1314,-4.2
1983-03-14,6.1314,-4.2
1983-03-21,6.1314,-4.2
1983-03-28,6.1314,-4.2
1983-04-04,6.1314,-4.2
1983-04-11,6.1314,-4.2
1983-04-18,6.1314,-4.2
1983-04-25,6.1314,-4.2
1983-05-02,6.1314,-4.2
1983-05-09,6.1314,-4.2
1983-05-16,6.1314,-4.2
1983-05-23,6.1314,-4.2
1983-05-30,6.1314,-4.2
1983-06-06,6.1314,-4.2
1983-06-13,6.1314,-4.2
1983-06-20,6.1314,-4.2
1983-06-27,6.1314,-4.2
1983-07-04,6.1314,-4.2
1983-07-11,6.1314,-4.2
1983-07-18,6.1314,-4.2
1983-07-25,6.1314,-4.2
1983-08-01,6.1314,-4.2
1983-08-08,6.1314,-4.2
1983-08-15,6.1314,-4.2
1983-08-22,6.1314,-4.2
1983-08-29,6.1314,-4.2
1983-09-05,6.1314,-4.2
1983-09-12,6.1314,-4.2
1983-09-19,6.1314,-4.2
1983-09-26,6.1314,-4.2
1983-10-03,6.1314,-4.2
1983-10-10,6.1314,-4.2
1983-10-17,6.1314,-4.2
1983-10-24,6.1314,-4.2
1983-10-31,6.1314,-4.2
1983-11-07,6.1314,-4.2
1983-11-14,6.1314,-4.2
1983-11-21,6.1314,-4.2
1983-11-28,6.1314,-4.2
1983-12-05,6.1314,-4.2
1983-12-12,6.1314,-4.2
1983-12-19,6.1314,-4.2
1983-12-26,6.1314,-4.2
1984-01-02,3.2124,-2.92
1984-01-09,3.2124,-2.92
1984-01-16,3.2124,-2.92
1984-01-23,3.2124,-2.92
1984-01-30,3.2124,-2.92
1984-02-06,3.2124,-2.92
1984-02-13,3.2124,-2.92
1984-02-20,3.2124,-2.92
1984-02-27,3.2124,-2.92
1984-03-05,3.2124,-2.92
1984-03-12,3.2124,-2.92
1984-03-19,3.2124,-2.92
1984-03-26,3.2124,-2.92
1984-04-02,3.2124,-2.92
1984-04-09,3.2124,-2.92
1984-04-16,3.2124,-2.92
1984-04-23,3.2124,-2.92
1984-04-30,3.2124,-2.92
1984-05-07,3.2124,-2.92
1984-05-14,3.2124,-2.92
1984-05-21,3.2124,-2.92
1984-05-28,3.2124,-2.92
1984-06-04,3.2124,-2.92
1984-06-11,3.2124,-2.92
1984-06-18,3.2124,-2.92
1984-06-25,3.2124,-2.92
1984-07-02,3.2124,-2.92
1984-07-09,3.2124,-2.92
1984-07-16,3.2124,-2.92
1984-07-23,3.2124,-2.92
1984-07-30,3.2124,-2.92
1984-08-06,3.2124,-2.92
1984-08-13,3.2124,-2.92
1984-08-20,3.2124,-2.92
1984-08-27,3.2124,-2.92
1984-09-03,3.2124,-2.92
1984-09-10,3.2124,-2.92
1984-09-17,3.2124,-2.92
1984-09-24,3.2124,-2.92
1984-10-01,3.2124,-2.92
1984-10-08,3.2124,-2.92
1984-10-15,3.2124,-2.92
1984-10-22,3.2124,-2.92
1984-10-29,3.2124,-2.92
1984-11-05,3.2124,-2.92
1984-11-12,3.2124,-2.92
1984-11-19,3.2124,-2.92
1984-11-26,3.2124,-2.92
1984-12-03,3.2124,-2.92
1984-12-10,3.2124,-2.92
1984-12-17,3.2124,-2.92
1984-12-24,3.2124,-2.92
1984-12-31,4.3005,1.09
1985-01-07,4.3005,1.09
1985-01-14,4.3005,1.09
1985-01-21,4.3005,1.09
1985-01-28,4.3005,1.09
1985-02-04,4.3005,1.09
1985-02-11,4.3005,1.09
1985-02-18,4.3005,1.09
1985-02-25,4.3005,1.09
1985-03-04,4.3005,1.09
1985-03-11,4.3005,1.09
1985-03-18,4.3005,1.09
1985-03-25,4.3005,1.09
1985-04-01,4.3005,1.09
1985-04-08,4.3005,1.09
1985-04-15,4.3005,1.09
1985-04-22,4.3005,1.09
1985-04-29,4.3005,1.09
1985-05-06,4.3005,1.09
1985-05-13,4.3005,1.09
1985-05-20,4.3005,1.09
1985-05-27,4.3005,1.09
1985-06-03,4.3005,1.09
1985-06-10,4.3005,1.09
1985-06-17,4.3005,1.09
1985-06-24,4.3005,1.09
1985-07-01,4.3005,1.09
1985-07-08,4.3005,1.09
1985-07-15,4.3005,1.09
1985-07-22,4.3005,1.09
1985-07-29,4.3005,1.09
1985-08-05,4.3005,1.09
1985-08-12,4.3005,1.09
1985-08-19,4.3005,1.09
1985-08-26,4.3005,1.09
1985-09-02,4.3005,1.09
1985-09-09,4.3005,1.09
1985-09-16,4.3005,1.09
1985-09-23,4.3005,1.09
1985-09-30,4.3005,1.09
1985-10-07,4.3005,1.09
1985-10-14,4.3005,1.09
1985-10-21,4.3005,1.09
1985-10-28,4.3005,1.09
1985-11-04,4.3005,1.09
1985-11-11,4.3005,1.09
1985-11-18,4.3005,1.09
1985-11-25,4.3005,1.09
1985-12-02,4.3005,1.09
1985-12-09,4.3005,1.09
1985-12-16,4.3005,1.09
1985-12-23,4.3005,1.09
1985-12-30,4.3005,1.09
1986-01-06,3.5456,-0.75
1986-01-13,3.5456,-0.75
1986-01-20,3.5456,-0.75
1986-01-27,3.5456,-0.75
1986-02-03,3.5456,-0.75
1986-02-10,3.5456,-0.75
1986-02-17,3.5456,-0.75
1986-02-24,3.5456,-0.75
1986-03-03,3.5456,-0.75
1986-03-10,3.5456,-0.75
1986-03-17,3.5456,-0.75
1986-03-24,3.5456,-0.75
1986-03-31,3.5456,-0.75
1986-04-07,3.5456,-0.75
1986-04-14,3.5456,-0.75
1986-04-21,3.5456,-0.75
1986-04-28,3.5456,-0.75
1986-05-05,3.5456,-0.75
1986-05-12,3.5456,-0.75
1986-05-19,3.5456,-0.75
1986-05-26,3.5456,-0.75
1986-06-02,3.5456,-0.75
1986-06-09,3.5456,-0.75
1986-06-16,3.5456,-0.75
1986-06-23,3.5456,-0.75
1986-06-30,3.5456,-0.75
1986-07-07,3.5456,-0.75
1986-07-14,3.5456,-0.75
1986-07-21,3.5456,-0.75
1986-07-28,3.5456,-0.75
1986-08-04,3.5456,-0.75
1986-08-11,3.5456,-0.75
1986-08-18,3.5456,-0.75
1986-08-25,3.5456,-0.75
1986-09-01,3.5456,-0.75
1986-09-08,3.5456,-0.75
1986-09-15,3.5456,-0.75
1986-09-22,3.5456,-0.75
1986-09-29,3.5456,-0.75
1986-10-06,3.5456,-0.75
1986-10-13,3.5456,-0.75
1986-10-20,3.5456,-0.75
1986-10-27,3.5456,-0.75
1986-11-03,3.5456,-0.75
1986-11-10,3.5456,-0.75
1986-11-17,3.5456,-0.75
1986-11-24,3.5456,-0.75
1986-12-01,3.5456,-0.75
1986-12-08,3.5456,-0.75
1986-12-15,3.5456,-0.75
1986-12-22,3.5456,-0.75
1986-12-29,3.5456,-0.75
1987-01-05,1.898,-1.65
1987-01-12,1.898,-1.65
1987-01-19,1.898,-1.65
1987-01-26,1.898,-1.65
1987-02-02,1.898,-1.65
1987-02-09,1.898,-1.65
1987-02-16,1.898,-1.65
1987-02-23,1.898,-1.65
1987-03-02,1.898,-1.65
1987-03-09,1.898,-1.65
1987-03-16,1.898,-1.65
1987-03-23,1.898,-1.65
1987-03-30,1.898,-1.65
1987-04-06,1.898,-1.65
1987-04-13,1.898,-1.65
1987-04-20,1.898,-1.65
1987-04-27,1.898,-1.65
1987-05-04,1.898,-1.65
1987-05-11,1.898,-1.65
1987-05-18,1.898,-1.65
1987-05-25,1.898,-1.65
1987-06-01,1.898,-1.65
1987-06-08,1.898,-1.65
1987-06-15,1.898,-1.65
1987-06-22,1.898,-1.65
1987-06-29,1.898,-1.65
1987-07-06,1.898,-1.65
1987-07-13,1.898,-1.65
1987-07-20,1.898,-1.65
1987-07-27,1.898,-1.65
1987-08-03,1.898,-1.65
1987-08-10,1.898,-1.65
1987-08-17,1.898,-1.65
1987-08-24,1.898,-1.65
1987-08-31,1.898,-1.65
1987-09-07,1.898,-1.65
1987-09-14,1.898,-1.65
1987-09-21,1.898,-1.65
1987-09-28,1.898,-1.65
1987-10-05,1.898,-1.65
1987-10-12,1.898,-1.65
1987-10-19,1.898,-1.65
1987-10-26,1.898,-1.65
1987-11-02,1.898,-1.65
1987-11-09,1.898,-1.65
1987-11-16,1.898,-1.65
1987-11-23,1.898,-1.65
1987-11-30,1.898,-1.65
1987-12-07,1.898,-1.65
1987-12-14,1.898,-1.65
1987-12-21,1.898,-1.65
1987-12-28,1.898,-1.65
1988-01-04,3.6646,1.77
1988-01-11,3.6646,1.77
1988-01-18,3.6646,1.77
1988-01-25,3.6646,1.77
1988-02-01,3.6646,1.77
1988-02-08,3.6646,1.77
1988-02-15,3.6646,1.77
1988-02-22,3.6646,1.77
1988-02-29,3.6646,1.77
1988-03-07,3.6646,1.77
1988-03-14,3.6646,1.77
1988-03-21,3.6646,1.77
1988-03-28,3.6646,1.77
1988-04-04,3.6646,1.77
1988-04-11,3.6646,1.77
1988-04-18,3.6646,1.77
1988-04-25,3.6646,1.77
1988-05-02,3.6646,1.77
1988-05-09,3.6646,1.77
1988-05-16,3.6646,1.77
1988-05-23,3.6646,1.77
1988-05-30,3.6646,1.77
1988-06-06,3.6646,1.77
1988-06-13,3.6646,1.77
1988-06-20,3.6646,1.77
1988-06-27,3.6646,1.77
1988-07-04,3.6646,1.77
1988-07-11,3.6646,1.77
1988-07-18,3.6646,1.77
1988-07-25,3.6646,1.77
1988-08-01,3.6646,1.77
1988-08-08,3.6646,1.77
1988-08-15,3.6646,1.77
1988-08-22,3.6646,1.77
1988-08-29,3.6646,1.77
1988-09-05,3.6646,1.77
1988-09-12,3.6646,1.77
1988-09-19,3.6646,1.77
1988-09-26,3.6646,1.77
1988-10-03,3.6646,1.77
1988-10-10,3.6646,1.77
1988-10-17,3.6646,1.77
1988-10-24,3.6646,1.77
1988-10-31,3.6646,1.77
1988-11-07,3.6646,1.77
1988-11-14,3.6646,1.77
1988-11-21,3.6646,1.77
1988-11-28,3.6646,1.77
1988-12-05,3.6646,1.77
1988-12-12,3.6646,1.77
1988-12-19,3.6646,1.77
1988-12-26,3.6646,1.77
1989-01-02,4.0777,0.41
1989-01-09,4.0777,0.41
1989-01-16,4.0777,0.41
1989-01-23,4.0777,0.41
1989-01-30,4.0777,0.41
1989-02-06,4.0777,0.41
1989-02-13,4.0777,0.41
1989-02-20,4.0777,0.41
1989-02-27,4.0777,0.41
1989-03-06,4.0777,0.41
1989-03-13,4.0777,0.41
1989-03-20,4.0777,0.41
1989-03-27,4.0777,0.41
1989-04-03,4.0777,0.41
1989-04-10,4.0777,0.41
1989-04-17,4.0777,0.41
1989-04-24,4.0777,0.41
1989-05-01,4.0777,0.41
1989-05-08,4.0777,0.41
1989-05-15,4.0777,0.41
1989-05-22,4.0777,0.41
1989-05-29,4.0777,0.41
1989-06-05,4.0777,0.41
1989-06-12,4.0777,0.41
1989-06-19,4.0777,0.41
1989-06-26,4.0777,0.41
1989-07-03,4.0777,0.41
1989-07-10,4.0777,0.41
1989-07-17,4.0777,0.41
1989-07-24,4.0777,0.41
1989-07-31,4.0777,0.41
1989-08-07,4.0777,0.41
1989-08-14,4.0777,0.41
1989-08-21,4.0777,0.41
1989-08-28,4.0777,0.41
1989-09-04,4.0777,0.41
1989-09-11,4.0777,0.41
1989-09-18,4.0777,0.41
1989-09-25,4.0777,0.41
1989-10-02,4.0777,0.41
1989-10-09,4.0777,0.41
1989-10-16,4.0777,0.41
1989-10-23,4.0777,0.41
1989-10-30,4.0777,0.41
1989-11-06,4.0777,0.41
1989-11-13,4.0777,0.41
1989-11-20,4.0777,0.41
1989-11-27,4.0777,0.41
1989-12-04,4.0777,0.41
1989-12-11,4.0777,0.41
1989-12-18,4.0777,0.41
1989-12-25,4.0777,0.41
1990-01-01,4.827,0.75
1990-01-08,4.827,0.75
1990-01-15,4.827,0.75
1990-01-22,4.827,0.75
1990-01-29,4.827,0.75
1990-02-05,4.827,0.75
1990-02-12,4.827,0.75
1990-02-19,4.827,0.75
1990-02-26,4.827,0.75
1990-03-05,4.827,0.75
1990-03-12,4.827,0.75
1990-03-19,4.827,0.75
1990-03-26,4.827,0.75
1990-04-02,4.827,0.75
1990-04-09,4.827,0.75
1990-04-16,4.827,0.75
1990-04-23,4.827,0.75
1990-04-30,4.827,0.75
1990-05-07,4.827,0.75
1990-05-14,4.827,0.75
1990-05-21,4.827,0.75
1990-05-28,4.827,0.75
1990-06-04,4.827,0.75
1990-06-11,4.827,0.75
1990-06-18,4.827,0.75
1990-06-25,4.827,0.75
1990-07-02,4.827,0.75
1990-07-09,4.827,0.75
1990-07-16,4.827,0.75
1990-07-23,4.827,0.75
1990-07-30,4.827,0.75
1990-08-06,4.827,0.75
1990-08-13,4.827,0.75
1990-08-20,4.827,0.75
1990-08-27,4.827,0.75
1990-09-03,4.827,0.75
1990-09-10,4.827,0.75
1990-09-17,4.827,0.75
1990-09-24,4.827,0.75
1990-10-01,4.827,0.75
1990-10-08,4.827,0.75
1990-10-15,4.827,0.75
1990-10-22,4.827,0.75
1990-10-29,4.827,0.75
1990-11-05,4.827,0.75
1990-11-12,4.827,0.75
1990-11-19,4.827,0.75
1990-11-26,4.827,0.75
1990-12-03,4.827,0.75
1990-12-10,4.827,0.75
1990-12-17,4.827,0.75
1990-12-24,4.827,0.75
1990-12-31,5.398,0.57
1991-01-07,5.398,0.57
1991-01-14,5.398,0.57
1991-01-21,5.398,0.57
1991-01-28,5.398,0.57
1991-02-04,5.398,0.57
1991-02-11,5.398,0.57
1991-02-18,5.398,0.57
1991-02-25,5.398,0.57
1991-03-04,5.398,0.57
1991-03-11,5.398,0.57
1991-03-18,5.398,0.57
1991-03-25,5.398,0.57
1991-04-01,5.398,0.57
1991-04-08,5.398,0.57
1991-04-15,5.398,0.57
1991-04-22,5.398,0.57
1991-04-29,5.398,0.57
1991-05-06,5.398,0.57
1991-05-13,5.398,0.57
1991-05-20,5.398,0.57
1991-05-27,5.398,0.57
1991-06-03,5.398,0.57
1991-06-10,5.398,0.57
1991-06-17,5.398,0.57
1991-06-24,5.398,0.57
1991-07-01,5.398,0.57
1991-07-08,5.398,0.57
1991-07-15,5.398,0.57
1991-07-22,5.398,0.57
1991-07-29,5.398,0.57
1991-08-05,5.398,0.57
1991-08-12,5.398,0.57
1991-08-19,5.398,0.57
1991-08-26,5.398,0.57
1991-09-02,5.398,0.57
1991-09-09,5.398,0.57
1991-09-16,5.398,0.57
1991-09-23,5.398,0.57
1991-09-30,5.398,0.57
1991-10-07,5.398,0.57
1991-10-14,5.398,0.57
1991-10-21,5.398,0.57
1991-10-28,5.398,0.57
1991-11-04,5.398,0.57
1991-11-11,5.398,0.57
1991-11-18,5.398,0.57
1991-11-25,5.398,0.57
1991-12-02,5.398,0.57
1991-12-09,5.398,0.57
1991-12-16,5.398,0.57
1991-12-23,5.398,0.57
1991-12-30,5.398,0.57
1992-01-06,4.235,-1.16
1992-01-13,4.235,-1.16
1992-01-20,4.235,-1.16
1992-01-27,4.235,-1.16
1992-02-03,4.235,-1.16
1992-02-10,4.235,-1.16
1992-02-17,4.235,-1.16
1992-02-24,4.235,-1.16
1992-03-02,4.235,-1.16
1992-03-09,4.235,-1.16
1992-03-16,4.235,-1.16
1992-03-23,4.235,-1.16
1992-03-30,4.235,-1.16
1992-04-06,4.235,-1.16
1992-04-13,4.235,-1.16
1992-04-20,4.235,-1.16
1992-04-27,4.235,-1.16
1992-05-04,4.235,-1.16
1992-05-11,4.235,-1.16
1992-05-18,4.235,-1.16
1992-05-25,4.235,-1.16
1992-06-01,4.235,-1.16
1992-06-08,4.235,-1.16
1992-06-15,4.235,-1.16
1992-06-22,4.235,-1.16
1992-06-29,4.235,-1.16
1992-07-06,4.235,-1.16
1992-07-13,4.235,-1.16
1992-07-20,4.235,-1.16
1992-07-27,4.235,-1.16
1992-08-03,4.235,-1.16
1992-08-10,4.235,-1.16
1992-08-17,4.235,-1.16
1992-08-24,4.235,-1.16
1992-08-31,4.235,-1.16
1992-09-07,4.235,-1.16
1992-09-14,4.235,-1.16
1992-09-21,4.235,-1.16
1992-09-28,4.235,-1.16
1992-10-05,4.235,-1.16
1992-10-12,4.235,-1.16
1992-10-19,4.235,-1.16
1992-10-26,4.235,-1.16
1992-11-02,4.235,-1.16
1992-11-09,4.235,-1.16
1992-11-16,4.235,-1.16
1992-11-23,4.235,-1.16
1992-11-30,4.235,-1.16
1992-12-07,4.235,-1.16
1992-12-14,4.235,-1.16
1992-12-21,4.235,-1.16
1992-12-28,4.235,-1.16
1993-01-04,3.0288,-1.21
1993-01-11,3.0288,-1.21
1993-01-18,3.0288,-1.21
1993-01-25,3.0288,-1.21
1993-02-01,3.0288,-1.21
1993-02-08,3.0288,-1.21
1993-02-15,3.0288,-1.21
1993-02-22,3.0288,-1.21
1993-03-01,3.0288,-1.21
1993-03-08,3.0288,-1.21
1993-03-15,3.0288,-1.21
1993-03-22,3.0288,-1.21
1993-03-29,3.0288,-1.21
1993-04-05,3.0288,-1.21
1993-04-12,3.0288,-1.21
1993-04-19,3.0288,-1.21
1993-04-26,3.0288,-1.21
1993-05-03,3.0288,-1.21
1993-05-10,3.0288,-1.21
1993-05-17,3.0288,-1.21
1993-05-24,3.0288,-1.21
1993-05-31,3.0288,-1.21
1993-06-07,3.0288,-1.21
1993-06-14,3.0288,-1.21
1993-06-21,3.0288,-1.21
1993-06-28,3.0288,-1.21
1993-07-05,3.0288,-1.21
1993-07-12,3.0288,-1.21
1993-07-19,3.0288,-1.21
1993-07-26,3.0288,-1.21
1993-08-02,3.0288,-1.21
1993-08-09,3.0288,-1.21
1993-08-16,3.0288,-1.21
1993-08-23,3.0288,-1.21
1993-08-30,3.0288,-1.21
1993-09-06,3.0288,-1.21
1993-09-13,3.0288,-1.21
1993-09-20,3.0288,-1.21
1993-09-27,3.0288,-1.21
1993-10-04,3.0288,-1.21
1993-10-11,3.0288,-1.21
1993-10-18,3.0288,-1.21
1993-10-25,3.0288,-1.21
1993-11-01,3.0288,-1.21
1993-11-08,3.0288,-1.21
1993-11-15,3.0288,-1.21
1993-11-22,3.0288,-1.21
1993-11-29,3.0288,-1.21
1993-12-06,3.0288,-1.21
1993-12-13,3.0288,-1.21
1993-12-20,3.0288,-1.21
1993-12-27,3.0288,-1.21
1994-01-03,2.9517,-0.08
1994-01-10,2.9517,-0.08
1994-01-17,2.9517,-0.08
1994-01-24,2.9517,-0.08
1994-01-31,2.9517,-0.08
1994-02-07,2.9517,-0.08
1994-02-14,2.9517,-0.08
1994-02-21,2.9517,-0.08
1994-02-28,2.9517,-0.08
1994-03-07,2.9517,-0.08
1994-03-14,2.9517,-0.08
1994-03-21,2.9517,-0.08
1994-03-28,2.9517,-0.08
1994-04-04,2.9517,-0.08
1994-04-11,2.9517,-0.08
1994-04-18,2.9517,-0.08
1994-04-25,2.9517,-0.08
1994-05-02,2.9517,-0.08
1994-05-09,2.9517,-0.08
1994-05-16,2.9517,-0.08
1994-05-23,2.9517,-0.08
1994-05-30,2.9517,-0.08
1994-06-06,2.9517,-0.08
1994-06-13,2.9517,-0.08
1994-06-20,2.9517,-0.08
1994-06-27,2.9517,-0.08
1994-07-04,2.9517,-0.08
1994-07-11,2.9517,-0.08
1994-07-18,2.9517,-0.08
1994-07-25,2.9517,-0.08
1994-08-01,2.9517,-0.08
1994-08-08,2.9517,-0.08
1994-08-15,2.9517,-0.08
1994-08-22,2.9517,-0.08
1994-08-29,2.9517,-0.08
1994-09-05,2.9517,-0.08
1994-09-12,2.9517,-0.08
1994-09-19,2.9517,-0.08
1994-09-26,2.9517,-0.08
1994-10-03,2.9517,-0.08
1994-10-10,2.9517,-0.08
1994-10-17,2.9517,-0.08
1994-10-24,2.9517,-0.08
1994-10-31,2.9517,-0.08
1994-11-07,2.9517,-0.08
1994-11-14,2.9517,-0.08
1994-11-21,2.9517,-0.08
1994-11-28,2.9517,-0.08
1994-12-05,2.9517,-0.08
1994-12-12,2.9517,-0.08
1994-12-19,2.9517,-0.08
1994-12-26,2.9517,-0.08
1995-01-02,2.6074,-0.34
1995-01-09,2.6074,-0.34
1995-01-16,2.6074,-0.34
1995-01-23,2.6074,-0.34
1995-01-30,2.6074,-0.34
1995-02-06,2.6074,-0.34
1995-02-13,2.6074,-0.34
1995-02-20,2.6074,-0.34
1995-02-27,2.6074,-0.34
1995-03-06,2.6074,-0.34
1995-03-13,2.6074,-0.34
1995-03-20,2.6074,-0.34
1995-03-27,2.6074,-0.34
1995-04-03,2.6074,-0.34
1995-04-10,2.6074,-0.34
1995-04-17,2.6074,-0.34
1995-04-24,2.6074,-0.34
1995-05-01,2.6074,-0.34
1995-05-08,2.6074,-0.34
1995-05-15,2.6074,-0.34
1995-05-22,2.6074,-0.34
1995-05-29,2.6074,-0.34
1995-06-05,2.6074,-0.34
1995-06-12,2.6074,-0.34
1995-06-19,2.6074,-0.34
1995-06-26,2.6074,-0.34
1995-07-03,2.6074,-0.34
1995-07-10,2.6074,-0.34
1995-07-17,2.6074,-0.34
1995-07-24,2.6074,-0.34
1995-07-31,2.6074,-0.34
1995-08-07,2.6074,-0.34
1995-08-14,2.6074,-0.34
1995-08-21,2.6074,-0.34
1995-08-28,2.6074,-0.34
1995-09-04,2.6074,-0.34
1995-09-11,2.6074,-0.34
1995-09-18,2.6074,-0.34
1995-09-25,2.6074,-0.34
1995-10-02,2.6074,-0.34
1995-10-09,2.6074,-0.34
1995-10-16,2.6074,-0.34
1995-10-23,2.6074,-0.34
1995-10-30,2.6074,-0.34
1995-11-06,2.6074,-0.34
1995-11-13,2.6074,-0.34
1995-11-20,2.6074,-0.34
1995-11-27,2.6074,-0.34
1995-12-04,2.6074,-0.34
1995-12-11,2.6074,-0.34
1995-12-18,2.6074,-0.34
1995-12-25,2.6074,-0.34
1996-01-01,2.8054,0.2
1996-01-08,2.8054,0.2
1996-01-15,2.8054,0.2
1996-01-22,2.8054,0.2
1996-01-29,2.8054,0.2
1996-02-05,2.8054,0.2
1996-02-12,2.8054,0.2
1996-02-19,2.8054,0.2
1996-02-26,2.8054,0.2
1996-03-04,2.8054,0.2
1996-03-11,2.8054,0.2
1996-03-18,2.8054,0.2
1996-03-25,2.8054,0.2
1996-04-01,2.8054,0.2
1996-04-08,2.8054,0.2
1996-04-15,2.8054,0.2
1996-04-22,2.8054,0.2
1996-04-29,2.8054,0.2
1996-05-06,2.8054,0.2
1996-05-13,2.8054,0.2
1996-05-20,2.8054,0.2
1996-05-27,2.8054,0.2
1996-06-03,2.8054,0.2
1996-06-10,2.8054,0.2
1996-06-17,2.8054,0.2
1996-06-24,2.8054,0.2
1996-07-01,2.8054,0.2
1996-07-08,2.8054,0.2
1996-07-15,2.8054,0.2
1996-07-22,2.8054,0.2
1996-07-29,2.8054,0.2
1996-08-05,2.8054,0.2
1996-08-12,2.8054,0.2
1996-08-19,2.8054,0.2
1996-08-26,2.8054,0.2
1996-09-02,2.8054,0.2
1996-09-09,2.8054,0.2
1996-09-16,2.8054,0.2
1996-09-23,2.8054,0.2
1996-09-30,2.8054,0.2
1996-10-07,2.8054,0.2
1996-10-14,2.8054,0.2
1996-10-21,2.8054,0.2
1996-10-28,2.8054,0.2
1996-11-04,2.8054,0.2
1996-11-11,2.8054,0.2
1996-11-18,2.8054,0.2
1996-11-25,2.8054,0.2
1996-12-02,2.8054,0.2
1996-12-09,2.8054,0.2
1996-12-16,2.8054,0.2
1996-12-23,2.8054,0.2
1996-12-30,2.8054,0.2
1997-01-06,2.9312,0.13
1997-01-13,2.9312,0.13
1997-01-20,2.9312,0.13
1997-01-27,2.9312,0.13
1997-02-03,2.9312,0.13
1997-02-10,2.9312,0.13
1997-02-17,2.9312,0.13
1997-02-24,2.9312,0.13
1997-03-03,2.9312,0.13
1997-03-10,2.9312,0.13
1997-03-17,2.9312,0.13
1997-03-24,2.9312,0.13
1997-03-31,2.9312,0.13
1997-04-07,2.9312,0.13
1997-04-14,2.9312,0.13
1997-04-21,2.9312,0.13
1997-04-28,2.9312,0.13
1997-05-05,2.9312,0.13
1997-05-12,2.9312,0.13
1997-05-19,2.9312,0.13
1997-05-26,2.9312,0.13
1997-06-02,2.9312,0.13
1997-06-09,2.9312,0.13
1997-06-16,2.9312,0.13
1997-06-23,2.9312,0.13
1997-06-30,2.9312,0.13
1997-07-07,2.9312,0.13
1997-07-14,2.9312,0.13
1997-07-21,2.9312,0.13
1997-07-28,2.9312,0.13
1997-08-04,2.9312,0.13
1997-08-11,2.9312,0.13
1997-08-18,2.9312,0.13
1997-08-25,2.9312,0.13
1997-09-01,2.9312,0.13
1997-09-08,2.9312,0.13
1997-09-15,2.9312,0.13
1997-09-22,2.9312,0.13
1997-09-29,2.9312,0.13
1997-10-06,2.9312,0.13
1997-10-13,2.9312,0.13
1997-10-20,2.9312,0.13
1997-10-27,2.9312,0.13
1997-11-03,2.9312,0.13
1997-11-10,2.9312,0.13
1997-11-17,2.9312,0.13
1997-11-24,2.9312,0.13
1997-12-01,2.9312,0.13
1997-12-08,2.9312,0.13
1997-12-15,2.9312,0.13
1997-12-22,2.9312,0.13
1997-12-29,2.9312,0.13
1998-01-05,2.3377,-0.59
1998-01-12,2.3377,-0.59
1998-01-19,2.3377,-0.59
1998-01-26,2.3377,-0.59
1998-02-02,2.3377,-0.59
1998-02-09,2.3377,-0.59
1998-02-16,2.3377,-0.59
1998-02-23,2.3377,-0.59
1998-03-02,2.3377,-0.59
1998-03-09,2.3377,-0.59
1998-03-16,2.3377,-0.59
1998-03-23,2.3377,-0.59
1998-03-30,2.3377,-0.59
1998-04-06,2.3377,-0.59
1998-04-13,2.3377,-0.59
1998-04-20,2.3377,-0.59
1998-04-27,2.3377,-0.59
1998-05-04,2.3377,-0.59
1998-05-11,2.3377,-0.59
1998-05-18,2.3377,-0.59
1998-05-25,2.3377,-0.59
1998-06-01,2.3377,-0.59
1998-06-08,2.3377,-0.59
1998-06-15,2.3377,-0.59
1998-06-22,2.3377,-0.59
1998-06-29,2.3377,-0.59
1998-07-06,2.3377,-0.59
1998-07-13,2.3377,-0.59
1998-07-20,2.3377,-0.59
1998-07-27,2.3377,-0.59
1998-08-03,2.3377,-0.59
1998-08-10,2.3377,-0.59
1998-08-17,2.3377,-0.59
1998-08-24,2.3377,-0.59
1998-08-31,2.3377,-0.59
1998-09-07,2.3377,-0.59
1998-09-14,2.3377,-0.59
1998-09-21,2.3377,-0.59
1998-09-28,2.3377,-0.59
1998-10-05,2.3377,-0.59
1998-10-12,2.3377,-0.59
1998-10-19,2.3377,-0.59
1998-10-26,2.3377,-0.59
1998-11-02,2.3377,-0.59
1998-11-09,2.3377,-0.59
1998-11-16,2.3377,-0.59
1998-11-23,2.3377,-0.59
1998-11-30,2.3377,-0.59
1998-12-07,2.3377,-0.59
1998-12-14,2.3377,-0.59
1998-12-21,2.3377,-0.59
1998-12-28,2.3377,-0.59
1999-01-04,1.5523,-0.79
1999-01-11,1.5523,-0.79
1999-01-18,1.5523,-0.79
1999-01-25,1.5523,-0.79
1999-02-01,1.5523,-0.79
1999-02-08,1.5523,-0.79
1999-02-15,1.5523,-0.79
1999-02-22,1.5523,-0.79
1999-03-01,1.5523,-0.79
1999-03-08,1.5523,-0.79
1999-03-15,1.5523,-0.79
1999-03-22,1.5523,-0.79
1999-03-29,1.5523,-0.79
1999-04-05,1.5523,-0.79
1999-04-12,1.5523,-0.79
1999-04-19,1.5523,-0.79
1999-04-26,1.5523,-0.79
1999-05-03,1.5523,-0.79
1999-05-10,1.5523,-0.79
1999-05-17,1.5523,-0.79
1999-05-24,1.5523,-0.79
1999-05-31,1.5523,-0.79
1999-06-07,1.5523,-0.79
1999-06-14,1.5523,-0.79
1999-06-21,1.5523,-0.79
1999-06-28,1.5523,-0.79
1999-07-05,1.5523,-0.79
1999-07-12,1.5523,-0.79
1999-07-19,1.5523,-0.79
1999-07-26,1.5523,-0.79
1999-08-02,1.5523,-0.79
1999-08-09,1.5523,-0.79
1999-08-16,1.5523,-0.79
1999-08-23,1.5523,-0.79
1999-08-30,1.5523,-0.79
1999-09-06,1.5523,-0.79
1999-09-13,1.5523,-0.79
1999-09-20,1.5523,-0.79
1999-09-27,1.5523,-0.79
1999-10-04,1.5523,-0.79
1999-10-11,1.5523,-0.79
1999-10-18,1.5523,-0.79
1999-10-25,1.5523,-0.79
1999-11-01,1.5523,-0.79
1999-11-08,1.5523,-0.79
1999-11-15,1.5523,-0.79
1999-11-22,1.5523,-0.79
1999-11-29,1.5523,-0.79
1999-12-06,1.5523,-0.79
1999-12-13,1.5523,-0.79
1999-12-20,1.5523,-0.79
1999-12-27,1.5523,-0.79
2000-01-03,2.188,0.64
2000-01-10,2.188,0.64
2000-01-17,2.188,0.64
2000-01-24,2.188,0.64
2000-01-31,2.188,0.64
2000-02-07,2.188,0.64
2000-02-14,2.188,0.64
2000-02-21,2.188,0.64
2000-02-28,2.188,0.64
2000-03-06,2.188,0.64
2000-03-13,2.188,0.64
2000-03-20,2.188,0.64
2000-03-27,2.188,0.64
2000-04-03,2.188,0.64
2000-04-10,2.188,0.64
2000-04-17,2.188,0.64
2000-04-24,2.188,0.64
2000-05-01,2.188,0.64
2000-05-08,2.188,0.64
2000-05-15,2.188,0.64
2000-05-22,2.188,0.64
2000-05-29,2.188,0.64
2000-06-05,2.188,0.64
2000-06-12,2.188,0.64
2000-06-19,2.188,0.64
2000-06-26,2.188,0.64
2000-07-03,2.188,0.64
2000-07-10,2.188,0.64
2000-07-17,2.188,0.64
2000-07-24,2.188,0.64
2000-07-31,2.188,0.64
2000-08-07,2.188,0.64
2000-08-14,2.188,0.64
2000-08-21,2.188,0.64
2000-08-28,2.188,0.64
2000-09-04,2.188,0.64
2000-09-11,2.188,0.64
2000-09-18,2.188,0.64
2000-09-25,2.188,0.64
2000-10-02,2.188,0.64
2000-10-09,2.188,0.64
2000-10-16,2.188,0.64
2000-10-23,2.188,0.64
2000-10-30,2.188,0.64
2000-11-06,2.188,0.64
2000-11-13,2.188,0.64
2000-11-20,2.188,0.64
2000-11-27,2.188,0.64
2000-12-04,2.188,0.64
2000-12-11,2.188,0.64
2000-12-18,2.188,0.64
2000-12-25,2.188,0.64
2001-01-01,3.3769,1.19
2001-01-08,3.3769,1.19
2001-01-15,3.3769,1.19
2001-01-22,3.3769,1.19
2001-01-29,3.3769,1.19
2001-02-05,3.3769,1.19
2001-02-12,3.3769,1.19
2001-02-19,3.3769,1.19
2001-02-26,3.3769,1.19
2001-03-05,3.3769,1.19
2001-03-12,3.3769,1.19
2001-03-19,3.3769,1.19
2001-03-26,3.3769,1.19
2001-04-02,3.3769,1.19
2001-04-09,3.3769,1.19
2001-04-16,3.3769,1.19
2001-04-23,3.3769,1.19
2001-04-30,3.3769,1.19
2001-05-07,3.3769,1.19
2001-05-14,3.3769,1.19
2001-05-21,3.3769,1.19
2001-05-28,3.3769,1.19
2001-06-04,3.3769,1.19
2001-06-11,3.3769,1.19
2001-06-18,3.3769,1.19
2001-06-25,3.3769,1.19
2001-07-02,3.3769,1.19
2001-07-09,3.3769,1.19
2001-07-16,3.3769,1.19
2001-07-23,3.3769,1.19
2001-07-30,3.3769,1.19
2001-08-06,3.3769,1.19
2001-08-13,3.3769,1.19
2001-08-20,3.3769,1.19
2001-08-27,3.3769,1.19
2001-09-03,3.3769,1.19
2001-09-10,3.3769,1.19
2001-09-17,3.3769,1.19
2001-09-24,3.3769,1.19
2001-10-01,3.3769,1.19
2001-10-08,3.3769,1.19
2001-10-15,3.3769,1.19
2001-10-22,3.3769,1.19
2001-10-29,3.3769,1.19
2001-11-05,3.3769,1.19
2001-11-12,3.3769,1.19
2001-11-19,3.3769,1.19
2001-11-26,3.3769,1.19
2001-12-03,3.3769,1.19
2001-12-10,3.3769,1.19
2001-12-17,3.3769,1.19
2001-12-24,3.3769,1.19
2001-12-31,2.8262,-0.55
2002-01-07,2.8262,-0.55
2002-01-14,2.8262,-0.55
2002-01-21,2.8262,-0.55
2002-01-28,2.8262,-0.55
2002-02-04,2.8262,-0.55
2002-02-11,2.8262,-0.55
2002-02-18,2.8262,-0.55
2002-02-25,2.8262,-0.55
2002-03-04,2.8262,-0.55
2002-03-11,2.8262,-0.55
2002-03-18,2.8262,-0.55
2002-03-25,2.8262,-0.55
2002-04-01,2.8262,-0.55
2002-04-08,2.8262,-0.55
2002-04-15,2.8262,-0.55
2002-04-22,2.8262,-0.55
2002-04-29,2.8262,-0.55
2002-05-06,2.8262,-0.55
2002-05-13,2.8262,-0.55
2002-05-20,2.8262,-0.55
2002-05-27,2.8262,-0.55
2002-06-03,2.8262,-0.55
2002-06-10,2.8262,-0.55
2002-06-17,2.8262,-0.55
2002-06-24,2.8262,-0.55
2002-07-01,2.8262,-0.55
2002-07-08,2.8262,-0.55
2002-07-15,2.8262,-0.55
2002-07-22,2.8262,-0.55
2002-07-29,2.8262,-0.55
2002-08-05,2.8262,-0.55
2002-08-12,2.8262,-0.55
2002-08-19,2.8262,-0.55
2002-08-26,2.8262,-0.55
2002-09-02,2.8262,-0.55
2002-09-09,2.8262,-0.55
2002-09-16,2.8262,-0.55
2002-09-23,2.8262,-0.55
2002-09-30,2.8262,-0.55
2002-10-07,2.8262,-0.55
2002-10-14,2.8262,-0.55
2002-10-21,2.8262,-0.55
2002-10-28,2.8262,-0.55
2002-11-04,2.8262,-0.55
2002-11-11,2.8262,-0.55
2002-11-18,2.8262,-0.55
2002-11-25,2.8262,-0.55
2002-12-02,2.8262,-0.55
2002-12-09,2.8262,-0.55
2002-12-16,2.8262,-0.55
2002-12-23,2.8262,-0.55
2002-12-30,2.8262,-0.55
2003-01-06,1.586,-1.24
2003-01-13,1.586,-1.24
2003-01-20,1.586,-1.24
2003-01-27,1.586,-1.24
2003-02-03,1.586,-1.24
2003-02-10,1.586,-1.24
2003-02-17,1.586,-1.24
2003-02-24,1.586,-1.24
2003-03-03,1.586,-1.24
2003-03-10,1.586,-1.24
2003-03-17,1.586,-1.24
2003-03-24,1.586,-1.24
2003-03-31,1.586,-1.24
2003-04-07,1.586,-1.24
2003-04-14,1.586,-1.24
2003-04-21,1.586,-1.24
2003-04-28,1.586,-1.24
2003-05-05,1.586,-1.24
2003-05-12,1.586,-1.24
2003-05-19,1.586,-1.24
2003-05-26,1.586,-1.24
2003-06-02,1.586,-1.24
2003-06-09,1.586,-1.24
2003-06-16,1.586,-1.24
2003-06-23,1.586,-1.24
2003-06-30,1.586,-1.24
2003-07-07,1.586,-1.24
2003-07-14,1.586,-1.24
2003-07-21,1.586,-1.24
2003-07-28,1.586,-1.24
2003-08-04,1.586,-1.24
2003-08-11,1.586,-1.24
2003-08-18,1.586,-1.24
2003-08-25,1.586,-1.24
2003-09-01,1.586,-1.24
2003-09-08,1.586,-1.24
2003-09-15,1.586,-1.24
2003-09-22,1.586,-1.24
2003-09-29,1.586,-1.24
2003-10-06,1.586,-1.24
2003-10-13,1.586,-1.24
2003-10-20,1.586,-1.24
2003-10-27,1.586,-1.24
2003-11-03,1.586,-1.24
2003-11-10,1.586,-1.24
2003-11-17,1.586,-1.24
2003-11-24,1.586,-1.24
2003-12-01,1.586,-1.24
2003-12-08,1.586,-1.24
2003-12-15,1.586,-1.24
2003-12-22,1.586,-1.24
2003-12-29,1.586,-1.24
2004-01-05,2.2701,0.68
2004-01-12,2.2701,0.68
2004-01-19,2.2701,0.68
2004-01-26,2.2701,0.68
2004-02-02,2.2701,0.68
2004-02-09,2.2701,0.68
2004-02-16,2.2701,0.68
2004-02-23,2.2701,0.68
2004-03-01,2.2701,0.68
2004-03-08,2.2701,0.68
2004-03-15,2.2701,0.68
2004-03-22,2.2701,0.68
2004-03-29,2.2701,0.68
2004-04-05,2.2701,0.68
2004-04-12,2.2701,0.68
2004-04-19,2.2701,0.68
2004-04-26,2.2701,0.68
2004-05-03,2.2701,0.68
2004-05-10,2.2701,0.68
2004-05-17,2.2701,0.68
2004-05-24,2.2701,0.68
2004-05-31,2.2701,0.68
2004-06-07,2.2701,0.68
2004-06-14,2.2701,0.68
2004-06-21,2.2701,0.68
2004-06-28,2.2701,0.68
2004-07-05,2.2701,0.68
2004-07-12,2.2701,0.68
2004-07-19,2.2701,0.68
2004-07-26,2.2701,0.68
2004-08-02,2.2701,0.68
2004-08-09,2.2701,0.68
2004-08-16,2.2701,0.68
2004-08-23,2.2701,0.68
2004-08-30,2.2701,0.68
2004-09-06,2.2701,0.68
2004-09-13,2.2701,0.68
2004-09-20,2.2701,0.68
2004-09-27,2.2701,0.68
2004-10-04,2.2701,0.68
2004-10-11,2.2701,0.68
2004-10-18,2.2701,0.68
2004-10-25,2.2701,0.68
2004-11-01,2.2701,0.68
2004-11-08,2.2701,0.68
2004-11-15,2.2701,0.68
2004-11-22,2.2701,0.68
2004-11-29,2.2701,0.68
2004-12-06,2.2701,0.68
2004-12-13,2.2701,0.68
2004-12-20,2.2701,0.68
2004-12-27,2.2701,0.68
2005-01-03,2.6772,0.41
2005-01-10,2.6772,0.41
2005-01-17,2.6772,0.41
2005-01-24,2.6772,0.41
2005-01-31,2.6772,0.41
2005-02-07,2.6772,0.41
2005-02-14,2.6772,0.41
2005-02-21,2.6772,0.41
2005-02-28,2.6772,0.41
2005-03-07,2.6772,0.41
2005-03-14,2.6772,0.41
2005-03-21,2.6772,0.41
2005-03-28,2.6772,0.41
2005-04-04,2.6772,0.41
2005-04-11,2.6772,0.41
2005-04-18,2.6772,0.41
2005-04-25,2.6772,0.41
2005-05-02,2.6772,0.41
2005-05-09,2.6772,0.41
2005-05-16,2.6772,0.41
2005-05-23,2.6772,0.41
2005-05-30,2.6772,0.41
2005-06-06,2.6772,0.41
2005-06-13,2.6772,0.41
2005-06-20,2.6772,0.41
2005-06-27,2.6772,0.41
2005-07-04,2.6772,0.41
2005-07-11,2.6772,0.41
2005-07-18,2.6772,0.41
2005-07-25,2.6772,0.41
2005-08-01,2.6772,0.41
2005-08-08,2.6772,0.41
2005-08-15,2.6772,0.41
2005-08-22,2.6772,0.41
2005-08-29,2.6772,0.41
2005-09-05,2.6772,0.41
2005-09-12,2.6772,0.41
2005-09-19,2.6772,0.41
2005-09-26,2.6772,0.41
2005-10-03,2.6772,0.41
2005-10-10,2.6772,0.41
2005-10-17,2.6772,0.41
2005-10-24,2.6772,0.41
2005-10-31,2.6772,0.41
2005-11-07,2.6772,0.41
2005-11-14,2.6772,0.41
2005-11-21,2.6772,0.41
2005-11-28,2.6772,0.41
2005-12-05,2.6772,0.41
2005-12-12,2.6772,0.41
2005-12-19,2.6772,0.41
2005-12-26,2.6772,0.41
2006-01-02,3.3927,0.72
2006-01-09,3.3927,0.72
2006-01-16,3.3927,0.72
2006-01-23,3.3927,0.72
2006-01-30,3.3927,0.72
2006-02-06,3.3927,0.72
2006-02-13,3.3927,0.72
2006-02-20,3.3927,0.72
2006-02-27,3.3927,0.72
2006-03-06,3.3927,0.72
2006-03-13,3.3927,0.72
2006-03-20,3.3927,0.72
2006-03-27,3.3927,0.72
2006-04-03,3.3927,0.72
2006-04-10,3.3927,0.72
2006-04-17,3.3927,0.72
2006-04-24,3.3927,0.72
2006-05-01,3.3927,0.72
2006-05-08,3.3927,0.72
2006-05-15,3.3927,0.72
2006-05-22,3.3927,0.72
2006-05-29,3.3927,0.72
2006-06-05,3.3927,0.72
2006-06-12,3.3927,0.72
2006-06-19,3.3927,0.72
2006-06-26,3.3927,0.72
2006-07-03,3.3927,0.72
2006-07-10,3.3927,0.72
2006-07-17,3.3927,0.72
2006-07-24,3.3927,0.72
2006-07-31,3.3927,0.72
2006-08-07,3.3927,0.72
2006-08-14,3.3927,0.72
2006-08-21,3.3927,0.72
2006-08-28,3.3927,0.72
2006-09-04,3.3927,0.72
2006-09-11,3.3927,0.72
2006-09-18,3.3927,0.72
2006-09-25,3.3927,0.72
2006-10-02,3.3927,0.72
2006-10-09,3.3927,0.72
2006-10-16,3.3927,0.72
2006-10-23,3.3927,0.72
2006-10-30,3.3927,0.72
2006-11-06,3.3927,0.72
2006-11-13,3.3927,0.72
2006-11-20,3.3927,0.72
2006-11-27,3.3927,0.72
2006-12-04,3.3927,0.72
2006-12-11,3.3927,0.72
2006-12-18,3.3927,0.72
2006-12-25,3.3927,0.72
2007-01-01,3.2259,-0.17
2007-01-08,3.2259,-0.17
2007-01-15,3.2259,-0.17
2007-01-22,3.2259,-0.17
2007-01-29,3.2259,-0.17
2007-02-05,3.2259,-0.17
2007-02-12,3.2259,-0.17
2007-02-19,3.2259,-0.17
2007-02-26,3.2259,-0.17
2007-03-05,3.2259,-0.17
2007-03-12,3.2259,-0.17
2007-03-19,3.2259,-0.17
2007-03-26,3.2259,-0.17
2007-04-02,3.2259,-0.17
2007-04-09,3.2259,-0.17
2007-04-16,3.2259,-0.17
2007-04-23,3.2259,-0.17
2007-04-30,3.2259,-0.17
2007-05-07,3.2259,-0.17
2007-05-14,3.2259,-0.17
2007-05-21,3.2259,-0.17
2007-05-28,3.2259,-0.17
2007-06-04,3.2259,-0.17
2007-06-11,3.2259,-0.17
2007-06-18,3.2259,-0.17
2007-06-25,3.2259,-0.17
2007-07-02,3.2259,-0.17
2007-07-09,3.2259,-0.17
2007-07-16,3.2259,-0.17
2007-07-23,3.2259,-0.17
2007-07-30,3.2259,-0.17
2007-08-06,3.2259,-0.17
2007-08-13,3.2259,-0.17
2007-08-20,3.2259,-0.17
2007-08-27,3.2259,-0.17
2007-09-03,3.2259,-0.17
2007-09-10,3.2259,-0.17
2007-09-17,3.2259,-0.17
2007-09-24,3.2259,-0.17
2007-10-01,3.2259,-0.17
2007-10-08,3.2259,-0.17
2007-10-15,3.2259,-0.17
2007-10-22,3.2259,-0.17
2007-10-29,3.2259,-0.17
2007-11-05,3.2259,-0.17
2007-11-12,3.2259,-0.17
2007-11-19,3.2259,-0.17
2007-11-26,3.2259,-0.17
2007-12-03,3.2259,-0.17
2007-12-10,3.2259,-0.17
2007-12-17,3.2259,-0.17
2007-12-24,3.2259,-0.17
2007-12-31,2.8527,-0.37
2008-01-07,2.8527,-0.37
2008-01-14,2.8527,-0.37
2008-01-21,2.8527,-0.37
2008-01-28,2.8527,-0.37
2008-02-04,2.8527,-0.37
2008-02-11,2.8527,-0.37
2008-02-18,2.8527,-0.37
2008-02-25,2.8527,-0.37
2008-03-03,2.8527,-0.37
2008-03-10,2.8527,-0.37
2008-03-17,2.8527,-0.37
2008-03-24,2.8527,-0.37
2008-03-31,2.8527,-0.37
2008-04-07,2.8527,-0.37
2008-04-14,2.8527,-0.37
2008-04-21,2.8527,-0.37
2008-04-28,2.8527,-0.37
2008-05-05,2.8527,-0.37
2008-05-12,2.8527,-0.37
2008-05-19,2.8527,-0.37
2008-05-26,2.8527,-0.37
2008-06-02,2.8527,-0.37
2008-06-09,2.8527,-0.37
2008-06-16,2.8527,-0.37
2008-06-23,2.8527,-0.37
2008-06-30,2.8527,-0.37
2008-07-07,2.8527,-0.37
2008-07-14,2.8527,-0.37
2008-07-21,2.8527,-0.37
2008-07-28,2.8527,-0.37
2008-08-04,2.8527,-0.37
2008-08-11,2.8527,-0.37
2008-08-18,2.8527,-0.37
2008-08-25,2.8527,-0.37
2008-09-01,2.8527,-0.37
2008-09-08,2.8527,-0.37
2008-09-15,2.8527,-0.37
2008-09-22,2.8527,-0.37
2008-09-29,2.8527,-0.37
2008-10-06,2.8527,-0.37
2008-10-13,2.8527,-0.37
2008-10-20,2.8527,-0.37
2008-10-27,2.8527,-0.37
2008-11-03,2.8527,-0.37
2008-11-10,2.8527,-0.37
2008-11-17,2.8527,-0.37
2008-11-24,2.8527,-0.37
2008-12-01,2.8527,-0.37
2008-12-08,2.8527,-0.37
2008-12-15,2.8527,-0.37
2008-12-22,2.8527,-0.37
2008-12-29,2.8527,-0.37
2009-01-05,3.8391,0.99
2009-01-12,3.8391,0.99
2009-01-19,3.8391,0.99
2009-01-26,3.8391,0.99
2009-02-02,3.8391,0.99
2009-02-09,3.8391,0.99
2009-02-16,3.8391,0.99
2009-02-23,3.8391,0.99
2009-03-02,3.8391,0.99
2009-03-09,3.8391,0.99
2009-03-16,3.8391,0.99
2009-03-23,3.8391,0.99
2009-03-30,3.8391,0.99
2009-04-06,3.8391,0.99
2009-04-13,3.8391,0.99
2009-04-20,3.8391,0.99
2009-04-27,3.8391,0.99
2009-05-04,3.8391,0.99
2009-05-11,3.8391,0.99
2009-05-18,3.8391,0.99
2009-05-25,3.8391,0.99
2009-06-01,3.8391,0.99
2009-06-08,3.8391,0.99
2009-06-15,3.8391,0.99
2009-06-22,3.8391,0.99
2009-06-29,3.8391,0.99
2009-07-06,3.8391,0.99
2009-07-13,3.8391,0.99
2009-07-20,3.8391,0.99
2009-07-27,3.8391,0.99
2009-08-03,3.8391,0.99
2009-08-10,3.8391,0.99
2009-08-17,3.8391,0.99
2009-08-24,3.8391,0.99
2009-08-31,3.8391,0.99
2009-09-07,3.8391,0.99
2009-09-14,3.8391,0.99
2009-09-21,3.8391,0.99
2009-09-28,3.8391,0.99
2009-10-05,3.8391,0.99
2009-10-12,3.8391,0.99
2009-10-19,3.8391,0.99
2009-10-26,3.8391,0.99
2009-11-02,3.8391,0.99
2009-11-09,3.8391,0.99
2009-11-16,3.8391,0.99
2009-11-23,3.8391,0.99
2009-11-30,3.8391,0.99
2009-12-07,3.8391,0.99
2009-12-14,3.8391,0.99
2009-12-21,3.8391,0.99
2009-12-28,3.8391,0.99
2010-01-04,-0.3555,-4.19
2010-01-11,-0.3555,-4.19
2010-01-18,-0.3555,-4.19
2010-01-25,-0.3555,-4.19
2010-02-01,-0.3555,-4.19
2010-02-08,-0.3555,-4.19
2010-02-15,-0.3555,-4.19
2010-02-22,-0.3555,-4.19
2010-03-01,-0.3555,-4.19
2010-03-08,-0.3555,-4.19
2010-03-15,-0.3555,-4.19
2010-03-22,-0.3555,-4.19
2010-03-29,-0.3555,-4.19
2010-04-05,-0.3555,-4.19
2010-04-12,-0.3555,-4.19
2010-04-19,-0.3555,-4.19
2010-04-26,-0.3555,-4.19
2010-05-03,-0.3555,-4.19
2010-05-10,-0.3555,-4.19
2010-05-17,-0.3555,-4.19
2010-05-24,-0.3555,-4.19
2010-05-31,-0.3555,-4.19
2010-06-07,-0.3555,-4.19
2010-06-14,-0.3555,-4.19
2010-06-21,-0.3555,-4.19
2010-06-28,-0.3555,-4.19
2010-07-05,-0.3555,-4.19
2010-07-12,-0.3555,-4.19
2010-07-19,-0.3555,-4.19
2010-07-26,-0.3555,-4.19
2010-08-02,-0.3555,-4.19
2010-08-09,-0.3555,-4.19
2010-08-16,-0.3555,-4.19
2010-08-23,-0.3555,-4.19
2010-08-30,-0.3555,-4.19
2010-09-06,-0.3555,-4.19
2010-09-13,-0.3555,-4.19
2010-09-20,-0.3555,-4.19
2010-09-27,-0.3555,-4.19
2010-10-04,-0.3555,-4.19
2010-10-11,-0.3555,-4.19
2010-10-18,-0.3555,-4.19
2010-10-25,-0.3555,-4.19
2010-11-01,-0.3555,-4.19
2010-11-08,-0.3555,-4.19
2010-11-15,-0.3555,-4.19
2010-11-22,-0.3555,-4.19
2010-11-29,-0.3555,-4.19
2010-12-06,-0.3555,-4.19
2010-12-13,-0.3555,-4.19
2010-12-20,-0.3555,-4.19
2010-12-27,-0.3555,-4.19
2011-01-03,1.64,2.0
2011-01-10,1.64,2.0
2011-01-17,1.64,2.0
2011-01-24,1.64,2.0
2011-01-31,1.64,2.0
2011-02-07,1.64,2.0
2011-02-14,1.64,2.0
2011-02-21,1.64,2.0
2011-02-28,1.64,2.0
2011-03-07,1.64,2.0
2011-03-14,1.64,2.0
2011-03-21,1.64,2.0
2011-03-28,1.64,2.0
2011-04-04,1.64,2.0
2011-04-11,1.64,2.0
2011-04-18,1.64,2.0
2011-04-25,1.64,2.0
2011-05-02,1.64,2.0
2011-05-09,1.64,2.0
2011-05-16,1.64,2.0
2011-05-23,1.64,2.0
2011-05-30,1.64,2.0
2011-06-06,1.64,2.0
2011-06-13,1.64,2.0
2011-06-20,1.64,2.0
2011-06-27,1.64,2.0
2011-07-04,1.64,2.0
2011-07-11,1.64,2.0
2011-07-18,1.64,2.0
2011-07-25,1.64,2.0
2011-08-01,1.64,2.0
2011-08-08,1.64,2.0
2011-08-15,1.64,2.0
2011-08-22,1.64,2.0
2011-08-29,1.64,2.0
2011-09-05,1.64,2.0
2011-09-12,1.64,2.0
2011-09-19,1.64,2.0
2011-09-26,1.64,2.0
2011-10-03,1.64,2.0
2011-10-10,1.64,2.0
2011-10-17,1.64,2.0
2011-10-24,1.64,2.0
2011-10-31,1.64,2.0
2011-11-07,1.64,2.0
2011-11-14,1.64,2.0
2011-11-21,1.64,2.0
2011-11-28,1.64,2.0
2011-12-05,1.64,2.0
2011-12-12,1.64,2.0
2011-12-19,1.64,2.0
2011-12-26,1.64,2.0
2012-01-02,3.1568,1.52
2012-01-09,3.1568,1.52
2012-01-16,3.1568,1.52
2012-01-23,3.1568,1.52
2012-01-30,3.1568,1.52
2012-02-06,3.1568,1.52
2012-02-13,3.1568,1.52
2012-02-20,3.1568,1.52
2012-02-27,3.1568,1.52
2012-03-05,3.1568,1.52
2012-03-12,3.1568,1.52
2012-03-19,3.1568,1.52
2012-03-26,3.1568,1.52
2012-04-02,3.1568,1.52
2012-04-09,3.1568,1.52
2012-04-16,3.1568,1.52
2012-04-23,3.1568,1.52
2012-04-30,3.1568,1.52
2012-05-07,3.1568,1.52
2012-05-14,3.1568,1.52
2012-05-21,3.1568,1.52
2012-05-28,3.1568,1.52
2012-06-04,3.1568,1.52
2012-06-11,3.1568,1.52
2012-06-18,3.1568,1.52
2012-06-25,3.1568,1.52
2012-07-02,3.1568,1.52
2012-07-09,3.1568,1.52
2012-07-16,3.1568,1.52
2012-07-23,3.1568,1.52
2012-07-30,3.1568,1.52
2012-08-06,3.1568,1.52
2012-08-13,3.1568,1.52
2012-08-20,3.1568,1.52
2012-08-27,3.1568,1.52
2012-09-03,3.1568,1.52
2012-09-10,3.1568,1.52
2012-09-17,3.1568,1.52
2012-09-24,3.1568,1.52
2012-10-01,3.1568,1.52
2012-10-08,3.1568,1.52
2012-10-15,3.1568,1.52
2012-10-22,3.1568,1.52
2012-10-29,3.1568,1.52
2012-11-05,3.1568,1.52
2012-11-12,3.1568,1.52
2012-11-19,3.1568,1.52
2012-11-26,3.1568,1.52
2012-12-03,3.1568,1.52
2012-12-10,3.1568,1.52
2012-12-17,3.1568,1.52
2012-12-24,3.1568,1.52
2012-12-31,2.0693,-1.09
2013-01-07,2.0693,-1.09
2013-01-14,2.0693,-1.09
2013-01-21,2.0693,-1.09
2013-01-28,2.0693,-1.09
2013-02-04,2.0693,-1.09
2013-02-11,2.0693,-1.09
2013-02-18,2.0693,-1.09
2013-02-25,2.0693,-1.09
2013-03-04,2.0693,-1.09
2013-03-11,2.0693,-1.09
2013-03-18,2.0693,-1.09
2013-03-25,2.0693,-1.09
2013-04-01,2.0693,-1.09
2013-04-08,2.0693,-1.09
2013-04-15,2.0693,-1.09
2013-04-22,2.0693,-1.09
2013-04-29,2.0693,-1.09
2013-05-06,2.0693,-1.09
2013-05-13,2.0693,-1.09
2013-05-20,2.0693,-1.09
2013-05-27,2.0693,-1.09
2013-06-03,2.0693,-1.09
2013-06-10,2.0693,-1.09
2013-06-17,2.0693,-1.09
2013-06-24,2.0693,-1.09
2013-07-01,2.0693,-1.09
2013-07-08,2.0693,-1.09
2013-07-15,2.0693,-1.09
2013-07-22,2.0693,-1.09
2013-07-29,2.0693,-1.09
2013-08-05,2.0693,-1.09
2013-08-12,2.0693,-1.09
2013-08-19,2.0693,-1.09
2013-08-26,2.0693,-1.09
2013-09-02,2.0693,-1.09
2013-09-09,2.0693,-1.09
2013-09-16,2.0693,-1.09
2013-09-23,2.0693,-1.09
2013-09-30,2.0693,-1.09
2013-10-07,2.0693,-1.09
2013-10-14,2.0693,-1.09
2013-10-21,2.0693,-1.09
2013-10-28,2.0693,-1.09
2013-11-04,2.0693,-1.09
2013-11-11,2.0693,-1.09
2013-11-18,2.0693,-1.09
2013-11-25,2.0693,-1.09
2013-12-02,2.0693,-1.09
2013-12-09,2.0693,-1.09
2013-12-16,2.0693,-1.09
2013-12-23,2.0693,-1.09
2013-12-30,2.0693,-1.09
2014-01-06,1.4648,-0.6
2014-01-13,1.4648,-0.6
2014-01-20,1.4648,-0.6
2014-01-27,1.4648,-0.6
2014-02-03,1.4648,-0.6
2014-02-10,1.4648,-0.6
2014-02-17,1.4648,-0.6
2014-02-24,1.4648,-0.6
2014-03-03,1.4648,-0.6
2014-03-10,1.4648,-0.6
2014-03-17,1.4648,-0.6
2014-03-24,1.4648,-0.6
2014-03-31,1.4648,-0.6
2014-04-07,1.4648,-0.6
2014-04-14,1.4648,-0.6
2014-04-21,1.4648,-0.6
2014-04-28,1.4648,-0.6
2014-05-05,1.4648,-0.6
2014-05-12,1.4648,-0.6
2014-05-19,1.4648,-0.6
2014-05-26,1.4648,-0.6
2014-06-02,1.4648,-0.6
2014-06-09,1.4648,-0.6
2014-06-16,1.4648,-0.6
2014-06-23,1.4648,-0.6
2014-06-30,1.4648,-0.6
2014-07-07,1.4648,-0.6
2014-07-14,1.4648,-0.6
2014-07-21,1.4648,-0.6
2014-07-28,1.4648,-0.6
2014-08-04,1.4648,-0.6
2014-08-11,1.4648,-0.6
2014-08-18,1.4648,-0.6
2014-08-25,1.4648,-0.6
2014-09-01,1.4648,-0.6
2014-09-08,1.4648,-0.6
2014-09-15,1.4648,-0.6
2014-09-22,1.4648,-0.6
2014-09-29,1.4648,-0.6
2014-10-06,1.4648,-0.6
2014-10-13,1.4648,-0.6
2014-10-20,1.4648,-0.6
2014-10-27,1.4648,-0.6
2014-11-03,1.4648,-0.6
2014-11-10,1.4648,-0.6
2014-11-17,1.4648,-0.6
2014-11-24,1.4648,-0.6
2014-12-01,1.4648,-0.6
2014-12-08,1.4648,-0.6
2014-12-15,1.4648,-0.6
2014-12-22,1.4648,-0.6
2014-12-29,1.4648,-0.6
2015-01-05,1.6222,0.16
2015-01-12,1.6222,0.16
2015-01-19,1.6222,0.16
2015-01-26,1.6222,0.16
2015-02-02,1.6222,0.16
2015-02-09,1.6222,0.16
2015-02-16,1.6222,0.16
2015-02-23,1.6222,0.16
2015-03-02,1.6222,0.16
2015-03-09,1.6222,0.16
2015-03-16,1.6222,0.16
2015-03-23,1.6222,0.16
2015-03-30,1.6222,0.16
2015-04-06,1.6222,0.16
2015-04-13,1.6222,0.16
2015-04-20,1.6222,0.16
2015-04-27,1.6222,0.16
2015-05-04,1.6222,0.16
2015-05-11,1.6222,0.16
2015-05-18,1.6222,0.16
2015-05-25,1.6222,0.16
2015-06-01,1.6222,0.16
2015-06-08,1.6222,0.16
2015-06-15,1.6222,0.16
2015-06-22,1.6222,0.16
2015-06-29,1.6222,0.16
2015-07-06,1.6222,0.16
2015-07-13,1.6222,0.16
2015-07-20,1.6222,0.16
2015-07-27,1.6222,0.16
2015-08-03,1.6222,0.16
2015-08-10,1.6222,0.16
2015-08-17,1.6222,0.16
2015-08-24,1.6222,0.16
2015-08-31,1.6222,0.16
2015-09-07,1.6222,0.16
2015-09-14,1.6222,0.16
2015-09-21,1.6222,0.16
2015-09-28,1.6222,0.16
2015-10-05,1.6222,0.16
2015-10-12,1.6222,0.16
2015-10-19,1.6222,0.16
2015-10-26,1.6222,0.16
2015-11-02,1.6222,0.16
2015-11-09,1.6222,0.16
2015-11-16,1.6222,0.16
2015-11-23,1.6222,0.16
2015-11-30,1.6222,0.16
2015-12-07,1.6222,0.16
2015-12-14,1.6222,0.16
2015-12-21,1.6222,0.16
2015-12-28,1.6222,0.16
2016-01-04,0.1186,-1.5
2016-01-11,0.1186,-1.5
2016-01-18,0.1186,-1.5
2016-01-25,0.1186,-1.5
2016-02-01,0.1186,-1.5
2016-02-08,0.1186,-1.5
2016-02-15,0.1186,-1.5
2016-02-22,0.1186,-1.5
2016-02-29,0.1186,-1.5
2016-03-07,0.1186,-1.5
2016-03-14,0.1186,-1.5
2016-03-21,0.1186,-1.5
2016-03-28,0.1186,-1.5
2016-04-04,0.1186,-1.5
2016-04-11,0.1186,-1.5
2016-04-18,0.1186,-1.5
2016-04-25,0.1186,-1.5
2016-05-02,0.1186,-1.5
2016-05-09,0.1186,-1.5
2016-05-16,0.1186,-1.5
2016-05-23,0.1186,-1.5
2016-05-30,0.1186,-1.5
2016-06-06,0.1186,-1.5
2016-06-13,0.1186,-1.5
2016-06-20,0.1186,-1.5
2016-06-27,0.1186,-1.5
2016-07-04,0.1186,-1.5
2016-07-11,0.1186,-1.5
2016-07-18,0.1186,-1.5
2016-07-25,0.1186,-1.5
2016-08-01,0.1186,-1.5
2016-08-08,0.1186,-1.5
2016-08-15,0.1186,-1.5
2016-08-22,0.1186,-1.5
2016-08-29,0.1186,-1.5
2016-09-05,0.1186,-1.5
2016-09-12,0.1186,-1.5
2016-09-19,0.1186,-1.5
2016-09-26,0.1186,-1.5
2016-10-03,0.1186,-1.5
2016-10-10,0.1186,-1.5
2016-10-17,0.1186,-1.5
2016-10-24,0.1186,-1.5
2016-10-31,0.1186,-1.5
2016-11-07,0.1186,-1.5
2016-11-14,0.1186,-1.5
2016-11-21,0.1186,-1.5
2016-11-28,0.1186,-1.5
2016-12-05,0.1186,-1.5
2016-12-12,0.1186,-1.5
2016-12-19,0.1186,-1.5
2016-12-26,0.1186,-1.5
2017-01-02,1.2616,1.14
2017-01-09,1.2616,1.14
2017-01-16,1.2616,1.14
2017-01-23,1.2616,1.14
2017-01-30,1.2616,1.14
2017-02-06,1.2616,1.14
2017-02-13,1.2616,1.14
2017-02-20,1.2616,1.14
2017-02-27,1.2616,1.14
2017-03-06,1.2616,1.14
2017-03-13,1.2616,1.14
2017-03-20,1.2616,1.14
2017-03-27,1.2616,1.14
2017-04-03,1.2616,1.14
2017-04-10,1.2616,1.14
2017-04-17,1.2616,1.14
2017-04-24,1.2616,1.14
2017-05-01,1.2616,1.14
2017-05-08,1.2616,1.14
2017-05-15,1.2616,1.14
2017-05-22,1.2616,1.14
2017-05-29,1.2616,1.14
2017-06-05,1.2616,1.14
2017-06-12,1.2616,1.14
2017-06-19,1.2616,1.14
2017-06-26,1.2616,1.14
2017-07-03,1.2616,1.14
2017-07-10,1.2616,1.14
2017-07-17,1.2616,1.14
2017-07-24,1.2616,1.14
2017-07-31,1.2616,1.14
2017-08-07,1.2616,1.14
2017-08-14,1.2616,1.14
2017-08-21,1.2616,1.14
2017-08-28,1.2616,1.14
2017-09-04,1.2616,1.14
2017-09-11,1.2616,1.14
2017-09-18,1.2616,1.14
2017-09-25,1.2616,1.14
2017-10-02,1.2616,1.14
2017-10-09,1.2616,1.14
2017-10-16,1.2616,1.14
2017-10-23,1.2616,1.14
2017-10-30,1.2616,1.14
2017-11-06,1.2616,1.14
2017-11-13,1.2616,1.14
2017-11-20,1.2616,1.14
2017-11-27,1.2616,1.14
2017-12-04,1.2616,1.14
2017-12-11,1.2616,1.14
2017-12-18,1.2616,1.14
2017-12-25,1.2616,1.14
2018-01-01,2.1301,0.87
2018-01-08,2.1301,0.87
2018-01-15,2.1301,0.87
2018-01-22,2.1301,0.87
2018-01-29,2.1301,0.87
2018-02-05,2.1301,0.87
2018-02-12,2.1301,0.87
2018-02-19,2.1301,0.87
2018-02-26,2.1301,0.87
2018-03-05,2.1301,0.87
2018-03-12,2.1301,0.87
2018-03-19,2.1301,0.87
2018-03-26,2.1301,0.87
2018-04-02,2.1301,0.87
2018-04-09,2.1301,0.87
2018-04-16,2.1301,0.87
2018-04-23,2.1301,0.87
2018-04-30,2.1301,0.87
2018-05-07,2.1301,0.87
2018-05-14,2.1301,0.87
2018-05-21,2.1301,0.87
2018-05-28,2.1301,0.87
2018-06-04,2.1301,0.87
2018-06-11,2.1301,0.87
2018-06-18,2.1301,0.87
2018-06-25,2.1301,0.87
2018-07-02,2.1301,0.87
2018-07-09,2.1301,0.87
2018-07-16,2.1301,0.87
2018-07-23,2.1301,0.87
2018-07-30,2.1301,0.87
2018-08-06,2.1301,0.87
2018-08-13,2.1301,0.87
2018-08-20,2.1301,0.87
2018-08-27,2.1301,0.87
2018-09-03,2.1301,0.87
2018-09-10,2.1301,0.87
2018-09-17,2.1301,0.87
2018-09-24,2.1301,0.87
2018-10-01,2.1301,0.87
2018-10-08,2.1301,0.87
2018-10-15,2.1301,0.87
2018-10-22,2.1301,0.87
2018-10-29,2.1301,0.87
2018-11-05,2.1301,0.87
2018-11-12,2.1301,0.87
2018-11-19,2.1301,0.87
2018-11-26,2.1301,0.87
2018-12-03,2.1301,0.87
2018-12-10,2.1301,0.87
2018-12-17,2.1301,0.87
2018-12-24,2.1301,0.87
2018-12-31,2.4426,0.31
2019-01-07,2.4426,0.31
2019-01-14,2.4426,0.31
2019-01-21,2.4426,0.31
2019-01-28,2.4426,0.31
2019-02-04,2.4426,0.31
2019-02-11,2.4426,0.31
2019-02-18,2.4426,0.31
2019-02-25,2.4426,0.31
2019-03-04,2.4426,0.31
2019-03-11,2.4426,0.31
2019-03-18,2.4426,0.31
2019-03-25,2.4426,0.31
2019-04-01,2.4426,0.31
2019-04-08,2.4426,0.31
2019-04-15,2.4426,0.31
2019-04-22,2.4426,0.31
2019-04-29,2.4426,0.31
2019-05-06,2.4426,0.31
2019-05-13,2.4426,0.31
2019-05-20,2.4426,0.31
2019-05-27,2.4426,0.31
2019-06-03,2.4426,0.31
2019-06-10,2.4426,0.31
2019-06-17,2.4426,0.31
2019-06-24,2.4426,0.31
2019-07-01,2.4426,0.31
2019-07-08,2.4426,0.31
2019-07-15,2.4426,0.31
2019-07-22,2.4426,0.31
2019-07-29,2.4426,0.31
2019-08-05,2.4426,0.31
2019-08-12,2.4426,0.31
2019-08-19,2.4426,0.31
2019-08-26,2.4426,0.31
2019-09-02,2.4426,0.31
2019-09-09,2.4426,0.31
2019-09-16,2.4426,0.31
2019-09-23,2.4426,0.31
2019-09-30,2.4426,0.31
2019-10-07,2.4426,0.31
2019-10-14,2.4426,0.31
2019-10-21,2.4426,0.31
2019-10-28,2.4426,0.31
2019-11-04,2.4426,0.31
2019-11-11,2.4426,0.31
2019-11-18,2.4426,0.31
2019-11-25,2.4426,0.31
2019-12-02,2.4426,0.31
2019-12-09,2.4426,0.31
2019-12-16,2.4426,0.31
2019-12-23,2.4426,0.31
2019-12-30,2.4426,0.31
2020-01-06,1.8122,-0.63
2020-01-13,1.8122,-0.63
2020-01-20,1.8122,-0.63
2020-01-27,1.8122,-0.63
2020-02-03,1.8122,-0.63
2020-02-10,1.8122,-0.63
2020-02-17,1.8122,-0.63
2020-02-24,1.8122,-0.63
2020-03-02,1.8122,-0.63
2020-03-09,1.8122,-0.63
2020-03-16,1.8122,-0.63
2020-03-23,1.8122,-0.63
2020-03-30,1.8122,-0.63
2020-04-06,1.8122,-0.63
2020-04-13,1.8122,-0.63
2020-04-20,1.8122,-0.63
2020-04-27,1.8122,-0.63
2020-05-04,1.8122,-0.63
2020-05-11,1.8122,-0.63
2020-05-18,1.8122,-0.63
2020-05-25,1.8122,-0.63
2020-06-01,1.8122,-0.63
2020-06-08,1.8122,-0.63
2020-06-15,1.8122,-0.63
2020-06-22,1.8122,-0.63
2020-06-29,1.8122,-0.63
2020-07-06,1.8122,-0.63
2020-07-13,1.8122,-0.63
2020-07-20,1.8122,-0.63
2020-07-27,1.8122,-0.63
2020-08-03,1.8122,-0.63
2020-08-10,1.8122,-0.63
2020-08-17,1.8122,-0.63
2020-08-24,1.8122,-0.63
2020-08-31,1.8122,-0.63
2020-09-07,1.8122,-0.63
2020-09-14,1.8122,-0.63
2020-09-21,1.8122,-0.63
2020-09-28,1.8122,-0.63
2020-10-05,1.8122,-0.63
2020-10-12,1.8122,-0.63
2020-10-19,1.8122,-0.63
2020-10-26,1.8122,-0.63
2020-11-02,1.8122,-0.63
2020-11-09,1.8122,-0.63
2020-11-16,1.8122,-0.63
2020-11-23,1.8122,-0.63
2020-11-30,1.8122,-0.63
2020-12-07,1.8122,-0.63
2020-12-14,1.8122,-0.63
2020-12-21,1.8122,-0.63
2020-12-28,1.8122,-0.63
2021-01-04,1.2336,-0.58
2021-01-11,1.2336,-0.58
2021-01-18,1.2336,-0.58
2021-01-25,1.2336,-0.58
2021-02-01,1.2336,-0.58
2021-02-08,1.2336,-0.58
2021-02-15,1.2336,-0.58
2021-02-22,1.2336,-0.58
2021-03-01,1.2336,-0.58
2021-03-08,1.2336,-0.58
2021-03-15,1.2336,-0.58
2021-03-22,1.2336,-0.58
2021-03-29,1.2336,-0.58
2021-04-05,1.2336,-0.58
2021-04-12,1.2336,-0.58
2021-04-19,1.2336,-0.58
2021-04-26,1.2336,-0.58
2021-05-03,1.2336,-0.58
2021-05-10,1.2336,-0.58
2021-05-17,1.2336,-0.58
2021-05-24,1.2336,-0.58
2021-05-31,1.2336,-0.58
2021-06-07,1.2336,-0.58
2021-06-14,1.2336,-0.58
2021-06-21,1.2336,-0.58
2021-06-28,1.2336,-0.58
2021-07-05,1.2336,-0.58
2021-07-12,1.2336,-0.58
2021-07-19,1.2336,-0.58
2021-07-26,1.2336,-0.58
2021-08-02,1.2336,-0.58
2021-08-09,1.2336,-0.58
2021-08-16,1.2336,-0.58
2021-08-23,1.2336,-0.58
2021-08-30,1.2336,-0.58
2021-09-06,1.2336,-0.58
2021-09-13,1.2336,-0.58
2021-09-20,1.2336,-0.58
2021-09-27,1.2336,-0.58
2021-10-04,1.2336,-0.58
2021-10-11,1.2336,-0.58
2021-10-18,1.2336,-0.58
2021-10-25,1.2336,-0.58
2021-11-01,1.2336,-0.58
2021-11-08,1.2336,-0.58
2021-11-15,1.2336,-0.58
2021-11-22,1.2336,-0.58
2021-11-29,1.2336,-0.58
2021-12-06,1.2336,-0.58
2021-12-13,1.2336,-0.58
2021-12-20,1.2336,-0.58
2021-12-27,1.2336,-0.58
