,Core_inflation,FEDFUNDS,CURRCIR
1954-07-05,,0.8,
1954-07-12,,0.8,
1954-07-19,,0.8,
1954-07-26,,0.8,
1954-08-02,,1.22,
1954-08-09,,1.22,
1954-08-16,,1.22,
1954-08-23,,1.22,
1954-08-30,,1.22,
1954-09-06,,1.07,
1954-09-13,,1.07,
1954-09-20,,1.07,
1954-09-27,,1.07,
1954-10-04,,0.85,
1954-10-11,,0.85,
1954-10-18,,0.85,
1954-10-25,,0.85,
1954-11-01,,0.83,
1954-11-08,,0.83,
1954-11-15,,0.83,
1954-11-22,,0.83,
1954-11-29,,0.83,
1954-12-06,,1.28,
1954-12-13,,1.28,
1954-12-20,,1.28,
1954-12-27,,1.28,
1955-01-03,,1.39,
1955-01-10,,1.39,
1955-01-17,,1.39,
1955-01-24,,1.39,
1955-01-31,,1.39,
1955-02-07,,1.29,
1955-02-14,,1.29,
1955-02-21,,1.29,
1955-02-28,,1.29,
1955-03-07,,1.35,
1955-03-14,,1.35,
1955-03-21,,1.35,
1955-03-28,,1.35,
1955-04-04,,1.43,
1955-04-11,,1.43,
1955-04-18,,1.43,
1955-04-25,,1.43,
1955-05-02,,1.43,
1955-05-09,,1.43,
1955-05-16,,1.43,
1955-05-23,,1.43,
1955-05-30,,1.43,
1955-06-06,,1.64,
1955-06-13,,1.64,
1955-06-20,,1.64,
1955-06-27,,1.64,
1955-07-04,,1.68,
1955-07-11,,1.68,
1955-07-18,,1.68,
1955-07-25,,1.68,
1955-08-01,,1.96,
1955-08-08,,1.96,
1955-08-15,,1.96,
1955-08-22,,1.96,
1955-08-29,,1.96,
1955-09-05,,2.18,
1955-09-12,,2.18,
1955-09-19,,2.18,
1955-09-26,,2.18,
1955-10-03,,2.24,
1955-10-10,,2.24,
1955-10-17,,2.24,
1955-10-24,,2.24,
1955-10-31,,2.24,
1955-11-07,,2.35,
1955-11-14,,2.35,
1955-11-21,,2.35,
1955-11-28,,2.35,
1955-12-05,,2.48,
1955-12-12,,2.48,
1955-12-19,,2.48,
1955-12-26,,2.48,
1956-01-02,,2.45,
1956-01-09,,2.45,
1956-01-16,,2.45,
1956-01-23,,2.45,
1956-01-30,,2.45,
1956-02-06,,2.5,
1956-02-13,,2.5,
1956-02-20,,2.5,
1956-02-27,,2.5,
1956-03-05,,2.5,
1956-03-12,,2.5,
1956-03-19,,2.5,
1956-03-26,,2.5,
1956-04-02,,2.62,
1956-04-09,,2.62,
1956-04-16,,2.62,
1956-04-23,,2.62,
1956-04-30,,2.62,
1956-05-07,,2.75,
1956-05-14,,2.75,
1956-05-21,,2.75,
1956-05-28,,2.75,
1956-06-04,,2.71,
1956-06-11,,2.71,
1956-06-18,,2.71,
1956-06-25,,2.71,
1956-07-02,,2.75,
1956-07-09,,2.75,
1956-07-16,,2.75,
1956-07-23,,2.75,
1956-07-30,,2.75,
1956-08-06,,2.73,
1956-08-13,,2.73,
1956-08-20,,2.73,
1956-08-27,,2.73,
1956-09-03,,2.95,
1956-09-10,,2.95,
1956-09-17,,2.95,
1956-09-24,,2.95,
1956-10-01,,2.96,
1956-10-08,,2.96,
1956-10-15,,2.96,
1956-10-22,,2.96,
1956-10-29,,2.96,
1956-11-05,,2.88,
1956-11-12,,2.88,
1956-11-19,,2.88,
1956-11-26,,2.88,
1956-12-03,,2.94,
1956-12-10,,2.94,
1956-12-17,,2.94,
1956-12-24,,2.94,
1956-12-31,,2.94,
1957-01-07,,2.84,
1957-01-14,,2.84,
1957-01-21,,2.84,
1957-01-28,,2.84,
1957-02-04,,3.0,
1957-02-11,,3.0,
1957-02-18,,3.0,
1957-02-25,,3.0,
1957-03-04,,2.96,
1957-03-11,,2.96,
1957-03-18,,2.96,
1957-03-25,,2.96,
1957-04-01,,3.0,
1957-04-08,,3.0,
1957-04-15,,3.0,
1957-04-22,,3.0,
1957-04-29,,3.0,
1957-05-06,,3.0,
1957-05-13,,3.0,
1957-05-20,,3.0,
1957-05-27,,3.0,
1957-06-03,,3.0,
1957-06-10,,3.0,
1957-06-17,,3.0,
1957-06-24,,3.0,
1957-07-01,,2.99,
1957-07-08,,2.99,
1957-07-15,,2.99,
1957-07-22,,2.99,
1957-07-29,,2.99,
1957-08-05,,3.24,
1957-08-12,,3.24,
1957-08-19,,3.24,
1957-08-26,,3.24,
1957-09-02,,3.47,
1957-09-09,,3.47,
1957-09-16,,3.47,
1957-09-23,,3.47,
1957-09-30,,3.47,
1957-10-07,,3.5,
1957-10-14,,3.5,
1957-10-21,,3.5,
1957-10-28,,3.5,
1957-11-04,,3.28,
1957-11-11,,3.28,
1957-11-18,,3.28,
1957-11-25,,3.28,
1957-12-02,,2.98,
1957-12-09,,2.98,
1957-12-16,,2.98,
1957-12-23,,2.98,
1957-12-30,,2.98,
1958-01-06,,2.72,
1958-01-13,,2.72,
1958-01-20,,2.72,
1958-01-27,,2.72,
1958-02-03,,1.67,
1958-02-10,,1.67,
1958-02-17,,1.67,
1958-02-24,,1.67,
1958-03-03,,1.2,
1958-03-10,,1.2,
1958-03-17,,1.2,
1958-03-24,,1.2,
1958-03-31,,1.2,
1958-04-07,,1.26,
1958-04-14,,1.26,
1958-04-21,,1.26,
1958-04-28,,1.26,
1958-05-05,,0.63,
1958-05-12,,0.63,
1958-05-19,,0.63,
1958-05-26,,0.63,
1958-06-02,,0.93,
1958-06-09,,0.93,
1958-06-16,,0.93,
1958-06-23,,0.93,
1958-06-30,,0.93,
1958-07-07,,0.68,
1958-07-14,,0.68,
1958-07-21,,0.68,
1958-07-28,,0.68,
1958-08-04,,1.53,
1958-08-11,,1.53,
1958-08-18,,1.53,
1958-08-25,,1.53,
1958-09-01,,1.76,
1958-09-08,,1.76,
1958-09-15,,1.76,
1958-09-22,,1.76,
1958-09-29,,1.76,
1958-10-06,,1.8,
1958-10-13,,1.8,
1958-10-20,,1.8,
1958-10-27,,1.8,
1958-11-03,,2.27,
1958-11-10,,2.27,
1958-11-17,,2.27,
1958-11-24,,2.27,
1958-12-01,,2.42,
1958-12-08,,2.42,
1958-12-15,,2.42,
1958-12-22,,2.42,
1958-12-29,,2.42,
1959-01-05,,2.48,
1959-01-12,,2.48,
1959-01-19,,2.48,
1959-01-26,,2.48,
1959-02-02,,2.43,
1959-02-09,,2.43,
1959-02-16,,2.43,
1959-02-23,,2.43,
1959-03-02,,2.8,
1959-03-09,,2.8,
1959-03-16,,2.8,
1959-03-23,,2.8,
1959-03-30,,2.8,
1959-04-06,,2.96,
1959-04-13,,2.96,
1959-04-20,,2.96,
1959-04-27,,2.96,
1959-05-04,,2.9,
1959-05-11,,2.9,
1959-05-18,,2.9,
1959-05-25,,2.9,
1959-06-01,,3.39,
1959-06-08,,3.39,
1959-06-15,,3.39,
1959-06-22,,3.39,
1959-06-29,,3.39,
1959-07-06,,3.47,
1959-07-13,,3.47,
1959-07-20,,3.47,
1959-07-27,,3.47,
1959-08-03,,3.5,
1959-08-10,,3.5,
1959-08-17,,3.5,
1959-08-24,,3.5,
1959-08-31,,3.5,
1959-09-07,,3.76,
1959-09-14,,3.76,
1959-09-21,,3.76,
1959-09-28,,3.76,
1959-10-05,,3.98,
1959-10-12,,3.98,
1959-10-19,,3.98,
1959-10-26,,3.98,
1959-11-02,,4.0,
1959-11-09,,4.0,
1959-11-16,,4.0,
1959-11-23,,4.0,
1959-11-30,,4.0,
1959-12-07,,3.99,
1959-12-14,,3.99,
1959-12-21,,3.99,
1959-12-28,,3.99,
1960-01-04,,3.99,32.041
1960-01-11,,3.99,32.041
1960-01-18,,3.99,32.041
1960-01-25,,3.99,32.041
1960-02-01,,3.97,31.583
1960-02-08,,3.97,31.583
1960-02-15,,3.97,31.583
1960-02-22,,3.97,31.583
1960-02-29,,3.97,31.583
1960-03-07,,3.84,31.626
1960-03-14,,3.84,31.626
1960-03-21,,3.84,31.626
1960-03-28,,3.84,31.626
1960-04-04,,3.92,31.714
1960-04-11,,3.92,31.714
1960-04-18,,3.92,31.714
1960-04-25,,3.92,31.714
1960-05-02,,3.85,31.716
1960-05-09,,3.85,31.716
1960-05-16,,3.85,31.716
1960-05-23,,3.85,31.716
1960-05-30,,3.85,31.716
1960-06-06,,3.32,31.92
1960-06-13,,3.32,31.92
1960-06-20,,3.32,31.92
1960-06-27,,3.32,31.92
1960-07-04,,3.23,32.175
1960-07-11,,3.23,32.175
1960-07-18,,3.23,32.175
1960-07-25,,3.23,32.175
1960-08-01,,2.98,32.092
1960-08-08,,2.98,32.092
1960-08-15,,2.98,32.092
1960-08-22,,2.98,32.092
1960-08-29,,2.98,32.092
1960-09-05,,2.6,32.152
1960-09-12,,2.6,32.152
1960-09-19,,2.6,32.152
1960-09-26,,2.6,32.152
1960-10-03,,2.47,32.179
1960-10-10,,2.47,32.179
1960-10-17,,2.47,32.179
1960-10-24,,2.47,32.179
1960-10-31,,2.47,32.179
1960-11-07,,2.44,32.458
1960-11-14,,2.44,32.458
1960-11-21,,2.44,32.458
1960-11-28,,2.44,32.458
1960-12-05,,1.98,33.01
1960-12-12,,1.98,33.01
1960-12-19,,1.98,33.01
1960-12-26,,1.98,33.01
1961-01-02,,1.45,32.3
1961-01-09,,1.45,32.3
1961-01-16,,1.45,32.3
1961-01-23,,1.45,32.3
1961-01-30,,1.45,32.3
1961-02-06,,2.54,31.84
1961-02-13,,2.54,31.84
1961-02-20,,2.54,31.84
1961-02-27,,2.54,31.84
1961-03-06,,2.02,31.836
1961-03-13,,2.02,31.836
1961-03-20,,2.02,31.836
1961-03-27,,2.02,31.836
1961-04-03,,1.49,31.916
1961-04-10,,1.49,31.916
1961-04-17,,1.49,31.916
1961-04-24,,1.49,31.916
1961-05-01,,1.98,31.999
1961-05-08,,1.98,31.999
1961-05-15,,1.98,31.999
1961-05-22,,1.98,31.999
1961-05-29,,1.98,31.999
1961-06-05,,1.73,32.239
1961-06-12,,1.73,32.239
1961-06-19,,1.73,32.239
1961-06-26,,1.73,32.239
1961-07-03,,1.17,32.585
1961-07-10,,1.17,32.585
1961-07-17,,1.17,32.585
1961-07-24,,1.17,32.585
1961-07-31,,1.17,32.585
1961-08-07,,2.0,32.564
1961-08-14,,2.0,32.564
1961-08-21,,2.0,32.564
1961-08-28,,2.0,32.564
1961-09-04,,1.88,32.718
1961-09-11,,1.88,32.718
1961-09-18,,1.88,32.718
1961-09-25,,1.88,32.718
1961-10-02,,2.26,32.861
1961-10-09,,2.26,32.861
1961-10-16,,2.26,32.861
1961-10-23,,2.26,32.861
1961-10-30,,2.26,32.861
1961-11-06,,2.61,33.233
1961-11-13,,2.61,33.233
1961-11-20,,2.61,33.233
1961-11-27,,2.61,33.233
1961-12-04,,2.33,33.942
1961-12-11,,2.33,33.942
1961-12-18,,2.33,33.942
1961-12-25,,2.33,33.942
1962-01-01,,2.15,33.327
1962-01-08,,2.15,33.327
1962-01-15,,2.15,33.327
1962-01-22,,2.15,33.327
1962-01-29,,2.15,33.327
1962-02-05,,2.37,32.845
1962-02-12,,2.37,32.845
1962-02-19,,2.37,32.845
1962-02-26,,2.37,32.845
1962-03-05,,2.85,32.991
1962-03-12,,2.85,32.991
1962-03-19,,2.85,32.991
1962-03-26,,2.85,32.991
1962-04-02,,2.78,33.231
1962-04-09,,2.78,33.231
1962-04-16,,2.78,33.231
1962-04-23,,2.78,33.231
1962-04-30,,2.78,33.231
1962-05-07,,2.36,33.316
1962-05-14,,2.36,33.316
1962-05-21,,2.36,33.316
1962-05-28,,2.36,33.316
1962-06-04,,2.68,33.617
1962-06-11,,2.68,33.617
1962-06-18,,2.68,33.617
1962-06-25,,2.68,33.617
1962-07-02,,2.71,33.985
1962-07-09,,2.71,33.985
1962-07-16,,2.71,33.985
1962-07-23,,2.71,33.985
1962-07-30,,2.71,33.985
1962-08-06,,2.93,33.96
1962-08-13,,2.93,33.96
1962-08-20,,2.93,33.96
1962-08-27,,2.93,33.96
1962-09-03,,2.9,34.007
1962-09-10,,2.9,34.007
1962-09-17,,2.9,34.007
1962-09-24,,2.9,34.007
1962-10-01,,2.9,34.103
1962-10-08,,2.9,34.103
1962-10-15,,2.9,34.103
1962-10-22,,2.9,34.103
1962-10-29,,2.9,34.103
1962-11-05,,2.94,34.562
1962-11-12,,2.94,34.562
1962-11-19,,2.94,34.562
1962-11-26,,2.94,34.562
1962-12-03,,2.93,35.265
1962-12-10,,2.93,35.265
1962-12-17,,2.93,35.265
1962-12-24,,2.93,35.265
1962-12-31,,2.93,35.265
1963-01-07,,2.92,34.616
1963-01-14,,2.92,34.616
1963-01-21,,2.92,34.616
1963-01-28,,2.92,34.616
1963-02-04,,3.0,34.222
1963-02-11,,3.0,34.222
1963-02-18,,3.0,34.222
1963-02-25,,3.0,34.222
1963-03-04,,2.98,34.424
1963-03-11,,2.98,34.424
1963-03-18,,2.98,34.424
1963-03-25,,2.98,34.424
1963-04-01,,2.9,34.715
1963-04-08,,2.9,34.715
1963-04-15,,2.9,34.715
1963-04-22,,2.9,34.715
1963-04-29,,2.9,34.715
1963-05-06,,3.0,34.865
1963-05-13,,3.0,34.865
1963-05-20,,3.0,34.865
1963-05-27,,3.0,34.865
1963-06-03,,2.99,35.281
1963-06-10,,2.99,35.281
1963-06-17,,2.99,35.281
1963-06-24,,2.99,35.281
1963-07-01,,3.02,35.746
1963-07-08,,3.02,35.746
1963-07-15,,3.02,35.746
1963-07-22,,3.02,35.746
1963-07-29,,3.02,35.746
1963-08-05,,3.49,35.788
1963-08-12,,3.49,35.788
1963-08-19,,3.49,35.788
1963-08-26,,3.49,35.788
1963-09-02,,3.48,35.945
1963-09-09,,3.48,35.945
1963-09-16,,3.48,35.945
1963-09-23,,3.48,35.945
1963-09-30,,3.48,35.945
1963-10-07,,3.5,36.11
1963-10-14,,3.5,36.11
1963-10-21,,3.5,36.11
1963-10-28,,3.5,36.11
1963-11-04,,3.48,36.659
1963-11-11,,3.48,36.659
1963-11-18,,3.48,36.659
1963-11-25,,3.48,36.659
1963-12-02,,3.38,37.587
1963-12-09,,3.38,37.587
1963-12-16,,3.38,37.587
1963-12-23,,3.38,37.587
1963-12-30,,3.38,37.587
1964-01-06,,3.48,36.873
1964-01-13,,3.48,36.873
1964-01-20,,3.48,36.873
1964-01-27,,3.48,36.873
1964-02-03,,3.48,36.38
1964-02-10,,3.48,36.38
1964-02-17,,3.48,36.38
1964-02-24,,3.48,36.38
1964-03-02,,3.43,36.599
1964-03-09,,3.43,36.599
1964-03-16,,3.43,36.599
1964-03-23,,3.43,36.599
1964-03-30,,3.43,36.599
1964-04-06,,3.47,36.883
1964-04-13,,3.47,36.883
1964-04-20,,3.47,36.883
1964-04-27,,3.47,36.883
1964-05-04,,3.5,37.095
1964-05-11,,3.5,37.095
1964-05-18,,3.5,37.095
1964-05-25,,3.5,37.095
1964-06-01,,3.5,37.523
1964-06-08,,3.5,37.523
1964-06-15,,3.5,37.523
1964-06-22,,3.5,37.523
1964-06-29,,3.5,37.523
1964-07-06,,3.42,37.934
1964-07-13,,3.42,37.934
1964-07-20,,3.42,37.934
1964-07-27,,3.42,37.934
1964-08-03,,3.5,38.026
1964-08-10,,3.5,38.026
1964-08-17,,3.5,38.026
1964-08-24,,3.5,38.026
1964-08-31,,3.5,38.026
1964-09-07,,3.45,38.218
1964-09-14,,3.45,38.218
1964-09-21,,3.45,38.218
1964-09-28,,3.45,38.218
1964-10-05,,3.36,38.355
1964-10-12,,3.36,38.355
1964-10-19,,3.36,38.355
1964-10-26,,3.36,38.355
1964-11-02,,3.52,38.908
1964-11-09,,3.52,38.908
1964-11-16,,3.52,38.908
1964-11-23,,3.52,38.908
1964-11-30,,3.52,38.908
1964-12-07,,3.85,39.686
1964-12-14,,3.85,39.686
1964-12-21,,3.85,39.686
1964-12-28,,3.85,39.686
1965-01-04,,3.9,39.046
1965-01-11,,3.9,39.046
1965-01-18,,3.9,39.046
1965-01-25,,3.9,39.046
1965-02-01,,3.98,38.636
1965-02-08,,3.98,38.636
1965-02-15,,3.98,38.636
1965-02-22,,3.98,38.636
1965-03-01,,4.05,38.769
1965-03-08,,4.05,38.769
1965-03-15,,4.05,38.769
1965-03-22,,4.05,38.769
1965-03-29,,4.05,38.769
1965-04-05,,4.09,38.943
1965-04-12,,4.09,38.943
1965-04-19,,4.09,38.943
1965-04-26,,4.09,38.943
1965-05-03,,4.1,39.037
1965-05-10,,4.1,39.037
1965-05-17,,4.1,39.037
1965-05-24,,4.1,39.037
1965-05-31,,4.1,39.037
1965-06-07,,4.05,39.49
1965-06-14,,4.05,39.49
1965-06-21,,4.05,39.49
1965-06-28,,4.05,39.49
1965-07-05,,4.09,39.999
1965-07-12,,4.09,39.999
1965-07-19,,4.09,39.999
1965-07-26,,4.09,39.999
1965-08-02,,4.12,40.095
1965-08-09,,4.12,40.095
1965-08-16,,4.12,40.095
1965-08-23,,4.12,40.095
1965-08-30,,4.12,40.095
1965-09-06,,4.02,40.337
1965-09-13,,4.02,40.337
1965-09-20,,4.02,40.337
1965-09-27,,4.02,40.337
1965-10-04,,4.08,40.723
1965-10-11,,4.08,40.723
1965-10-18,,4.08,40.723
1965-10-25,,4.08,40.723
1965-11-01,,4.1,41.335
1965-11-08,,4.1,41.335
1965-11-15,,4.1,41.335
1965-11-22,,4.1,41.335
1965-11-29,,4.1,41.335
1965-12-06,,4.32,42.198
1965-12-13,,4.32,42.198
1965-12-20,,4.32,42.198
1965-12-27,,4.32,42.198
1966-01-03,,4.42,41.618
1966-01-10,,4.42,41.618
1966-01-17,,4.42,41.618
1966-01-24,,4.42,41.618
1966-01-31,,4.42,41.618
1966-02-07,,4.6,41.218
1966-02-14,,4.6,41.218
1966-02-21,,4.6,41.218
1966-02-28,,4.6,41.218
1966-03-07,,4.66,41.387
1966-03-14,,4.66,41.387
1966-03-21,,4.66,41.387
1966-03-28,,4.66,41.387
1966-04-04,,4.67,41.666
1966-04-11,,4.67,41.666
1966-04-18,,4.67,41.666
1966-04-25,,4.67,41.666
1966-05-02,,4.9,41.841
1966-05-09,,4.9,41.841
1966-05-16,,4.9,41.841
1966-05-23,,4.9,41.841
1966-05-30,,4.9,41.841
1966-06-06,,5.17,42.28
1966-06-13,,5.17,42.28
1966-06-20,,5.17,42.28
1966-06-27,,5.17,42.28
1966-07-04,,5.3,42.818
1966-07-11,,5.3,42.818
1966-07-18,,5.3,42.818
1966-07-25,,5.3,42.818
1966-08-01,,5.53,42.877
1966-08-08,,5.53,42.877
1966-08-15,,5.53,42.877
1966-08-22,,5.53,42.877
1966-08-29,,5.53,42.877
1966-09-05,,5.4,42.994
1966-09-12,,5.4,42.994
1966-09-19,,5.4,42.994
1966-09-26,,5.4,42.994
1966-10-03,,5.53,43.112
1966-10-10,,5.53,43.112
1966-10-17,,5.53,43.112
1966-10-24,,5.53,43.112
1966-10-31,,5.53,43.112
1966-11-07,,5.76,43.711
1966-11-14,,5.76,43.711
1966-11-21,,5.76,43.711
1966-11-28,,5.76,43.711
1966-12-05,,5.4,44.564
1966-12-12,,5.4,44.564
1966-12-19,,5.4,44.564
1966-12-26,,5.4,44.564
1967-01-02,,4.94,44.0
1967-01-09,,4.94,44.0
1967-01-16,,4.94,44.0
1967-01-23,,4.94,44.0
1967-01-30,,4.94,44.0
1967-02-06,,5.0,43.516
1967-02-13,,5.0,43.516
1967-02-20,,5.0,43.516
1967-02-27,,5.0,43.516
1967-03-06,,4.53,43.673
1967-03-13,,4.53,43.673
1967-03-20,,4.53,43.673
1967-03-27,,4.53,43.673
1967-04-03,,4.05,43.805
1967-04-10,,4.05,43.805
1967-04-17,,4.05,43.805
1967-04-24,,4.05,43.805
1967-05-01,,3.94,44.059
1967-05-08,,3.94,44.059
1967-05-15,,3.94,44.059
1967-05-22,,3.94,44.059
1967-05-29,,3.94,44.059
1967-06-05,,3.98,44.558
1967-06-12,,3.98,44.558
1967-06-19,,3.98,44.558
1967-06-26,,3.98,44.558
1967-07-03,,3.79,44.992
1967-07-10,,3.79,44.992
1967-07-17,,3.79,44.992
1967-07-24,,3.79,44.992
1967-07-31,,3.79,44.992
1967-08-07,,3.9,45.014
1967-08-14,,3.9,45.014
1967-08-21,,3.9,45.014
1967-08-28,,3.9,45.014
1967-09-04,,3.99,45.189
1967-09-11,,3.99,45.189
1967-09-18,,3.99,45.189
1967-09-25,,3.99,45.189
1967-10-02,,3.88,45.383
1967-10-09,,3.88,45.383
1967-10-16,,3.88,45.383
1967-10-23,,3.88,45.383
1967-10-30,,3.88,45.383
1967-11-06,,4.13,45.934
1967-11-13,,4.13,45.934
1967-11-20,,4.13,45.934
1967-11-27,,4.13,45.934
1967-12-04,,4.51,46.976
1967-12-11,,4.51,46.976
1967-12-18,,4.51,46.976
1967-12-25,,4.51,46.976
1968-01-01,,4.61,46.434
1968-01-08,,4.61,46.434
1968-01-15,,4.61,46.434
1968-01-22,,4.61,46.434
1968-01-29,,4.61,46.434
1968-02-05,,4.71,45.853
1968-02-12,,4.71,45.853
1968-02-19,,4.71,45.853
1968-02-26,,4.71,45.853
1968-03-04,,5.05,46.12
1968-03-11,,5.05,46.12
1968-03-18,,5.05,46.12
1968-03-25,,5.05,46.12
1968-04-01,,5.76,46.632
1968-04-08,,5.76,46.632
1968-04-15,,5.76,46.632
1968-04-22,,5.76,46.632
1968-04-29,,5.76,46.632
1968-05-06,,6.12,46.854
1968-05-13,,6.12,46.854
1968-05-20,,6.12,46.854
1968-05-27,,6.12,46.854
1968-06-03,,6.07,47.481
1968-06-10,,6.07,47.481
1968-06-17,,6.07,47.481
1968-06-24,,6.07,47.481
1968-07-01,,6.03,48.078
1968-07-08,,6.03,48.078
1968-07-15,,6.03,48.078
1968-07-22,,6.03,48.078
1968-07-29,,6.03,48.078
1968-08-05,,6.03,48.18
1968-08-12,,6.03,48.18
1968-08-19,,6.03,48.18
1968-08-26,,6.03,48.18
1968-09-02,,5.78,48.474
1968-09-09,,5.78,48.474
1968-09-16,,5.78,48.474
1968-09-23,,5.78,48.474
1968-09-30,,5.78,48.474
1968-10-07,,5.91,48.632
1968-10-14,,5.91,48.632
1968-10-21,,5.91,48.632
1968-10-28,,5.91,48.632
1968-11-04,,5.82,49.398
1968-11-11,,5.82,49.398
1968-11-18,,5.82,49.398
1968-11-25,,5.82,49.398
1968-12-02,,6.02,50.613
1968-12-09,,6.02,50.613
1968-12-16,,6.02,50.613
1968-12-23,,6.02,50.613
1968-12-30,,6.02,50.613
1969-01-06,,6.3,49.784
1969-01-13,,6.3,49.784
1969-01-20,,6.3,49.784
1969-01-27,,6.3,49.784
1969-02-03,,6.61,49.229
1969-02-10,,6.61,49.229
1969-02-17,,6.61,49.229
1969-02-24,,6.61,49.229
1969-03-03,,6.79,49.436
1969-03-10,,6.79,49.436
1969-03-17,,6.79,49.436
1969-03-24,,6.79,49.436
1969-03-31,,6.79,49.436
1969-04-07,,7.41,49.703
1969-04-14,,7.41,49.703
1969-04-21,,7.41,49.703
1969-04-28,,7.41,49.703
1969-05-05,,8.67,49.947
1969-05-12,,8.67,49.947
1969-05-19,,8.67,49.947
1969-05-26,,8.67,49.947
1969-06-02,,8.9,50.693
1969-06-09,,8.9,50.693
1969-06-16,,8.9,50.693
1969-06-23,,8.9,50.693
1969-06-30,,8.9,50.693
1969-07-07,,8.61,51.256
1969-07-14,,8.61,51.256
1969-07-21,,8.61,51.256
1969-07-28,,8.61,51.256
1969-08-04,,9.19,51.326
1969-08-11,,9.19,51.326
1969-08-18,,9.19,51.326
1969-08-25,,9.19,51.326
1969-09-01,,9.15,51.437
1969-09-08,,9.15,51.437
1969-09-15,,9.15,51.437
1969-09-22,,9.15,51.437
1969-09-29,,9.15,51.437
1969-10-06,,9.0,51.682
1969-10-13,,9.0,51.682
1969-10-20,,9.0,51.682
1969-10-27,,9.0,51.682
1969-11-03,,8.85,52.469
1969-11-10,,8.85,52.469
1969-11-17,,8.85,52.469
1969-11-24,,8.85,52.469
1969-12-01,,8.97,53.591
1969-12-08,,8.97,53.591
1969-12-15,,8.97,53.591
1969-12-22,,8.97,53.591
1969-12-29,,8.97,53.591
1970-01-05,,8.98,52.737
1970-01-12,,8.98,52.737
1970-01-19,,8.98,52.737
1970-01-26,,8.98,52.737
1970-02-02,,8.98,52.112
1970-02-09,,8.98,52.112
1970-02-16,,8.98,52.112
1970-02-23,,8.98,52.112
1970-03-02,,7.76,52.411
1970-03-09,,7.76,52.411
1970-03-16,,7.76,52.411
1970-03-23,,7.76,52.411
1970-03-30,,7.76,52.411
1970-04-06,,8.1,52.867
1970-04-13,,8.1,52.867
1970-04-20,,8.1,52.867
1970-04-27,,8.1,52.867
1970-05-04,,7.95,53.49
1970-05-11,,7.95,53.49
1970-05-18,,7.95,53.49
1970-05-25,,7.95,53.49
1970-06-01,,7.61,54.124
1970-06-08,,7.61,54.124
1970-06-15,,7.61,54.124
1970-06-22,,7.61,54.124
1970-06-29,,7.61,54.124
1970-07-06,,7.21,54.699
1970-07-13,,7.21,54.699
1970-07-20,,7.21,54.699
1970-07-27,,7.21,54.699
1970-08-03,,6.62,54.766
1970-08-10,,6.62,54.766
1970-08-17,,6.62,54.766
1970-08-24,,6.62,54.766
1970-08-31,,6.62,54.766
1970-09-07,,6.29,54.931
1970-09-14,,6.29,54.931
1970-09-21,,6.29,54.931
1970-09-28,,6.29,54.931
1970-10-05,,6.2,55.063
1970-10-12,,6.2,55.063
1970-10-19,,6.2,55.063
1970-10-26,,6.2,55.063
1970-11-02,,5.6,55.865
1970-11-09,,5.6,55.865
1970-11-16,,5.6,55.865
1970-11-23,,5.6,55.865
1970-11-30,,5.6,55.865
1970-12-07,,4.9,57.012
1970-12-14,,4.9,57.012
1970-12-21,,4.9,57.012
1970-12-28,,4.9,57.012
1971-01-04,1.8,4.14,56.192
1971-01-11,1.8,4.14,56.192
1971-01-18,1.8,4.14,56.192
1971-01-25,1.8,4.14,56.192
1971-02-01,2.0,3.72,55.754
1971-02-08,2.0,3.72,55.754
1971-02-15,2.0,3.72,55.754
1971-02-22,2.0,3.72,55.754
1971-03-01,1.9,3.71,56.123
1971-03-08,1.9,3.71,56.123
1971-03-15,1.9,3.71,56.123
1971-03-22,1.9,3.71,56.123
1971-03-29,1.9,3.71,56.123
1971-04-05,2.2,4.16,56.716
1971-04-12,2.2,4.16,56.716
1971-04-19,2.2,4.16,56.716
1971-04-26,2.2,4.16,56.716
1971-05-03,2.5,4.63,57.157
1971-05-10,2.5,4.63,57.157
1971-05-17,2.5,4.63,57.157
1971-05-24,2.5,4.63,57.157
1971-05-31,2.5,4.63,57.157
1971-06-07,2.7,4.91,57.967
1971-06-14,2.7,4.91,57.967
1971-06-21,2.7,4.91,57.967
1971-06-28,2.7,4.91,57.967
1971-07-05,2.6,5.31,58.846
1971-07-12,2.6,5.31,58.846
1971-07-19,2.6,5.31,58.846
1971-07-26,2.6,5.31,58.846
1971-08-02,2.8,5.57,58.906
1971-08-09,2.8,5.57,58.906
1971-08-16,2.8,5.57,58.906
1971-08-23,2.8,5.57,58.906
1971-08-30,2.8,5.57,58.906
1971-09-06,2.8,5.55,59.011
1971-09-13,2.8,5.55,59.011
1971-09-20,2.8,5.55,59.011
1971-09-27,2.8,5.55,59.011
1971-10-04,2.9,5.2,59.185
1971-10-11,2.9,5.2,59.185
1971-10-18,2.9,5.2,59.185
1971-10-25,2.9,5.2,59.185
1971-11-01,2.9,4.91,59.946
1971-11-08,2.9,4.91,59.946
1971-11-15,2.9,4.91,59.946
1971-11-22,2.9,4.91,59.946
1971-11-29,2.9,4.91,59.946
1971-12-06,2.8,4.14,61.059
1971-12-13,2.8,4.14,61.059
1971-12-20,2.8,4.14,61.059
1971-12-27,2.8,4.14,61.059
1972-01-03,2.5,3.51,60.224
1972-01-10,2.5,3.51,60.224
1972-01-17,2.5,3.51,60.224
1972-01-24,2.5,3.51,60.224
1972-01-31,2.5,3.51,60.224
1972-02-07,2.5,3.3,59.69
1972-02-14,2.5,3.3,59.69
1972-02-21,2.5,3.3,59.69
1972-02-28,2.5,3.3,59.69
1972-03-06,2.6,3.83,60.136
1972-03-13,2.6,3.83,60.136
1972-03-20,2.6,3.83,60.136
1972-03-27,2.6,3.83,60.136
1972-04-03,2.5,4.17,60.722
1972-04-10,2.5,4.17,60.722
1972-04-17,2.5,4.17,60.722
1972-04-24,2.5,4.17,60.722
1972-05-01,2.4,4.27,61.177
1972-05-08,2.4,4.27,61.177
1972-05-15,2.4,4.27,61.177
1972-05-22,2.4,4.27,61.177
1972-05-29,2.4,4.27,61.177
1972-06-05,2.3,4.46,61.877
1972-06-12,2.3,4.46,61.877
1972-06-19,2.3,4.46,61.877
1972-06-26,2.3,4.46,61.877
1972-07-03,2.4,4.55,62.671
1972-07-10,2.4,4.55,62.671
1972-07-17,2.4,4.55,62.671
1972-07-24,2.4,4.55,62.671
1972-07-31,2.4,4.55,62.671
1972-08-07,2.4,4.81,62.72
1972-08-14,2.4,4.81,62.72
1972-08-21,2.4,4.81,62.72
1972-08-28,2.4,4.81,62.72
1972-09-04,2.5,4.87,62.914
1972-09-11,2.5,4.87,62.914
1972-09-18,2.5,4.87,62.914
1972-09-25,2.5,4.87,62.914
1972-10-02,2.7,5.05,63.378
1972-10-09,2.7,5.05,63.378
1972-10-16,2.7,5.05,63.378
1972-10-23,2.7,5.05,63.378
1972-10-30,2.7,5.05,63.378
1972-11-06,2.7,5.06,64.534
1972-11-13,2.7,5.06,64.534
1972-11-20,2.7,5.06,64.534
1972-11-27,2.7,5.06,64.534
1972-12-04,3.0,5.33,66.067
1972-12-11,3.0,5.33,66.067
1972-12-18,3.0,5.33,66.067
1972-12-25,3.0,5.33,66.067
1973-01-01,3.3,5.94,65.289
1973-01-08,3.3,5.94,65.289
1973-01-15,3.3,5.94,65.289
1973-01-22,3.3,5.94,65.289
1973-01-29,3.3,5.94,65.289
1973-02-05,3.4,6.58,64.57
1973-02-12,3.4,6.58,64.57
1973-02-19,3.4,6.58,64.57
1973-02-26,3.4,6.58,64.57
1973-03-05,3.5,7.09,65.067
1973-03-12,3.5,7.09,65.067
1973-03-19,3.5,7.09,65.067
1973-03-26,3.5,7.09,65.067
1973-04-02,3.9,7.12,66.063
1973-04-09,3.9,7.12,66.063
1973-04-16,3.9,7.12,66.063
1973-04-23,3.9,7.12,66.063
1973-04-30,3.9,7.12,66.063
1973-05-07,4.4,7.84,66.721
1973-05-14,4.4,7.84,66.721
1973-05-21,4.4,7.84,66.721
1973-05-28,4.4,7.84,66.721
1973-06-04,4.6,8.49,67.606
1973-06-11,4.6,8.49,67.606
1973-06-18,4.6,8.49,67.606
1973-06-25,4.6,8.49,67.606
1973-07-02,4.7,10.4,68.382
1973-07-09,4.7,10.4,68.382
1973-07-16,4.7,10.4,68.382
1973-07-23,4.7,10.4,68.382
1973-07-30,4.7,10.4,68.382
1973-08-06,4.9,10.5,68.408
1973-08-13,4.9,10.5,68.408
1973-08-20,4.9,10.5,68.408
1973-08-27,4.9,10.5,68.408
1973-09-03,5.3,10.78,68.61
1973-09-10,5.3,10.78,68.61
1973-09-17,5.3,10.78,68.61
1973-09-24,5.3,10.78,68.61
1973-10-01,5.8,10.01,68.93
1973-10-08,5.8,10.01,68.93
1973-10-15,5.8,10.01,68.93
1973-10-22,5.8,10.01,68.93
1973-10-29,5.8,10.01,68.93
1973-11-05,6.1,10.03,69.95
1973-11-12,6.1,10.03,69.95
1973-11-19,6.1,10.03,69.95
1973-11-26,6.1,10.03,69.95
1973-12-03,6.6,9.95,71.677
1973-12-10,6.6,9.95,71.677
1973-12-17,6.6,9.95,71.677
1973-12-24,6.6,9.95,71.677
1973-12-31,6.6,9.95,71.677
1974-01-07,7.0,9.65,70.987
1974-01-14,7.0,9.65,70.987
1974-01-21,7.0,9.65,70.987
1974-01-28,7.0,9.65,70.987
1974-02-04,7.7,8.97,70.426
1974-02-11,7.7,8.97,70.426
1974-02-18,7.7,8.97,70.426
1974-02-25,7.7,8.97,70.426
1974-03-04,8.3,9.35,71.11
1974-03-11,8.3,9.35,71.11
1974-03-18,8.3,9.35,71.11
1974-03-25,8.3,9.35,71.11
1974-04-01,8.4,10.51,72.205
1974-04-08,8.4,10.51,72.205
1974-04-15,8.4,10.51,72.205
1974-04-22,8.4,10.51,72.205
1974-04-29,8.4,10.51,72.205
1974-05-06,8.7,11.31,72.896
1974-05-13,8.7,11.31,72.896
1974-05-20,8.7,11.31,72.896
1974-05-27,8.7,11.31,72.896
1974-06-03,8.9,11.93,73.775
1974-06-10,8.9,11.93,73.775
1974-06-17,8.9,11.93,73.775
1974-06-24,8.9,11.93,73.775
1974-07-01,9.4,12.92,74.597
1974-07-08,9.4,12.92,74.597
1974-07-15,9.4,12.92,74.597
1974-07-22,9.4,12.92,74.597
1974-07-29,9.4,12.92,74.597
1974-08-05,9.6,12.01,74.76
1974-08-12,9.6,12.01,74.76
1974-08-19,9.6,12.01,74.76
1974-08-26,9.6,12.01,74.76
1974-09-02,9.8,11.34,75.14
1974-09-09,9.8,11.34,75.14
1974-09-16,9.8,11.34,75.14
1974-09-23,9.8,11.34,75.14
1974-09-30,9.8,11.34,75.14
1974-10-07,10.0,10.06,75.698
1974-10-14,10.0,10.06,75.698
1974-10-21,10.0,10.06,75.698
1974-10-28,10.0,10.06,75.698
1974-11-04,10.4,9.45,77.076
1974-11-11,10.4,9.45,77.076
1974-11-18,10.4,9.45,77.076
1974-11-25,10.4,9.45,77.076
1974-12-02,9.9,8.53,78.971
1974-12-09,9.9,8.53,78.971
1974-12-16,9.9,8.53,78.971
1974-12-23,9.9,8.53,78.971
1974-12-30,9.9,8.53,78.971
1975-01-06,9.9,7.13,77.831
1975-01-13,9.9,7.13,77.831
1975-01-20,9.9,7.13,77.831
1975-01-27,9.9,7.13,77.831
1975-02-03,9.3,6.24,77.043
1975-02-10,9.3,6.24,77.043
1975-02-17,9.3,6.24,77.043
1975-02-24,9.3,6.24,77.043
1975-03-03,9.1,5.54,77.803
1975-03-10,9.1,5.54,77.803
1975-03-17,9.1,5.54,77.803
1975-03-24,9.1,5.54,77.803
1975-03-31,9.1,5.54,77.803
1975-04-07,8.9,5.49,78.533
1975-04-14,8.9,5.49,78.533
1975-04-21,8.9,5.49,78.533
1975-04-28,8.9,5.49,78.533
1975-05-05,8.8,5.22,79.241
1975-05-12,8.8,5.22,79.241
1975-05-19,8.8,5.22,79.241
1975-05-26,8.8,5.22,79.241
1975-06-02,8.6,5.55,80.743
1975-06-09,8.6,5.55,80.743
1975-06-16,8.6,5.55,80.743
1975-06-23,8.6,5.55,80.743
1975-06-30,8.6,5.55,80.743
1975-07-07,8.3,6.1,81.87
1975-07-14,8.3,6.1,81.87
1975-07-21,8.3,6.1,81.87
1975-07-28,8.3,6.1,81.87
1975-08-04,7.9,6.14,81.919
1975-08-11,7.9,6.14,81.919
1975-08-18,7.9,6.14,81.919
1975-08-25,7.9,6.14,81.919
1975-09-01,7.6,6.24,82.003
1975-09-08,7.6,6.24,82.003
1975-09-15,7.6,6.24,82.003
1975-09-22,7.6,6.24,82.003
1975-09-29,7.6,6.24,82.003
1975-10-06,6.8,5.82,82.358
1975-10-13,6.8,5.82,82.358
1975-10-20,6.8,5.82,82.358
1975-10-27,6.8,5.82,82.358
1975-11-03,6.3,5.22,83.867
1975-11-10,6.3,5.22,83.867
1975-11-17,6.3,5.22,83.867
1975-11-24,6.3,5.22,83.867
1975-12-01,6.4,5.2,85.93
1975-12-08,6.4,5.2,85.93
1975-12-15,6.4,5.2,85.93
1975-12-22,6.4,5.2,85.93
1975-12-29,6.4,5.2,85.93
1976-01-05,6.9,4.87,84.744
1976-01-12,6.9,4.87,84.744
1976-01-19,6.9,4.87,84.744
1976-01-26,6.9,4.87,84.744
1976-02-02,6.8,4.77,84.038
1976-02-09,6.8,4.77,84.038
1976-02-16,6.8,4.77,84.038
1976-02-23,6.8,4.77,84.038
1976-03-01,6.6,4.84,84.983
1976-03-08,6.6,4.84,84.983
1976-03-15,6.6,4.84,84.983
1976-03-22,6.6,4.84,84.983
1976-03-29,6.6,4.84,84.983
1976-04-05,6.2,4.82,86.523
1976-04-12,6.2,4.82,86.523
1976-04-19,6.2,4.82,86.523
1976-04-26,6.2,4.82,86.523
1976-05-03,5.6,5.29,87.327
1976-05-10,5.6,5.29,87.327
1976-05-17,5.6,5.29,87.327
1976-05-24,5.6,5.29,87.327
1976-05-31,5.6,5.29,87.327
1976-06-07,5.7,5.48,88.478
1976-06-14,5.7,5.48,88.478
1976-06-21,5.7,5.48,88.478
1976-06-28,5.7,5.48,88.478
1976-07-05,5.8,5.31,89.317
1976-07-12,5.8,5.31,89.317
1976-07-19,5.8,5.31,89.317
1976-07-26,5.8,5.31,89.317
1976-08-02,6.0,5.29,89.471
1976-08-09,6.0,5.29,89.471
1976-08-16,6.0,5.29,89.471
1976-08-23,6.0,5.29,89.471
1976-08-30,6.0,5.29,89.471
1976-09-06,5.8,5.25,89.799
1976-09-13,5.8,5.25,89.799
1976-09-20,5.8,5.25,89.799
1976-09-27,5.8,5.25,89.799
1976-10-04,6.3,5.02,90.223
1976-10-11,6.3,5.02,90.223
1976-10-18,6.3,5.02,90.223
1976-10-25,6.3,5.02,90.223
1976-11-01,6.3,4.95,91.853
1976-11-08,6.3,4.95,91.853
1976-11-15,6.3,4.95,91.853
1976-11-22,6.3,4.95,91.853
1976-11-29,6.3,4.95,91.853
1976-12-06,6.2,4.65,93.661
1976-12-13,6.2,4.65,93.661
1976-12-20,6.2,4.65,93.661
1976-12-27,6.2,4.65,93.661
1977-01-03,5.2,4.61,92.519
1977-01-10,5.2,4.61,92.519
1977-01-17,5.2,4.61,92.519
1977-01-24,5.2,4.61,92.519
1977-01-31,5.2,4.61,92.519
1977-02-07,5.2,4.68,91.711
1977-02-14,5.2,4.68,91.711
1977-02-21,5.2,4.68,91.711
1977-02-28,5.2,4.68,91.711
1977-03-07,5.1,4.69,92.78
1977-03-14,5.1,4.69,92.78
1977-03-21,5.1,4.69,92.78
1977-03-28,5.1,4.69,92.78
1977-04-04,5.8,4.73,94.224
1977-04-11,5.8,4.73,94.224
1977-04-18,5.8,4.73,94.224
1977-04-25,5.8,4.73,94.224
1977-05-02,6.1,5.35,94.919
1977-05-09,6.1,5.35,94.919
1977-05-16,6.1,5.35,94.919
1977-05-23,6.1,5.35,94.919
1977-05-30,6.1,5.35,94.919
1977-06-06,5.8,5.39,95.979
1977-06-13,5.8,5.39,95.979
1977-06-20,5.8,5.39,95.979
1977-06-27,5.8,5.39,95.979
1977-07-04,5.4,5.42,97.38
1977-07-11,5.4,5.42,97.38
1977-07-18,5.4,5.42,97.38
1977-07-25,5.4,5.42,97.38
1977-08-01,5.3,5.9,97.733
1977-08-08,5.3,5.9,97.733
1977-08-15,5.3,5.9,97.733
1977-08-22,5.3,5.9,97.733
1977-08-29,5.3,5.9,97.733
1977-09-05,5.0,6.14,98.125
1977-09-12,5.0,6.14,98.125
1977-09-19,5.0,6.14,98.125
1977-09-26,5.0,6.14,98.125
1977-10-03,4.6,6.47,98.822
1977-10-10,4.6,6.47,98.822
1977-10-17,4.6,6.47,98.822
1977-10-24,4.6,6.47,98.822
1977-10-31,4.6,6.47,98.822
1977-11-07,4.6,6.51,100.672
1977-11-14,4.6,6.51,100.672
1977-11-21,4.6,6.51,100.672
1977-11-28,4.6,6.51,100.672
1977-12-05,4.4,6.56,102.783
1977-12-12,4.4,6.56,102.783
1977-12-19,4.4,6.56,102.783
1977-12-26,4.4,6.56,102.783
1978-01-02,4.4,6.7,102.041
1978-01-09,4.4,6.7,102.041
1978-01-16,4.4,6.7,102.041
1978-01-23,4.4,6.7,102.041
1978-01-30,4.4,6.7,102.041
1978-02-06,4.2,6.78,101.138
1978-02-13,4.2,6.78,101.138
1978-02-20,4.2,6.78,101.138
1978-02-27,4.2,6.78,101.138
1978-03-06,4.0,6.79,101.976
1978-03-13,4.0,6.79,101.976
1978-03-20,4.0,6.79,101.976
1978-03-27,4.0,6.79,101.976
1978-04-03,3.5,6.89,103.221
1978-04-10,3.5,6.89,103.221
1978-04-17,3.5,6.89,103.221
1978-04-24,3.5,6.89,103.221
1978-05-01,3.3,7.36,104.353
1978-05-08,3.3,7.36,104.353
1978-05-15,3.3,7.36,104.353
1978-05-22,3.3,7.36,104.353
1978-05-29,3.3,7.36,104.353
1978-06-05,3.2,7.6,105.629
1978-06-12,3.2,7.6,105.629
1978-06-19,3.2,7.6,105.629
1978-06-26,3.2,7.6,105.629
1978-07-03,3.2,7.81,107.008
1978-07-10,3.2,7.81,107.008
1978-07-17,3.2,7.81,107.008
1978-07-24,3.2,7.81,107.008
1978-07-31,3.2,7.81,107.008
1978-08-07,3.2,8.04,107.172
1978-08-14,3.2,8.04,107.172
1978-08-21,3.2,8.04,107.172
1978-08-28,3.2,8.04,107.172
1978-09-04,3.2,8.45,107.999
1978-09-11,3.2,8.45,107.999
1978-09-18,3.2,8.45,107.999
1978-09-25,3.2,8.45,107.999
1978-10-02,3.3,8.96,108.854
1978-10-09,3.3,8.96,108.854
1978-10-16,3.3,8.96,108.854
1978-10-23,3.3,8.96,108.854
1978-10-30,3.3,8.96,108.854
1978-11-06,3.2,9.76,110.903
1978-11-13,3.2,9.76,110.903
1978-11-20,3.2,9.76,110.903
1978-11-27,3.2,9.76,110.903
1978-12-04,3.2,10.03,113.374
1978-12-11,3.2,10.03,113.374
1978-12-18,3.2,10.03,113.374
1978-12-25,3.2,10.03,113.374
1979-01-01,3.1,10.07,112.335
1979-01-08,3.1,10.07,112.335
1979-01-15,3.1,10.07,112.335
1979-01-22,3.1,10.07,112.335
1979-01-29,3.1,10.07,112.335
1979-02-05,3.1,10.06,110.979
1979-02-12,3.1,10.06,110.979
1979-02-19,3.1,10.06,110.979
1979-02-26,3.1,10.06,110.979
1979-03-05,3.2,10.09,111.818
1979-03-12,3.2,10.09,111.818
1979-03-19,3.2,10.09,111.818
1979-03-26,3.2,10.09,111.818
1979-04-02,3.3,10.01,113.431
1979-04-09,3.3,10.01,113.431
1979-04-16,3.3,10.01,113.431
1979-04-23,3.3,10.01,113.431
1979-04-30,3.3,10.01,113.431
1979-05-07,3.4,10.24,114.332
1979-05-14,3.4,10.24,114.332
1979-05-21,3.4,10.24,114.332
1979-05-28,3.4,10.24,114.332
1979-06-04,3.5,10.29,115.894
1979-06-11,3.5,10.29,115.894
1979-06-18,3.5,10.29,115.894
1979-06-25,3.5,10.29,115.894
1979-07-02,3.9,10.47,117.81
1979-07-09,3.9,10.47,117.81
1979-07-16,3.9,10.47,117.81
1979-07-23,3.9,10.47,117.81
1979-07-30,3.9,10.47,117.81
1979-08-06,4.1,10.94,118.377
1979-08-13,4.1,10.94,118.377
1979-08-20,4.1,10.94,118.377
1979-08-27,4.1,10.94,118.377
1979-09-03,4.6,11.43,119.236
1979-09-10,4.6,11.43,119.236
1979-09-17,4.6,11.43,119.236
1979-09-24,4.6,11.43,119.236
1979-10-01,4.8,13.77,119.971
1979-10-08,4.8,13.77,119.971
1979-10-15,4.8,13.77,119.971
1979-10-22,4.8,13.77,119.971
1979-10-29,4.8,13.77,119.971
1979-11-05,5.1,13.18,121.541
1979-11-12,5.1,13.18,121.541
1979-11-19,5.1,13.18,121.541
1979-11-26,5.1,13.18,121.541
1979-12-03,5.5,13.78,123.98
1979-12-10,5.5,13.78,123.98
1979-12-17,5.5,13.78,123.98
1979-12-24,5.5,13.78,123.98
1979-12-31,5.5,13.78,123.98
1980-01-07,5.9,13.82,123.088
1980-01-14,5.9,13.82,123.088
1980-01-21,5.9,13.82,123.088
1980-01-28,5.9,13.82,123.088
1980-02-04,6.4,14.13,121.753
1980-02-11,6.4,14.13,121.753
1980-02-18,6.4,14.13,121.753
1980-02-25,6.4,14.13,121.753
1980-03-03,6.6,17.19,122.61
1980-03-10,6.6,17.19,122.61
1980-03-17,6.6,17.19,122.61
1980-03-24,6.6,17.19,122.61
1980-03-31,6.6,17.19,122.61
1980-04-07,7.1,17.61,123.891
1980-04-14,7.1,17.61,123.891
1980-04-21,7.1,17.61,123.891
1980-04-28,7.1,17.61,123.891
1980-05-05,7.2,10.98,124.915
1980-05-12,7.2,10.98,124.915
1980-05-19,7.2,10.98,124.915
1980-05-26,7.2,10.98,124.915
1980-06-02,7.1,9.47,126.529
1980-06-09,7.1,9.47,126.529
1980-06-16,7.1,9.47,126.529
1980-06-23,7.1,9.47,126.529
1980-06-30,7.1,9.47,126.529
1980-07-07,7.0,9.03,128.401
1980-07-14,7.0,9.03,128.401
1980-07-21,7.0,9.03,128.401
1980-07-28,7.0,9.03,128.401
1980-08-04,7.0,9.61,129.244
1980-08-11,7.0,9.61,129.244
1980-08-18,7.0,9.61,129.244
1980-08-25,7.0,9.61,129.244
1980-09-01,6.9,10.87,130.035
1980-09-08,6.9,10.87,130.035
1980-09-15,6.9,10.87,130.035
1980-09-22,6.9,10.87,130.035
1980-09-29,6.9,10.87,130.035
1980-10-06,6.8,12.81,130.894
1980-10-13,6.8,12.81,130.894
1980-10-20,6.8,12.81,130.894
1980-10-27,6.8,12.81,130.894
1980-11-03,6.8,15.85,133.085
1980-11-10,6.8,15.85,133.085
1980-11-17,6.8,15.85,133.085
1980-11-24,6.8,15.85,133.085
1980-12-01,6.8,18.9,136.067
1980-12-08,6.8,18.9,136.067
1980-12-15,6.8,18.9,136.067
1980-12-22,6.8,18.9,136.067
1980-12-29,6.8,18.9,136.067
1981-01-05,6.7,19.08,133.836
1981-01-12,6.7,19.08,133.836
1981-01-19,6.7,19.08,133.836
1981-01-26,6.7,19.08,133.836
1981-02-02,6.4,15.93,132.297
1981-02-09,6.4,15.93,132.297
1981-02-16,6.4,15.93,132.297
1981-02-23,6.4,15.93,132.297
1981-03-02,6.3,14.7,133.019
1981-03-09,6.3,14.7,133.019
1981-03-16,6.3,14.7,133.019
1981-03-23,6.3,14.7,133.019
1981-03-30,6.3,14.7,133.019
1981-04-06,6.2,15.72,135.045
1981-04-13,6.2,15.72,135.045
1981-04-20,6.2,15.72,135.045
1981-04-27,6.2,15.72,135.045
1981-05-04,6.3,18.52,136.171
1981-05-11,6.3,18.52,136.171
1981-05-18,6.3,18.52,136.171
1981-05-25,6.3,18.52,136.171
1981-06-01,6.6,19.1,137.275
1981-06-08,6.6,19.1,137.275
1981-06-15,6.6,19.1,137.275
1981-06-22,6.6,19.1,137.275
1981-06-29,6.6,19.1,137.275
1981-07-06,6.5,19.04,138.916
1981-07-13,6.5,19.04,138.916
1981-07-20,6.5,19.04,138.916
1981-07-27,6.5,19.04,138.916
1981-08-03,6.5,17.82,139.072
1981-08-10,6.5,17.82,139.072
1981-08-17,6.5,17.82,139.072
1981-08-24,6.5,17.82,139.072
1981-08-31,6.5,17.82,139.072
1981-09-07,6.5,15.87,139.163
1981-09-14,6.5,15.87,139.163
1981-09-21,6.5,15.87,139.163
1981-09-28,6.5,15.87,139.163
1981-10-05,6.5,15.08,139.169
1981-10-12,6.5,15.08,139.169
1981-10-19,6.5,15.08,139.169
1981-10-26,6.5,15.08,139.169
1981-11-02,6.4,13.31,141.235
1981-11-09,6.4,13.31,141.235
1981-11-16,6.4,13.31,141.235
1981-11-23,6.4,13.31,141.235
1981-11-30,6.4,13.31,141.235
1981-12-07,6.2,12.37,144.441
1981-12-14,6.2,12.37,144.441
1981-12-21,6.2,12.37,144.441
1981-12-28,6.2,12.37,144.441
1982-01-04,6.1,13.22,142.941
1982-01-11,6.1,13.22,142.941
1982-01-18,6.1,13.22,142.941
1982-01-25,6.1,13.22,142.941
1982-02-01,6.0,14.78,141.374
1982-02-08,6.0,14.78,141.374
1982-02-15,6.0,14.78,141.374
1982-02-22,6.0,14.78,141.374
1982-03-01,5.9,14.68,141.834
1982-03-08,5.9,14.68,141.834
1982-03-15,5.9,14.68,141.834
1982-03-22,5.9,14.68,141.834
1982-03-29,5.9,14.68,141.834
1982-04-05,5.6,14.94,143.942
1982-04-12,5.6,14.94,143.942
1982-04-19,5.6,14.94,143.942
1982-04-26,5.6,14.94,143.942
1982-05-03,5.7,14.45,145.627
1982-05-10,5.7,14.45,145.627
1982-05-17,5.7,14.45,145.627
1982-05-24,5.7,14.45,145.627
1982-05-31,5.7,14.45,145.627
1982-06-07,5.6,14.15,147.484
1982-06-14,5.6,14.15,147.484
1982-06-21,5.6,14.15,147.484
1982-06-28,5.6,14.15,147.484
1982-07-05,5.5,12.59,148.853
1982-07-12,5.5,12.59,148.853
1982-07-19,5.5,12.59,148.853
1982-07-26,5.5,12.59,148.853
1982-08-02,5.3,10.12,149.27
1982-08-09,5.3,10.12,149.27
1982-08-16,5.3,10.12,149.27
1982-08-23,5.3,10.12,149.27
1982-08-30,5.3,10.12,149.27
1982-09-06,5.0,10.31,149.728
1982-09-13,5.0,10.31,149.728
1982-09-20,5.0,10.31,149.728
1982-09-27,5.0,10.31,149.728
1982-10-04,4.9,9.71,150.325
1982-10-11,4.9,9.71,150.325
1982-10-18,4.9,9.71,150.325
1982-10-25,4.9,9.71,150.325
1982-11-01,4.7,9.2,152.489
1982-11-08,4.7,9.2,152.489
1982-11-15,4.7,9.2,152.489
1982-11-22,4.7,9.2,152.489
1982-11-29,4.7,9.2,152.489
1982-12-06,4.6,8.95,155.506
1982-12-13,4.6,8.95,155.506
1982-12-20,4.6,8.95,155.506
1982-12-27,4.6,8.95,155.506
1983-01-03,4.3,8.68,153.954
1983-01-10,4.3,8.68,153.954
1983-01-17,4.3,8.68,153.954
1983-01-24,4.3,8.68,153.954
1983-01-31,4.3,8.68,153.954
1983-02-07,4.1,8.51,152.986
1983-02-14,4.1,8.51,152.986
1983-02-21,4.1,8.51,152.986
1983-02-28,4.1,8.51,152.986
1983-03-07,3.9,8.77,154.579
1983-03-14,3.9,8.77,154.579
1983-03-21,3.9,8.77,154.579
1983-03-28,3.9,8.77,154.579
1983-04-04,3.8,8.8,156.81
1983-04-11,3.8,8.8,156.81
1983-04-18,3.8,8.8,156.81
1983-04-25,3.8,8.8,156.81
1983-05-02,3.4,8.63,158.66
1983-05-09,3.4,8.63,158.66
1983-05-16,3.4,8.63,158.66
1983-05-23,3.4,8.63,158.66
1983-05-30,3.4,8.63,158.66
1983-06-06,3.1,8.98,160.755
1983-06-13,3.1,8.98,160.755
1983-06-20,3.1,8.98,160.755
1983-06-27,3.1,8.98,160.755
1983-07-04,3.2,9.37,162.304
1983-07-11,3.2,9.37,162.304
1983-07-18,3.2,9.37,162.304
1983-07-25,3.2,9.37,162.304
1983-08-01,3.3,9.56,162.658
1983-08-08,3.3,9.56,162.658
1983-08-15,3.3,9.56,162.658
1983-08-22,3.3,9.56,162.658
1983-08-29,3.3,9.56,162.658
1983-09-05,3.4,9.45,163.437
1983-09-12,3.4,9.45,163.437
1983-09-19,3.4,9.45,163.437
1983-09-26,3.4,9.45,163.437
1983-10-03,3.3,9.48,164.388
1983-10-10,3.3,9.48,164.388
1983-10-17,3.3,9.48,164.388
1983-10-24,3.3,9.48,164.388
1983-10-31,3.3,9.48,164.388
1983-11-07,3.4,9.34,167.183
1983-11-14,3.4,9.34,167.183
1983-11-21,3.4,9.34,167.183
1983-11-28,3.4,9.34,167.183
1983-12-05,3.4,9.47,170.195
1983-12-12,3.4,9.47,170.195
1983-12-19,3.4,9.47,170.195
1983-12-26,3.4,9.47,170.195
1984-01-02,3.4,9.56,169.89
1984-01-09,3.4,9.56,169.89
1984-01-16,3.4,9.56,169.89
1984-01-23,3.4,9.56,169.89
1984-01-30,3.4,9.56,169.89
1984-02-06,3.5,9.59,167.029
1984-02-13,3.5,9.59,167.029
1984-02-20,3.5,9.59,167.029
1984-02-27,3.5,9.59,167.029
1984-03-05,3.5,9.91,168.268
1984-03-12,3.5,9.91,168.268
1984-03-19,3.5,9.91,168.268
1984-03-26,3.5,9.91,168.268
1984-04-02,3.4,10.29,170.242
1984-04-09,3.4,10.29,170.242
1984-04-16,3.4,10.29,170.242
1984-04-23,3.4,10.29,170.242
1984-04-30,3.4,10.29,170.242
1984-05-07,3.3,10.32,172.923
1984-05-14,3.3,10.32,172.923
1984-05-21,3.3,10.32,172.923
1984-05-28,3.3,10.32,172.923
1984-06-04,3.3,11.06,174.113
1984-06-11,3.3,11.06,174.113
1984-06-18,3.3,11.06,174.113
1984-06-25,3.3,11.06,174.113
1984-07-02,2.9,11.23,176.433
1984-07-09,2.9,11.23,176.433
1984-07-16,2.9,11.23,176.433
1984-07-23,2.9,11.23,176.433
1984-07-30,2.9,11.23,176.433
1984-08-06,2.8,11.64,175.993
1984-08-13,2.8,11.64,175.993
1984-08-20,2.8,11.64,175.993
1984-08-27,2.8,11.64,175.993
1984-09-03,2.8,11.3,176.621
1984-09-10,2.8,11.3,176.621
1984-09-17,2.8,11.3,176.621
1984-09-24,2.8,11.3,176.621
1984-10-01,2.7,9.99,176.428
1984-10-08,2.7,9.99,176.428
1984-10-15,2.7,9.99,176.428
1984-10-22,2.7,9.99,176.428
1984-10-29,2.7,9.99,176.428
1984-11-05,2.6,9.43,178.636
1984-11-12,2.6,9.43,178.636
1984-11-19,2.6,9.43,178.636
1984-11-26,2.6,9.43,178.636
1984-12-03,2.5,8.38,181.191
1984-12-10,2.5,8.38,181.191
1984-12-17,2.5,8.38,181.191
1984-12-24,2.5,8.38,181.191
1984-12-31,2.5,8.38,181.191
1985-01-07,2.3,8.35,180.656
1985-01-14,2.3,8.35,180.656
1985-01-21,2.3,8.35,180.656
1985-01-28,2.3,8.35,180.656
1985-02-04,2.3,8.5,178.242
1985-02-11,2.3,8.5,178.242
1985-02-18,2.3,8.5,178.242
1985-02-25,2.3,8.5,178.242
1985-03-04,2.3,8.58,179.037
1985-03-11,2.3,8.58,179.037
1985-03-18,2.3,8.58,179.037
1985-03-25,2.3,8.58,179.037
1985-04-01,2.3,8.27,180.854
1985-04-08,2.3,8.27,180.854
1985-04-15,2.3,8.27,180.854
1985-04-22,2.3,8.27,180.854
1985-04-29,2.3,8.27,180.854
1985-05-06,2.3,7.97,182.46
1985-05-13,2.3,7.97,182.46
1985-05-20,2.3,7.97,182.46
1985-05-27,2.3,7.97,182.46
1985-06-03,2.2,7.53,185.308
1985-06-10,2.2,7.53,185.308
1985-06-17,2.2,7.53,185.308
1985-06-24,2.2,7.53,185.308
1985-07-01,2.2,7.88,187.385
1985-07-08,2.2,7.88,187.385
1985-07-15,2.2,7.88,187.385
1985-07-22,2.2,7.88,187.385
1985-07-29,2.2,7.88,187.385
1985-08-05,1.9,7.9,187.791
1985-08-12,1.9,7.9,187.791
1985-08-19,1.9,7.9,187.791
1985-08-26,1.9,7.9,187.791
1985-09-02,1.6,7.92,188.582
1985-09-09,1.6,7.92,188.582
1985-09-16,1.6,7.92,188.582
1985-09-23,1.6,7.92,188.582
1985-09-30,1.6,7.92,188.582
1985-10-07,1.5,7.99,188.788
1985-10-14,1.5,7.99,188.788
1985-10-21,1.5,7.99,188.788
1985-10-28,1.5,7.99,188.788
1985-11-04,1.4,8.05,191.118
1985-11-11,1.4,8.05,191.118
1985-11-18,1.4,8.05,191.118
1985-11-25,1.4,8.05,191.118
1985-12-02,1.4,8.27,194.754
1985-12-09,1.4,8.27,194.754
1985-12-16,1.4,8.27,194.754
1985-12-23,1.4,8.27,194.754
1985-12-30,1.4,8.27,194.754
1986-01-06,1.3,8.14,194.166
1986-01-13,1.3,8.14,194.166
1986-01-20,1.3,8.14,194.166
1986-01-27,1.3,8.14,194.166
1986-02-03,1.0,7.86,191.196
1986-02-10,1.0,7.86,191.196
1986-02-17,1.0,7.86,191.196
1986-02-24,1.0,7.86,191.196
1986-03-03,0.7,7.48,192.243
1986-03-10,0.7,7.48,192.243
1986-03-17,0.7,7.48,192.243
1986-03-24,0.7,7.48,192.243
1986-03-31,0.7,7.48,192.243
1986-04-07,0.6,6.99,194.179
1986-04-14,0.6,6.99,194.179
1986-04-21,0.6,6.99,194.179
1986-04-28,0.6,6.99,194.179
1986-05-05,0.3,6.85,196.282
1986-05-12,0.3,6.85,196.282
1986-05-19,0.3,6.85,196.282
1986-05-26,0.3,6.85,196.282
1986-06-02,0.2,6.92,198.499
1986-06-09,0.2,6.92,198.499
1986-06-16,0.2,6.92,198.499
1986-06-23,0.2,6.92,198.499
1986-06-30,0.2,6.92,198.499
1986-07-07,0.1,6.56,200.605
1986-07-14,0.1,6.56,200.605
1986-07-21,0.1,6.56,200.605
1986-07-28,0.1,6.56,200.605
1986-08-04,0.2,6.17,201.01
1986-08-11,0.2,6.17,201.01
1986-08-18,0.2,6.17,201.01
1986-08-25,0.2,6.17,201.01
1986-09-01,0.2,5.89,201.732
1986-09-08,0.2,5.89,201.732
1986-09-15,0.2,5.89,201.732
1986-09-22,0.2,5.89,201.732
1986-09-29,0.2,5.89,201.732
1986-10-06,0.0,5.85,201.926
1986-10-13,0.0,5.85,201.926
1986-10-20,0.0,5.85,201.926
1986-10-27,0.0,5.85,201.926
1986-11-03,-0.2,6.04,204.634
1986-11-10,-0.2,6.04,204.634
1986-11-17,-0.2,6.04,204.634
1986-11-24,-0.2,6.04,204.634
1986-12-01,-0.4,6.91,208.981
1986-12-08,-0.4,6.91,208.981
1986-12-15,-0.4,6.91,208.981
1986-12-22,-0.4,6.91,208.981
1986-12-29,-0.4,6.91,208.981
1987-01-05,-0.5,6.43,208.204
1987-01-12,-0.5,6.43,208.204
1987-01-19,-0.5,6.43,208.204
1987-01-26,-0.5,6.43,208.204
1987-02-02,-0.5,6.1,206.368
1987-02-09,-0.5,6.1,206.368
1987-02-16,-0.5,6.1,206.368
1987-02-23,-0.5,6.1,206.368
1987-03-02,-0.4,6.13,207.114
1987-03-09,-0.4,6.13,207.114
1987-03-16,-0.4,6.13,207.114
1987-03-23,-0.4,6.13,207.114
1987-03-30,-0.4,6.13,207.114
1987-04-06,-0.4,6.37,209.242
1987-04-13,-0.4,6.37,209.242
1987-04-20,-0.4,6.37,209.242
1987-04-27,-0.4,6.37,209.242
1987-05-04,-0.5,6.85,211.768
1987-05-11,-0.5,6.85,211.768
1987-05-18,-0.5,6.85,211.768
1987-05-25,-0.5,6.85,211.768
1987-06-01,-0.5,6.73,214.369
1987-06-08,-0.5,6.73,214.369
1987-06-15,-0.5,6.73,214.369
1987-06-22,-0.5,6.73,214.369
1987-06-29,-0.5,6.73,214.369
1987-07-06,-0.4,6.58,216.038
1987-07-13,-0.4,6.58,216.038
1987-07-20,-0.4,6.58,216.038
1987-07-27,-0.4,6.58,216.038
1987-08-03,-0.3,6.73,216.829
1987-08-10,-0.3,6.73,216.829
1987-08-17,-0.3,6.73,216.829
1987-08-24,-0.3,6.73,216.829
1987-08-31,-0.3,6.73,216.829
1987-09-07,-0.5,7.22,217.519
1987-09-14,-0.5,7.22,217.519
1987-09-21,-0.5,7.22,217.519
1987-09-28,-0.5,7.22,217.519
1987-10-05,-0.5,7.29,218.624
1987-10-12,-0.5,7.29,218.624
1987-10-19,-0.5,7.29,218.624
1987-10-26,-0.5,7.29,218.624
1987-11-02,-0.5,6.69,222.424
1987-11-09,-0.5,6.69,222.424
1987-11-16,-0.5,6.69,222.424
1987-11-23,-0.5,6.69,222.424
1987-11-30,-0.5,6.69,222.424
1987-12-07,-0.5,6.77,226.904
1987-12-14,-0.5,6.77,226.904
1987-12-21,-0.5,6.77,226.904
1987-12-28,-0.5,6.77,226.904
1988-01-04,-0.5,6.83,226.968
1988-01-11,-0.5,6.83,226.968
1988-01-18,-0.5,6.83,226.968
1988-01-25,-0.5,6.83,226.968
1988-02-01,-0.4,6.58,224.278
1988-02-08,-0.4,6.58,224.278
1988-02-15,-0.4,6.58,224.278
1988-02-22,-0.4,6.58,224.278
1988-02-29,-0.4,6.58,224.278
1988-03-07,-0.2,6.58,225.091
1988-03-14,-0.2,6.58,225.091
1988-03-21,-0.2,6.58,225.091
1988-03-28,-0.2,6.58,225.091
1988-04-04,-0.3,6.87,228.282
1988-04-11,-0.3,6.87,228.282
1988-04-18,-0.3,6.87,228.282
1988-04-25,-0.3,6.87,228.282
1988-05-02,-0.1,7.09,229.907
1988-05-09,-0.1,7.09,229.907
1988-05-16,-0.1,7.09,229.907
1988-05-23,-0.1,7.09,229.907
1988-05-30,-0.1,7.09,229.907
1988-06-06,-0.1,7.51,233.155
1988-06-13,-0.1,7.51,233.155
1988-06-20,-0.1,7.51,233.155
1988-06-27,-0.1,7.51,233.155
1988-07-04,0.1,7.75,236.066
1988-07-11,0.1,7.75,236.066
1988-07-18,0.1,7.75,236.066
1988-07-25,0.1,7.75,236.066
1988-08-01,0.1,8.01,235.802
1988-08-08,0.1,8.01,235.802
1988-08-15,0.1,8.01,235.802
1988-08-22,0.1,8.01,235.802
1988-08-29,0.1,8.01,235.802
1988-09-05,0.2,8.19,236.432
1988-09-12,0.2,8.19,236.432
1988-09-19,0.2,8.19,236.432
1988-09-26,0.2,8.19,236.432
1988-10-03,0.2,8.3,237.081
1988-10-10,0.2,8.3,237.081
1988-10-17,0.2,8.3,237.081
1988-10-24,0.2,8.3,237.081
1988-10-31,0.2,8.3,237.081
1988-11-07,0.4,8.35,239.874
1988-11-14,0.4,8.35,239.874
1988-11-21,0.4,8.35,239.874
1988-11-28,0.4,8.35,239.874
1988-12-05,0.5,8.76,244.188
1988-12-12,0.5,8.76,244.188
1988-12-19,0.5,8.76,244.188
1988-12-26,0.5,8.76,244.188
1989-01-02,0.6,9.12,244.685
1989-01-09,0.6,9.12,244.685
1989-01-16,0.6,9.12,244.685
1989-01-23,0.6,9.12,244.685
1989-01-30,0.6,9.12,244.685
1989-02-06,0.7,9.36,240.267
1989-02-13,0.7,9.36,240.267
1989-02-20,0.7,9.36,240.267
1989-02-27,0.7,9.36,240.267
1989-03-06,0.7,9.85,241.751
1989-03-13,0.7,9.85,241.751
1989-03-20,0.7,9.85,241.751
1989-03-27,0.7,9.85,241.751
1989-04-03,0.9,9.84,243.844
1989-04-10,0.9,9.84,243.844
1989-04-17,0.9,9.84,243.844
1989-04-24,0.9,9.84,243.844
1989-05-01,0.9,9.81,245.434
1989-05-08,0.9,9.81,245.434
1989-05-15,0.9,9.81,245.434
1989-05-22,0.9,9.81,245.434
1989-05-29,0.9,9.81,245.434
1989-06-05,0.9,9.53,247.811
1989-06-12,0.9,9.53,247.811
1989-06-19,0.9,9.53,247.811
1989-06-26,0.9,9.53,247.811
1989-07-03,0.9,9.24,250.029
1989-07-10,0.9,9.24,250.029
1989-07-17,0.9,9.24,250.029
1989-07-24,0.9,9.24,250.029
1989-07-31,0.9,9.24,250.029
1989-08-07,0.8,8.99,249.024
1989-08-14,0.8,8.99,249.024
1989-08-21,0.8,8.99,249.024
1989-08-28,0.8,8.99,249.024
1989-09-04,0.7,9.02,249.086
1989-09-11,0.7,9.02,249.086
1989-09-18,0.7,9.02,249.086
1989-09-25,0.7,9.02,249.086
1989-10-02,0.8,8.84,249.132
1989-10-09,0.8,8.84,249.132
1989-10-16,0.8,8.84,249.132
1989-10-23,0.8,8.84,249.132
1989-10-30,0.8,8.84,249.132
1989-11-06,0.7,8.55,251.209
1989-11-13,0.7,8.55,251.209
1989-11-20,0.7,8.55,251.209
1989-11-27,0.7,8.55,251.209
1989-12-04,0.8,8.45,256.245
1989-12-11,0.8,8.45,256.245
1989-12-18,0.8,8.45,256.245
1989-12-25,0.8,8.45,256.245
1990-01-01,0.9,8.23,257.126
1990-01-08,0.9,8.23,257.126
1990-01-15,0.9,8.23,257.126
1990-01-22,0.9,8.23,257.126
1990-01-29,0.9,8.23,257.126
1990-02-05,1.0,8.24,254.662
1990-02-12,1.0,8.24,254.662
1990-02-19,1.0,8.24,254.662
1990-02-26,1.0,8.24,254.662
1990-03-05,1.0,8.28,256.69
1990-03-12,1.0,8.28,256.69
1990-03-19,1.0,8.28,256.69
1990-03-26,1.0,8.28,256.69
1990-04-02,1.0,8.26,259.829
1990-04-09,1.0,8.26,259.829
1990-04-16,1.0,8.26,259.829
1990-04-23,1.0,8.26,259.829
1990-04-30,1.0,8.26,259.829
1990-05-07,1.1,8.18,261.938
1990-05-14,1.1,8.18,261.938
1990-05-21,1.1,8.18,261.938
1990-05-28,1.1,8.18,261.938
1990-06-04,1.0,8.29,265.64
1990-06-11,1.0,8.29,265.64
1990-06-18,1.0,8.29,265.64
1990-06-25,1.0,8.29,265.64
1990-07-02,1.1,8.15,268.948
1990-07-09,1.1,8.15,268.948
1990-07-16,1.1,8.15,268.948
1990-07-23,1.1,8.15,268.948
1990-07-30,1.1,8.15,268.948
1990-08-06,1.3,8.13,269.992
1990-08-13,1.3,8.13,269.992
1990-08-20,1.3,8.13,269.992
1990-08-27,1.3,8.13,269.992
1990-09-03,1.4,8.2,273.006
1990-09-10,1.4,8.2,273.006
1990-09-17,1.4,8.2,273.006
1990-09-24,1.4,8.2,273.006
1990-10-01,1.4,8.11,274.365
1990-10-08,1.4,8.11,274.365
1990-10-15,1.4,8.11,274.365
1990-10-22,1.4,8.11,274.365
1990-10-29,1.4,8.11,274.365
1990-11-05,1.4,7.81,278.11
1990-11-12,1.4,7.81,278.11
1990-11-19,1.4,7.81,278.11
1990-11-26,1.4,7.81,278.11
1990-12-03,1.3,7.31,282.105
1990-12-10,1.3,7.31,282.105
1990-12-17,1.3,7.31,282.105
1990-12-24,1.3,7.31,282.105
1990-12-31,1.3,7.31,282.105
1991-01-07,1.6,6.91,284.909
1991-01-14,1.6,6.91,284.909
1991-01-21,1.6,6.91,284.909
1991-01-28,1.6,6.91,284.909
1991-02-04,1.8,6.25,284.067
1991-02-11,1.8,6.25,284.067
1991-02-18,1.8,6.25,284.067
1991-02-25,1.8,6.25,284.067
1991-03-04,1.7,6.12,286.319
1991-03-11,1.7,6.12,286.319
1991-03-18,1.7,6.12,286.319
1991-03-25,1.7,6.12,286.319
1991-04-01,1.6,5.91,287.681
1991-04-08,1.6,5.91,287.681
1991-04-15,1.6,5.91,287.681
1991-04-22,1.6,5.91,287.681
1991-04-29,1.6,5.91,287.681
1991-05-06,1.6,5.78,288.256
1991-05-13,1.6,5.78,288.256
1991-05-20,1.6,5.78,288.256
1991-05-27,1.6,5.78,288.256
1991-06-03,1.5,5.9,290.785
1991-06-10,1.5,5.9,290.785
1991-06-17,1.5,5.9,290.785
1991-06-24,1.5,5.9,290.785
1991-07-01,1.6,5.82,293.328
1991-07-08,1.6,5.82,293.328
1991-07-15,1.6,5.82,293.328
1991-07-22,1.6,5.82,293.328
1991-07-29,1.6,5.82,293.328
1991-08-05,1.5,5.66,293.76
1991-08-12,1.5,5.66,293.76
1991-08-19,1.5,5.66,293.76
1991-08-26,1.5,5.66,293.76
1991-09-02,1.5,5.45,294.92
1991-09-09,1.5,5.45,294.92
1991-09-16,1.5,5.45,294.92
1991-09-23,1.5,5.45,294.92
1991-09-30,1.5,5.45,294.92
1991-10-07,1.5,5.21,295.385
1991-10-14,1.5,5.21,295.385
1991-10-21,1.5,5.21,295.385
1991-10-28,1.5,5.21,295.385
1991-11-04,1.5,4.81,298.719
1991-11-11,1.5,4.81,298.719
1991-11-18,1.5,4.81,298.719
1991-11-25,1.5,4.81,298.719
1991-12-02,1.6,4.43,303.696
1991-12-09,1.6,4.43,303.696
1991-12-16,1.6,4.43,303.696
1991-12-23,1.6,4.43,303.696
1991-12-30,1.6,4.43,303.696
1992-01-06,1.2,4.03,304.146
1992-01-13,1.2,4.03,304.146
1992-01-20,1.2,4.03,304.146
1992-01-27,1.2,4.03,304.146
1992-02-03,1.0,4.06,301.542
1992-02-10,1.0,4.06,301.542
1992-02-17,1.0,4.06,301.542
1992-02-24,1.0,4.06,301.542
1992-03-02,1.0,3.98,302.653
1992-03-09,1.0,3.98,302.653
1992-03-16,1.0,3.98,302.653
1992-03-23,1.0,3.98,302.653
1992-03-30,1.0,3.98,302.653
1992-04-06,1.0,3.73,305.007
1992-04-13,1.0,3.73,305.007
1992-04-20,1.0,3.73,305.007
1992-04-27,1.0,3.73,305.007
1992-05-04,0.9,3.82,307.8
1992-05-11,0.9,3.82,307.8
1992-05-18,0.9,3.82,307.8
1992-05-25,0.9,3.82,307.8
1992-06-01,0.8,3.76,310.16
1992-06-08,0.8,3.76,310.16
1992-06-15,0.8,3.76,310.16
1992-06-22,0.8,3.76,310.16
1992-06-29,0.8,3.76,310.16
1992-07-06,0.7,3.25,313.067
1992-07-13,0.7,3.25,313.067
1992-07-20,0.7,3.25,313.067
1992-07-27,0.7,3.25,313.067
1992-08-03,0.7,3.3,315.648
1992-08-10,0.7,3.3,315.648
1992-08-17,0.7,3.3,315.648
1992-08-24,0.7,3.3,315.648
1992-08-31,0.7,3.3,315.648
1992-09-07,0.6,3.22,318.242
1992-09-14,0.6,3.22,318.242
1992-09-21,0.6,3.22,318.242
1992-09-28,0.6,3.22,318.242
1992-10-05,0.4,3.1,320.192
1992-10-12,0.4,3.1,320.192
1992-10-19,0.4,3.1,320.192
1992-10-26,0.4,3.1,320.192
1992-11-02,0.3,3.09,323.607
1992-11-09,0.3,3.09,323.607
1992-11-16,0.3,3.09,323.607
1992-11-23,0.3,3.09,323.607
1992-11-30,0.3,3.09,323.607
1992-12-07,0.2,2.92,329.93
1992-12-14,0.2,2.92,329.93
1992-12-21,0.2,2.92,329.93
1992-12-28,0.2,2.92,329.93
1993-01-04,0.5,3.02,331.004
1993-01-11,0.5,3.02,331.004
1993-01-18,0.5,3.02,331.004
1993-01-25,0.5,3.02,331.004
1993-02-01,0.5,3.03,329.032
1993-02-08,0.5,3.03,329.032
1993-02-15,0.5,3.03,329.032
1993-02-22,0.5,3.03,329.032
1993-03-01,0.4,3.07,331.423
1993-03-08,0.4,3.07,331.423
1993-03-15,0.4,3.07,331.423
1993-03-22,0.4,3.07,331.423
1993-03-29,0.4,3.07,331.423
1993-04-05,0.4,2.96,335.24
1993-04-12,0.4,2.96,335.24
1993-04-19,0.4,2.96,335.24
1993-04-26,0.4,2.96,335.24
1993-05-03,0.2,3.0,337.874
1993-05-10,0.2,3.0,337.874
1993-05-17,0.2,3.0,337.874
1993-05-24,0.2,3.0,337.874
1993-05-31,0.2,3.0,337.874
1993-06-07,0.1,3.04,342.488
1993-06-14,0.1,3.04,342.488
1993-06-21,0.1,3.04,342.488
1993-06-28,0.1,3.04,342.488
1993-07-05,0.1,3.06,346.518
1993-07-12,0.1,3.06,346.518
1993-07-19,0.1,3.06,346.518
1993-07-26,0.1,3.06,346.518
1993-08-02,0.2,3.03,347.99
1993-08-09,0.2,3.03,347.99
1993-08-16,0.2,3.03,347.99
1993-08-23,0.2,3.03,347.99
1993-08-30,0.2,3.03,347.99
1993-09-06,0.0,3.09,350.609
1993-09-13,0.0,3.09,350.609
1993-09-20,0.0,3.09,350.609
1993-09-27,0.0,3.09,350.609
1993-10-04,-0.1,2.99,353.161
1993-10-11,-0.1,2.99,353.161
1993-10-18,-0.1,2.99,353.161
1993-10-25,-0.1,2.99,353.161
1993-11-01,-0.3,3.02,355.65
1993-11-08,-0.3,3.02,355.65
1993-11-15,-0.3,3.02,355.65
1993-11-22,-0.3,3.02,355.65
1993-11-29,-0.3,3.02,355.65
1993-12-06,-0.3,2.96,361.769
1993-12-13,-0.3,2.96,361.769
1993-12-20,-0.3,2.96,361.769
1993-12-27,-0.3,2.96,361.769
1994-01-03,-0.9,3.05,363.472
1994-01-10,-0.9,3.05,363.472
1994-01-17,-0.9,3.05,363.472
1994-01-24,-0.9,3.05,363.472
1994-01-31,-0.9,3.05,363.472
1994-02-07,-1.1,3.25,363.041
1994-02-14,-1.1,3.25,363.041
1994-02-21,-1.1,3.25,363.041
1994-02-28,-1.1,3.25,363.041
1994-03-07,-1.2,3.34,366.398
1994-03-14,-1.2,3.34,366.398
1994-03-21,-1.2,3.34,366.398
1994-03-28,-1.2,3.34,366.398
1994-04-04,-1.4,3.56,370.681
1994-04-11,-1.4,3.56,370.681
1994-04-18,-1.4,3.56,370.681
1994-04-25,-1.4,3.56,370.681
1994-05-02,-1.6,4.01,373.253
1994-05-09,-1.6,4.01,373.253
1994-05-16,-1.6,4.01,373.253
1994-05-23,-1.6,4.01,373.253
1994-05-30,-1.6,4.01,373.253
1994-06-06,-1.5,4.25,378.375
1994-06-13,-1.5,4.25,378.375
1994-06-20,-1.5,4.25,378.375
1994-06-27,-1.5,4.25,378.375
1994-07-04,-1.6,4.26,383.478
1994-07-11,-1.6,4.26,383.478
1994-07-18,-1.6,4.26,383.478
1994-07-25,-1.6,4.26,383.478
1994-08-01,-1.6,4.47,384.194
1994-08-08,-1.6,4.47,384.194
1994-08-15,-1.6,4.47,384.194
1994-08-22,-1.6,4.47,384.194
1994-08-29,-1.6,4.47,384.194
1994-09-05,-1.6,4.73,386.5
1994-09-12,-1.6,4.73,386.5
1994-09-19,-1.6,4.73,386.5
1994-09-26,-1.6,4.73,386.5
1994-10-03,-1.7,4.76,388.615
1994-10-10,-1.7,4.76,388.615
1994-10-17,-1.7,4.76,388.615
1994-10-24,-1.7,4.76,388.615
1994-10-31,-1.7,4.76,388.615
1994-11-07,-1.7,5.29,393.215
1994-11-14,-1.7,5.29,393.215
1994-11-21,-1.7,5.29,393.215
1994-11-28,-1.7,5.29,393.215
1994-12-05,-1.6,5.45,398.322
1994-12-12,-1.6,5.45,398.322
1994-12-19,-1.6,5.45,398.322
1994-12-26,-1.6,5.45,398.322
1995-01-02,-1.6,5.53,400.687
1995-01-09,-1.6,5.53,400.687
1995-01-16,-1.6,5.53,400.687
1995-01-23,-1.6,5.53,400.687
1995-01-30,-1.6,5.53,400.687
1995-02-06,-1.5,5.92,396.37
1995-02-13,-1.5,5.92,396.37
1995-02-20,-1.5,5.92,396.37
1995-02-27,-1.5,5.92,396.37
1995-03-06,-1.4,5.98,399.817
1995-03-13,-1.4,5.98,399.817
1995-03-20,-1.4,5.98,399.817
1995-03-27,-1.4,5.98,399.817
1995-04-03,-1.4,6.05,404.773
1995-04-10,-1.4,6.05,404.773
1995-04-17,-1.4,6.05,404.773
1995-04-24,-1.4,6.05,404.773
1995-05-01,-1.4,6.01,408.007
1995-05-08,-1.4,6.01,408.007
1995-05-15,-1.4,6.01,408.007
1995-05-22,-1.4,6.01,408.007
1995-05-29,-1.4,6.01,408.007
1995-06-05,-1.4,6.0,409.062
1995-06-12,-1.4,6.0,409.062
1995-06-19,-1.4,6.0,409.062
1995-06-26,-1.4,6.0,409.062
1995-07-03,-1.5,5.85,411.218
1995-07-10,-1.5,5.85,411.218
1995-07-17,-1.5,5.85,411.218
1995-07-24,-1.5,5.85,411.218
1995-07-31,-1.5,5.85,411.218
1995-08-07,-1.5,5.74,410.193
1995-08-14,-1.5,5.74,410.193
1995-08-21,-1.5,5.74,410.193
1995-08-28,-1.5,5.74,410.193
1995-09-04,-1.5,5.8,411.158
1995-09-11,-1.5,5.8,411.158
1995-09-18,-1.5,5.8,411.158
1995-09-25,-1.5,5.8,411.158
1995-10-02,-1.6,5.76,411.562
1995-10-09,-1.6,5.76,411.562
1995-10-16,-1.6,5.76,411.562
1995-10-23,-1.6,5.76,411.562
1995-10-30,-1.6,5.76,411.562
1995-11-06,-1.7,5.8,413.359
1995-11-13,-1.7,5.8,413.359
1995-11-20,-1.7,5.8,413.359
1995-11-27,-1.7,5.8,413.359
1995-12-04,-1.8,5.6,418.814
1995-12-11,-1.8,5.6,418.814
1995-12-18,-1.8,5.6,418.814
1995-12-25,-1.8,5.6,418.814
1996-01-01,-1.6,5.56,418.642
1996-01-08,-1.6,5.56,418.642
1996-01-15,-1.6,5.56,418.642
1996-01-22,-1.6,5.56,418.642
1996-01-29,-1.6,5.56,418.642
1996-02-05,-1.8,5.22,412.776
1996-02-12,-1.8,5.22,412.776
1996-02-19,-1.8,5.22,412.776
1996-02-26,-1.8,5.22,412.776
1996-03-04,-1.8,5.31,415.61
1996-03-11,-1.8,5.31,415.61
1996-03-18,-1.8,5.31,415.61
1996-03-25,-1.8,5.31,415.61
1996-04-01,-2.0,5.22,418.346
1996-04-08,-2.0,5.22,418.346
1996-04-15,-2.0,5.22,418.346
1996-04-22,-2.0,5.22,418.346
1996-04-29,-2.0,5.22,418.346
1996-05-06,-1.9,5.24,419.321
1996-05-13,-1.9,5.24,419.321
1996-05-20,-1.9,5.24,419.321
1996-05-27,-1.9,5.24,419.321
1996-06-03,-2.0,5.27,423.212
1996-06-10,-2.0,5.27,423.212
1996-06-17,-2.0,5.27,423.212
1996-06-24,-2.0,5.27,423.212
1996-07-01,-2.1,5.4,427.991
1996-07-08,-2.1,5.4,427.991
1996-07-15,-2.1,5.4,427.991
1996-07-22,-2.1,5.4,427.991
1996-07-29,-2.1,5.4,427.991
1996-08-05,-2.2,5.22,429.307
1996-08-12,-2.2,5.22,429.307
1996-08-19,-2.2,5.22,429.307
1996-08-26,-2.2,5.22,429.307
1996-09-02,-2.3,5.3,431.945
1996-09-09,-2.3,5.3,431.945
1996-09-16,-2.3,5.3,431.945
1996-09-23,-2.3,5.3,431.945
1996-09-30,-2.3,5.3,431.945
1996-10-07,-2.3,5.24,432.318
1996-10-14,-2.3,5.24,432.318
1996-10-21,-2.3,5.24,432.318
1996-10-28,-2.3,5.24,432.318
1996-11-04,-2.3,5.31,436.408
1996-11-11,-2.3,5.31,436.408
1996-11-18,-2.3,5.31,436.408
1996-11-25,-2.3,5.31,436.408
1996-12-02,-2.2,5.29,443.041
1996-12-09,-2.2,5.29,443.041
1996-12-16,-2.2,5.29,443.041
1996-12-23,-2.2,5.29,443.041
1996-12-30,-2.2,5.29,443.041
1997-01-06,-2.6,5.25,444.684
1997-01-13,-2.6,5.25,444.684
1997-01-20,-2.6,5.25,444.684
1997-01-27,-2.6,5.25,444.684
1997-02-03,-2.7,5.19,440.803
1997-02-10,-2.7,5.19,440.803
1997-02-17,-2.7,5.19,440.803
1997-02-24,-2.7,5.19,440.803
1997-03-03,-2.7,5.39,443.188
1997-03-10,-2.7,5.39,443.188
1997-03-17,-2.7,5.39,443.188
1997-03-24,-2.7,5.39,443.188
1997-03-31,-2.7,5.39,443.188
1997-04-07,-2.5,5.51,445.724
1997-04-14,-2.5,5.51,445.724
1997-04-21,-2.5,5.51,445.724
1997-04-28,-2.5,5.51,445.724
1997-05-05,-2.5,5.5,448.445
1997-05-12,-2.5,5.5,448.445
1997-05-19,-2.5,5.5,448.445
1997-05-26,-2.5,5.5,448.445
1997-06-02,-2.6,5.56,451.597
1997-06-09,-2.6,5.56,451.597
1997-06-16,-2.6,5.56,451.597
1997-06-23,-2.6,5.56,451.597
1997-06-30,-2.6,5.56,451.597
1997-07-07,-2.6,5.52,455.553
1997-07-14,-2.6,5.52,455.553
1997-07-21,-2.6,5.52,455.553
1997-07-28,-2.6,5.52,455.553
1997-08-04,-2.7,5.54,456.212
1997-08-11,-2.7,5.54,456.212
1997-08-18,-2.7,5.54,456.212
1997-08-25,-2.7,5.54,456.212
1997-09-01,-2.5,5.54,458.926
1997-09-08,-2.5,5.54,458.926
1997-09-15,-2.5,5.54,458.926
1997-09-22,-2.5,5.54,458.926
1997-09-29,-2.5,5.54,458.926
1997-10-06,-2.4,5.5,459.988
1997-10-13,-2.4,5.5,459.988
1997-10-20,-2.4,5.5,459.988
1997-10-27,-2.4,5.5,459.988
1997-11-03,-2.5,5.52,465.886
1997-11-10,-2.5,5.52,465.886
1997-11-17,-2.5,5.52,465.886
1997-11-24,-2.5,5.52,465.886
1997-12-01,-2.5,5.5,475.1
1997-12-08,-2.5,5.5,475.1
1997-12-15,-2.5,5.5,475.1
1997-12-22,-2.5,5.5,475.1
1997-12-29,-2.5,5.5,475.1
1998-01-05,-2.8,5.56,474.597
1998-01-12,-2.8,5.56,474.597
1998-01-19,-2.8,5.56,474.597
1998-01-26,-2.8,5.56,474.597
1998-02-02,-2.7,5.51,471.366
1998-02-09,-2.7,5.51,471.366
1998-02-16,-2.7,5.51,471.366
1998-02-23,-2.7,5.51,471.366
1998-03-02,-2.7,5.49,473.547
1998-03-09,-2.7,5.49,473.547
1998-03-16,-2.7,5.49,473.547
1998-03-23,-2.7,5.49,473.547
1998-03-30,-2.7,5.49,473.547
1998-04-06,-2.8,5.45,475.776
1998-04-13,-2.8,5.45,475.776
1998-04-20,-2.8,5.45,475.776
1998-04-27,-2.8,5.45,475.776
1998-05-04,-2.8,5.49,478.588
1998-05-11,-2.8,5.49,478.588
1998-05-18,-2.8,5.49,478.588
1998-05-25,-2.8,5.49,478.588
1998-06-01,-2.8,5.56,481.339
1998-06-08,-2.8,5.56,481.339
1998-06-15,-2.8,5.56,481.339
1998-06-22,-2.8,5.56,481.339
1998-06-29,-2.8,5.56,481.339
1998-07-06,-2.9,5.54,485.205
1998-07-13,-2.9,5.54,485.205
1998-07-20,-2.9,5.54,485.205
1998-07-27,-2.9,5.54,485.205
1998-08-03,-2.8,5.55,487.758
1998-08-10,-2.8,5.55,487.758
1998-08-17,-2.8,5.55,487.758
1998-08-24,-2.8,5.55,487.758
1998-08-31,-2.8,5.55,487.758
1998-09-07,-2.9,5.51,492.11
1998-09-14,-2.9,5.51,492.11
1998-09-21,-2.9,5.51,492.11
1998-09-28,-2.9,5.51,492.11
1998-10-05,-3.0,5.07,496.28
1998-10-12,-3.0,5.07,496.28
1998-10-19,-3.0,5.07,496.28
1998-10-26,-3.0,5.07,496.28
1998-11-02,-3.0,4.83,501.453
1998-11-09,-3.0,4.83,501.453
1998-11-16,-3.0,4.83,501.453
1998-11-23,-3.0,4.83,501.453
1998-11-30,-3.0,4.83,501.453
1998-12-07,-3.0,4.68,509.949
1998-12-14,-3.0,4.68,509.949
1998-12-21,-3.0,4.68,509.949
1998-12-28,-3.0,4.68,509.949
1999-01-04,-3.3,4.63,511.037
1999-01-11,-3.3,4.63,511.037
1999-01-18,-3.3,4.63,511.037
1999-01-25,-3.3,4.63,511.037
1999-02-01,-3.1,4.76,509.743
1999-02-08,-3.1,4.76,509.743
1999-02-15,-3.1,4.76,509.743
1999-02-22,-3.1,4.76,509.743
1999-03-01,-3.1,4.81,514.41
1999-03-08,-3.1,4.81,514.41
1999-03-15,-3.1,4.81,514.41
1999-03-22,-3.1,4.81,514.41
1999-03-29,-3.1,4.81,514.41
1999-04-05,-3.1,4.74,519.339
1999-04-12,-3.1,4.74,519.339
1999-04-19,-3.1,4.74,519.339
1999-04-26,-3.1,4.74,519.339
1999-05-03,-3.1,4.74,522.494
1999-05-10,-3.1,4.74,522.494
1999-05-17,-3.1,4.74,522.494
1999-05-24,-3.1,4.74,522.494
1999-05-31,-3.1,4.74,522.494
1999-06-07,-3.0,4.76,528.507
1999-06-14,-3.0,4.76,528.507
1999-06-21,-3.0,4.76,528.507
1999-06-28,-3.0,4.76,528.507
1999-07-05,-3.2,4.99,533.772
1999-07-12,-3.2,4.99,533.772
1999-07-19,-3.2,4.99,533.772
1999-07-26,-3.2,4.99,533.772
1999-08-02,-3.1,5.07,535.749
1999-08-09,-3.1,5.07,535.749
1999-08-16,-3.1,5.07,535.749
1999-08-23,-3.1,5.07,535.749
1999-08-30,-3.1,5.07,535.749
1999-09-06,-3.1,5.22,541.305
1999-09-13,-3.1,5.22,541.305
1999-09-20,-3.1,5.22,541.305
1999-09-27,-3.1,5.22,541.305
1999-10-04,-3.1,5.2,550.011
1999-10-11,-3.1,5.2,550.011
1999-10-18,-3.1,5.2,550.011
1999-10-25,-3.1,5.2,550.011
1999-11-01,-3.1,5.42,565.429
1999-11-08,-3.1,5.42,565.429
1999-11-15,-3.1,5.42,565.429
1999-11-22,-3.1,5.42,565.429
1999-11-29,-3.1,5.42,565.429
1999-12-06,-3.0,5.3,595.97
1999-12-13,-3.0,5.3,595.97
1999-12-20,-3.0,5.3,595.97
1999-12-27,-3.0,5.3,595.97
2000-01-03,-3.0,5.45,594.679
2000-01-10,-3.0,5.45,594.679
2000-01-17,-3.0,5.45,594.679
2000-01-24,-3.0,5.45,594.679
2000-01-31,-3.0,5.45,594.679
2000-02-07,-3.1,5.73,566.144
2000-02-14,-3.1,5.73,566.144
2000-02-21,-3.1,5.73,566.144
2000-02-28,-3.1,5.73,566.144
2000-03-06,-3.1,5.85,563.705
2000-03-13,-3.1,5.85,563.705
2000-03-20,-3.1,5.85,563.705
2000-03-27,-3.1,5.85,563.705
2000-04-03,-3.1,6.02,564.734
2000-04-10,-3.1,6.02,564.734
2000-04-17,-3.1,6.02,564.734
2000-04-24,-3.1,6.02,564.734
2000-05-01,-3.1,6.27,565.836
2000-05-08,-3.1,6.27,565.836
2000-05-15,-3.1,6.27,565.836
2000-05-22,-3.1,6.27,565.836
2000-05-29,-3.1,6.27,565.836
2000-06-05,-3.0,6.53,568.333
2000-06-12,-3.0,6.53,568.333
2000-06-19,-3.0,6.53,568.333
2000-06-26,-3.0,6.53,568.333
2000-07-03,-3.0,6.54,571.216
2000-07-10,-3.0,6.54,571.216
2000-07-17,-3.0,6.54,571.216
2000-07-24,-3.0,6.54,571.216
2000-07-31,-3.0,6.54,571.216
2000-08-07,-3.0,6.5,569.313
2000-08-14,-3.0,6.5,569.313
2000-08-21,-3.0,6.5,569.313
2000-08-28,-3.0,6.5,569.313
2000-09-04,-2.9,6.52,570.677
2000-09-11,-2.9,6.52,570.677
2000-09-18,-2.9,6.52,570.677
2000-09-25,-2.9,6.52,570.677
2000-10-02,-2.9,6.51,571.48
2000-10-09,-2.9,6.51,571.48
2000-10-16,-2.9,6.51,571.48
2000-10-23,-2.9,6.51,571.48
2000-10-30,-2.9,6.51,571.48
2000-11-06,-2.8,6.51,575.002
2000-11-13,-2.8,6.51,575.002
2000-11-20,-2.8,6.51,575.002
2000-11-27,-2.8,6.51,575.002
2000-12-04,-2.7,6.4,583.118
2000-12-11,-2.7,6.4,583.118
2000-12-18,-2.7,6.4,583.118
2000-12-25,-2.7,6.4,583.118
2001-01-01,-2.5,5.98,585.106
2001-01-08,-2.5,5.98,585.106
2001-01-15,-2.5,5.98,585.106
2001-01-22,-2.5,5.98,585.106
2001-01-29,-2.5,5.98,585.106
2001-02-05,-2.4,5.49,582.524
2001-02-12,-2.4,5.49,582.524
2001-02-19,-2.4,5.49,582.524
2001-02-26,-2.4,5.49,582.524
2001-03-05,-2.3,5.31,585.082
2001-03-12,-2.3,5.31,585.082
2001-03-19,-2.3,5.31,585.082
2001-03-26,-2.3,5.31,585.082
2001-04-02,-2.2,4.8,587.928
2001-04-09,-2.2,4.8,587.928
2001-04-16,-2.2,4.8,587.928
2001-04-23,-2.2,4.8,587.928
2001-04-30,-2.2,4.8,587.928
2001-05-07,-2.1,4.21,590.873
2001-05-14,-2.1,4.21,590.873
2001-05-21,-2.1,4.21,590.873
2001-05-28,-2.1,4.21,590.873
2001-06-04,-2.1,3.97,594.37
2001-06-11,-2.1,3.97,594.37
2001-06-18,-2.1,3.97,594.37
2001-06-25,-2.1,3.97,594.37
2001-07-02,-1.9,3.77,600.387
2001-07-09,-1.9,3.77,600.387
2001-07-16,-1.9,3.77,600.387
2001-07-23,-1.9,3.77,600.387
2001-07-30,-1.9,3.77,600.387
2001-08-06,-2.0,3.65,606.133
2001-08-13,-2.0,3.65,606.133
2001-08-20,-2.0,3.65,606.133
2001-08-27,-2.0,3.65,606.133
2001-09-03,-2.0,3.07,613.558
2001-09-10,-2.0,3.07,613.558
2001-09-17,-2.0,3.07,613.558
2001-09-24,-2.0,3.07,613.558
2001-10-01,-2.0,2.49,615.01
2001-10-08,-2.0,2.49,615.01
2001-10-15,-2.0,2.49,615.01
2001-10-22,-2.0,2.49,615.01
2001-10-29,-2.0,2.49,615.01
2001-11-05,-2.0,2.09,621.87
2001-11-12,-2.0,2.09,621.87
2001-11-19,-2.0,2.09,621.87
2001-11-26,-2.0,2.09,621.87
2001-12-03,-2.0,1.82,630.276
2001-12-10,-2.0,1.82,630.276
2001-12-17,-2.0,1.82,630.276
2001-12-24,-2.0,1.82,630.276
2001-12-31,-2.0,1.82,630.276
2002-01-07,-2.1,1.73,635.429
2002-01-14,-2.1,1.73,635.429
2002-01-21,-2.1,1.73,635.429
2002-01-28,-2.1,1.73,635.429
2002-02-04,-2.2,1.74,635.884
2002-02-11,-2.2,1.74,635.884
2002-02-18,-2.2,1.74,635.884
2002-02-25,-2.2,1.74,635.884
2002-03-04,-2.1,1.73,639.698
2002-03-11,-2.1,1.73,639.698
2002-03-18,-2.1,1.73,639.698
2002-03-25,-2.1,1.73,639.698
2002-04-01,-2.1,1.75,643.58
2002-04-08,-2.1,1.75,643.58
2002-04-15,-2.1,1.75,643.58
2002-04-22,-2.1,1.75,643.58
2002-04-29,-2.1,1.75,643.58
2002-05-06,-2.1,1.75,648.293
2002-05-13,-2.1,1.75,648.293
2002-05-20,-2.1,1.75,648.293
2002-05-27,-2.1,1.75,648.293
2002-06-03,-2.1,1.75,654.774
2002-06-10,-2.1,1.75,654.774
2002-06-17,-2.1,1.75,654.774
2002-06-24,-2.1,1.75,654.774
2002-07-01,-2.2,1.73,660.96
2002-07-08,-2.2,1.73,660.96
2002-07-15,-2.2,1.73,660.96
2002-07-22,-2.2,1.73,660.96
2002-07-29,-2.2,1.73,660.96
2002-08-05,-2.1,1.74,660.558
2002-08-12,-2.1,1.74,660.558
2002-08-19,-2.1,1.74,660.558
2002-08-26,-2.1,1.74,660.558
2002-09-02,-2.2,1.75,662.189
2002-09-09,-2.2,1.75,662.189
2002-09-16,-2.2,1.75,662.189
2002-09-23,-2.2,1.75,662.189
2002-09-30,-2.2,1.75,662.189
2002-10-07,-2.1,1.75,662.238
2002-10-14,-2.1,1.75,662.238
2002-10-21,-2.1,1.75,662.238
2002-10-28,-2.1,1.75,662.238
2002-11-04,-2.1,1.34,667.444
2002-11-11,-2.1,1.34,667.444
2002-11-18,-2.1,1.34,667.444
2002-11-25,-2.1,1.34,667.444
2002-12-02,-2.2,1.24,676.472
2002-12-09,-2.2,1.24,676.472
2002-12-16,-2.2,1.24,676.472
2002-12-23,-2.2,1.24,676.472
2002-12-30,-2.2,1.24,676.472
2003-01-06,-2.3,1.24,679.411
2003-01-13,-2.3,1.24,679.411
2003-01-20,-2.3,1.24,679.411
2003-01-27,-2.3,1.24,679.411
2003-02-03,-2.3,1.26,679.832
2003-02-10,-2.3,1.26,679.832
2003-02-17,-2.3,1.26,679.832
2003-02-24,-2.3,1.26,679.832
2003-03-03,-2.4,1.25,683.413
2003-03-10,-2.4,1.25,683.413
2003-03-17,-2.4,1.25,683.413
2003-03-24,-2.4,1.25,683.413
2003-03-31,-2.4,1.25,683.413
2003-04-07,-2.5,1.26,687.055
2003-04-14,-2.5,1.26,687.055
2003-04-21,-2.5,1.26,687.055
2003-04-28,-2.5,1.26,687.055
2003-05-05,-2.6,1.26,690.521
2003-05-12,-2.6,1.26,690.521
2003-05-19,-2.6,1.26,690.521
2003-05-26,-2.6,1.26,690.521
2003-06-02,-2.8,1.22,691.954
2003-06-09,-2.8,1.22,691.954
2003-06-16,-2.8,1.22,691.954
2003-06-23,-2.8,1.22,691.954
2003-06-30,-2.8,1.22,691.954
2003-07-07,-2.9,1.01,694.257
2003-07-14,-2.9,1.01,694.257
2003-07-21,-2.9,1.01,694.257
2003-07-28,-2.9,1.01,694.257
2003-08-04,-3.0,1.03,694.696
2003-08-11,-3.0,1.03,694.696
2003-08-18,-3.0,1.03,694.696
2003-08-25,-3.0,1.03,694.696
2003-09-01,-2.9,1.01,697.699
2003-09-08,-2.9,1.01,697.699
2003-09-15,-2.9,1.01,697.699
2003-09-22,-2.9,1.01,697.699
2003-09-29,-2.9,1.01,697.699
2003-10-06,-3.0,1.01,700.706
2003-10-13,-3.0,1.01,700.706
2003-10-20,-3.0,1.01,700.706
2003-10-27,-3.0,1.01,700.706
2003-11-03,-3.0,1.0,706.305
2003-11-10,-3.0,1.0,706.305
2003-11-17,-3.0,1.0,706.305
2003-11-24,-3.0,1.0,706.305
2003-12-01,-3.0,0.98,716.191
2003-12-08,-3.0,0.98,716.191
2003-12-15,-3.0,0.98,716.191
2003-12-22,-3.0,0.98,716.191
2003-12-29,-3.0,0.98,716.191
2004-01-05,-3.1,1.0,713.752
2004-01-12,-3.1,1.0,713.752
2004-01-19,-3.1,1.0,713.752
2004-01-26,-3.1,1.0,713.752
2004-02-02,-3.0,1.01,713.25
2004-02-09,-3.0,1.01,713.25
2004-02-16,-3.0,1.01,713.25
2004-02-23,-3.0,1.01,713.25
2004-03-01,-3.0,1.0,713.923
2004-03-08,-3.0,1.0,713.923
2004-03-15,-3.0,1.0,713.923
2004-03-22,-3.0,1.0,713.923
2004-03-29,-3.0,1.0,713.923
2004-04-05,-2.9,1.0,716.778
2004-04-12,-2.9,1.0,716.778
2004-04-19,-2.9,1.0,716.778
2004-04-26,-2.9,1.0,716.778
2004-05-03,-3.0,1.0,719.679
2004-05-10,-3.0,1.0,719.679
2004-05-17,-3.0,1.0,719.679
2004-05-24,-3.0,1.0,719.679
2004-05-31,-3.0,1.0,719.679
2004-06-07,-2.9,1.03,726.437
2004-06-14,-2.9,1.03,726.437
2004-06-21,-2.9,1.03,726.437
2004-06-28,-2.9,1.03,726.437
2004-07-05,-2.9,1.26,734.828
2004-07-12,-2.9,1.26,734.828
2004-07-19,-2.9,1.26,734.828
2004-07-26,-2.9,1.26,734.828
2004-08-02,-2.9,1.43,734.62
2004-08-09,-2.9,1.43,734.62
2004-08-16,-2.9,1.43,734.62
2004-08-23,-2.9,1.43,734.62
2004-08-30,-2.9,1.43,734.62
2004-09-06,-2.9,1.61,738.149
2004-09-13,-2.9,1.61,738.149
2004-09-20,-2.9,1.61,738.149
2004-09-27,-2.9,1.61,738.149
2004-10-04,-2.9,1.76,740.816
2004-10-11,-2.9,1.76,740.816
2004-10-18,-2.9,1.76,740.816
2004-10-25,-2.9,1.76,740.816
2004-11-01,-2.8,1.93,746.581
2004-11-08,-2.8,1.93,746.581
2004-11-15,-2.8,1.93,746.581
2004-11-22,-2.8,1.93,746.581
2004-11-29,-2.8,1.93,746.581
2004-12-06,-2.8,2.16,753.395
2004-12-13,-2.8,2.16,753.395
2004-12-20,-2.8,2.16,753.395
2004-12-27,-2.8,2.16,753.395
2005-01-03,-2.8,2.28,750.197
2005-01-10,-2.8,2.28,750.197
2005-01-17,-2.8,2.28,750.197
2005-01-24,-2.8,2.28,750.197
2005-01-31,-2.8,2.28,750.197
2005-02-07,-2.9,2.5,750.39
2005-02-14,-2.9,2.5,750.39
2005-02-21,-2.9,2.5,750.39
2005-02-28,-2.9,2.5,750.39
2005-03-07,-2.8,2.63,752.083
2005-03-14,-2.8,2.63,752.083
2005-03-21,-2.8,2.63,752.083
2005-03-28,-2.8,2.63,752.083
2005-04-04,-3.0,2.79,753.66
2005-04-11,-3.0,2.79,753.66
2005-04-18,-3.0,2.79,753.66
2005-04-25,-3.0,2.79,753.66
2005-05-02,-3.0,3.0,754.184
2005-05-09,-3.0,3.0,754.184
2005-05-16,-3.0,3.0,754.184
2005-05-23,-3.0,3.0,754.184
2005-05-30,-3.0,3.0,754.184
2005-06-06,-3.1,3.04,759.996
2005-06-13,-3.1,3.04,759.996
2005-06-20,-3.1,3.04,759.996
2005-06-27,-3.1,3.04,759.996
2005-07-04,-3.1,3.26,763.847
2005-07-11,-3.1,3.26,763.847
2005-07-18,-3.1,3.26,763.847
2005-07-25,-3.1,3.26,763.847
2005-08-01,-3.1,3.5,763.347
2005-08-08,-3.1,3.5,763.347
2005-08-15,-3.1,3.5,763.347
2005-08-22,-3.1,3.5,763.347
2005-08-29,-3.1,3.5,763.347
2005-09-05,-3.2,3.62,767.94
2005-09-12,-3.2,3.62,767.94
2005-09-19,-3.2,3.62,767.94
2005-09-26,-3.2,3.62,767.94
2005-10-03,-3.2,3.78,768.814
2005-10-10,-3.2,3.78,768.814
2005-10-17,-3.2,3.78,768.814
2005-10-24,-3.2,3.78,768.814
2005-10-31,-3.2,3.78,768.814
2005-11-07,-3.2,4.0,774.619
2005-11-14,-3.2,4.0,774.619
2005-11-21,-3.2,4.0,774.619
2005-11-28,-3.2,4.0,774.619
2005-12-05,-3.3,4.16,783.336
2005-12-12,-3.3,4.16,783.336
2005-12-19,-3.3,4.16,783.336
2005-12-26,-3.3,4.16,783.336
2006-01-02,-3.5,4.29,786.823
2006-01-09,-3.5,4.29,786.823
2006-01-16,-3.5,4.29,786.823
2006-01-23,-3.5,4.29,786.823
2006-01-30,-3.5,4.29,786.823
2006-02-06,-3.4,4.49,785.378
2006-02-13,-3.4,4.49,785.378
2006-02-20,-3.4,4.49,785.378
2006-02-27,-3.4,4.49,785.378
2006-03-06,-3.3,4.59,788.916
2006-03-13,-3.3,4.59,788.916
2006-03-20,-3.3,4.59,788.916
2006-03-27,-3.3,4.59,788.916
2006-04-03,-3.1,4.79,790.544
2006-04-10,-3.1,4.79,790.544
2006-04-17,-3.1,4.79,790.544
2006-04-24,-3.1,4.79,790.544
2006-05-01,-3.2,4.94,794.306
2006-05-08,-3.2,4.94,794.306
2006-05-15,-3.2,4.94,794.306
2006-05-22,-3.2,4.94,794.306
2006-05-29,-3.2,4.94,794.306
2006-06-05,-3.1,4.99,794.297
2006-06-12,-3.1,4.99,794.297
2006-06-19,-3.1,4.99,794.297
2006-06-26,-3.1,4.99,794.297
2006-07-03,-3.1,5.24,795.918
2006-07-10,-3.1,5.24,795.918
2006-07-17,-3.1,5.24,795.918
2006-07-24,-3.1,5.24,795.918
2006-07-31,-3.1,5.24,795.918
2006-08-07,-3.1,5.25,793.601
2006-08-14,-3.1,5.25,793.601
2006-08-21,-3.1,5.25,793.601
2006-08-28,-3.1,5.25,793.601
2006-09-04,-2.9,5.25,794.469
2006-09-11,-2.9,5.25,794.469
2006-09-18,-2.9,5.25,794.469
2006-09-25,-2.9,5.25,794.469
2006-10-02,-2.9,5.25,794.139
2006-10-09,-2.9,5.25,794.139
2006-10-16,-2.9,5.25,794.139
2006-10-23,-2.9,5.25,794.139
2006-10-30,-2.9,5.25,794.139
2006-11-06,-2.9,5.25,800.542
2006-11-13,-2.9,5.25,800.542
2006-11-20,-2.9,5.25,800.542
2006-11-27,-2.9,5.25,800.542
2006-12-04,-2.9,5.24,809.326
2006-12-11,-2.9,5.24,809.326
2006-12-18,-2.9,5.24,809.326
2006-12-25,-2.9,5.24,809.326
2007-01-01,-2.6,5.25,808.848
2007-01-08,-2.6,5.25,808.848
2007-01-15,-2.6,5.25,808.848
2007-01-22,-2.6,5.25,808.848
2007-01-29,-2.6,5.25,808.848
2007-02-05,-2.6,5.26,805.364
2007-02-12,-2.6,5.26,805.364
2007-02-19,-2.6,5.26,805.364
2007-02-26,-2.6,5.26,805.364
2007-03-05,-2.6,5.26,806.34
2007-03-12,-2.6,5.26,806.34
2007-03-19,-2.6,5.26,806.34
2007-03-26,-2.6,5.26,806.34
2007-04-02,-2.4,5.25,807.557
2007-04-09,-2.4,5.25,807.557
2007-04-16,-2.4,5.25,807.557
2007-04-23,-2.4,5.25,807.557
2007-04-30,-2.4,5.25,807.557
2007-05-07,-2.4,5.25,809.5
2007-05-14,-2.4,5.25,809.5
2007-05-21,-2.4,5.25,809.5
2007-05-28,-2.4,5.25,809.5
2007-06-04,-2.4,5.25,811.079
2007-06-11,-2.4,5.25,811.079
2007-06-18,-2.4,5.25,811.079
2007-06-25,-2.4,5.25,811.079
2007-07-02,-2.4,5.26,814.649
2007-07-09,-2.4,5.26,814.649
2007-07-16,-2.4,5.26,814.649
2007-07-23,-2.4,5.26,814.649
2007-07-30,-2.4,5.26,814.649
2007-08-06,-2.4,5.02,811.732
2007-08-13,-2.4,5.02,811.732
2007-08-20,-2.4,5.02,811.732
2007-08-27,-2.4,5.02,811.732
2007-09-03,-2.5,4.94,811.899
2007-09-10,-2.5,4.94,811.899
2007-09-17,-2.5,4.94,811.899
2007-09-24,-2.5,4.94,811.899
2007-10-01,-2.5,4.76,813.658
2007-10-08,-2.5,4.76,813.658
2007-10-15,-2.5,4.76,813.658
2007-10-22,-2.5,4.76,813.658
2007-10-29,-2.5,4.76,813.658
2007-11-05,-2.4,4.49,819.857
2007-11-12,-2.4,4.49,819.857
2007-11-19,-2.4,4.49,819.857
2007-11-26,-2.4,4.49,819.857
2007-12-03,-2.4,4.24,820.294
2007-12-10,-2.4,4.24,820.294
2007-12-17,-2.4,4.24,820.294
2007-12-24,-2.4,4.24,820.294
2007-12-31,-2.4,4.24,820.294
2008-01-07,-2.6,3.94,817.367
2008-01-14,-2.6,3.94,817.367
2008-01-21,-2.6,3.94,817.367
2008-01-28,-2.6,3.94,817.367
2008-02-04,-2.6,2.98,814.429
2008-02-11,-2.6,2.98,814.429
2008-02-18,-2.6,2.98,814.429
2008-02-25,-2.6,2.98,814.429
2008-03-03,-2.5,2.61,816.645
2008-03-10,-2.5,2.61,816.645
2008-03-17,-2.5,2.61,816.645
2008-03-24,-2.5,2.61,816.645
2008-03-31,-2.5,2.61,816.645
2008-04-07,-2.6,2.28,813.937
2008-04-14,-2.6,2.28,813.937
2008-04-21,-2.6,2.28,813.937
2008-04-28,-2.6,2.28,813.937
2008-05-05,-2.5,1.98,817.686
2008-05-12,-2.5,1.98,817.686
2008-05-19,-2.5,1.98,817.686
2008-05-26,-2.5,1.98,817.686
2008-06-02,-2.5,2.0,822.827
2008-06-09,-2.5,2.0,822.827
2008-06-16,-2.5,2.0,822.827
2008-06-23,-2.5,2.0,822.827
2008-06-30,-2.5,2.0,822.827
2008-07-07,-2.4,2.01,829.946
2008-07-14,-2.4,2.01,829.946
2008-07-21,-2.4,2.01,829.946
2008-07-28,-2.4,2.01,829.946
2008-08-04,-2.3,2.0,830.514
2008-08-11,-2.3,2.0,830.514
2008-08-18,-2.3,2.0,830.514
2008-08-25,-2.3,2.0,830.514
2008-09-01,-2.2,1.81,833.942
2008-09-08,-2.2,1.81,833.942
2008-09-15,-2.2,1.81,833.942
2008-09-22,-2.2,1.81,833.942
2008-09-29,-2.2,1.81,833.942
2008-10-06,-2.3,0.97,849.122
2008-10-13,-2.3,0.97,849.122
2008-10-20,-2.3,0.97,849.122
2008-10-27,-2.3,0.97,849.122
2008-11-03,-2.3,0.39,864.074
2008-11-10,-2.3,0.39,864.074
2008-11-17,-2.3,0.39,864.074
2008-11-24,-2.3,0.39,864.074
2008-12-01,-2.5,0.16,877.883
2008-12-08,-2.5,0.16,877.883
2008-12-15,-2.5,0.16,877.883
2008-12-22,-2.5,0.16,877.883
2008-12-29,-2.5,0.16,877.883
2009-01-05,-2.6,0.15,886.184
2009-01-12,-2.6,0.15,886.184
2009-01-19,-2.6,0.15,886.184
2009-01-26,-2.6,0.15,886.184
2009-02-02,-2.6,0.22,894.156
2009-02-09,-2.6,0.22,894.156
2009-02-16,-2.6,0.22,894.156
2009-02-23,-2.6,0.22,894.156
2009-03-02,-2.8,0.18,900.752
2009-03-09,-2.8,0.18,900.752
2009-03-16,-2.8,0.18,900.752
2009-03-23,-2.8,0.18,900.752
2009-03-30,-2.8,0.18,900.752
2009-04-06,-2.7,0.15,903.412
2009-04-13,-2.7,0.15,903.412
2009-04-20,-2.7,0.15,903.412
2009-04-27,-2.7,0.15,903.412
2009-05-04,-2.9,0.18,905.514
2009-05-11,-2.9,0.18,905.514
2009-05-18,-2.9,0.18,905.514
2009-05-25,-2.9,0.18,905.514
2009-06-01,-3.0,0.21,907.576
2009-06-08,-3.0,0.21,907.576
2009-06-15,-3.0,0.21,907.576
2009-06-22,-3.0,0.21,907.576
2009-06-29,-3.0,0.21,907.576
2009-07-06,-3.1,0.16,909.56
2009-07-13,-3.1,0.16,909.56
2009-07-20,-3.1,0.16,909.56
2009-07-27,-3.1,0.16,909.56
2009-08-03,-3.2,0.16,910.774
2009-08-10,-3.2,0.16,910.774
2009-08-17,-3.2,0.16,910.774
2009-08-24,-3.2,0.16,910.774
2009-08-31,-3.2,0.16,910.774
2009-09-07,-3.3,0.15,912.969
2009-09-14,-3.3,0.15,912.969
2009-09-21,-3.3,0.15,912.969
2009-09-28,-3.3,0.15,912.969
2009-10-05,-3.3,0.12,915.317
2009-10-12,-3.3,0.12,915.317
2009-10-19,-3.3,0.12,915.317
2009-10-26,-3.3,0.12,915.317
2009-11-02,-3.4,0.12,918.242
2009-11-09,-3.4,0.12,918.242
2009-11-16,-3.4,0.12,918.242
2009-11-23,-3.4,0.12,918.242
2009-11-30,-3.4,0.12,918.242
2009-12-07,-3.3,0.12,924.315
2009-12-14,-3.3,0.12,924.315
2009-12-21,-3.3,0.12,924.315
2009-12-28,-3.3,0.12,924.315
2010-01-04,-3.3,0.11,921.235
2010-01-11,-3.3,0.11,921.235
2010-01-18,-3.3,0.11,921.235
2010-01-25,-3.3,0.11,921.235
2010-02-01,-3.3,0.13,927.21
2010-02-08,-3.3,0.13,927.21
2010-02-15,-3.3,0.13,927.21
2010-02-22,-3.3,0.13,927.21
2010-03-01,-3.2,0.16,932.535
2010-03-08,-3.2,0.16,932.535
2010-03-15,-3.2,0.16,932.535
2010-03-22,-3.2,0.16,932.535
2010-03-29,-3.2,0.16,932.535
2010-04-05,-3.3,0.2,935.054
2010-04-12,-3.3,0.2,935.054
2010-04-19,-3.3,0.2,935.054
2010-04-26,-3.3,0.2,935.054
2010-05-03,-3.3,0.2,937.474
2010-05-10,-3.3,0.2,937.474
2010-05-17,-3.3,0.2,937.474
2010-05-24,-3.3,0.2,937.474
2010-05-31,-3.3,0.2,937.474
2010-06-07,-3.2,0.18,941.363
2010-06-14,-3.2,0.18,941.363
2010-06-21,-3.2,0.18,941.363
2010-06-28,-3.2,0.18,941.363
2010-07-05,-3.2,0.18,944.765
2010-07-12,-3.2,0.18,944.765
2010-07-19,-3.2,0.18,944.765
2010-07-26,-3.2,0.18,944.765
2010-08-02,-3.2,0.19,946.088
2010-08-09,-3.2,0.19,946.088
2010-08-16,-3.2,0.19,946.088
2010-08-23,-3.2,0.19,946.088
2010-08-30,-3.2,0.19,946.088
2010-09-06,-3.2,0.19,951.33
2010-09-13,-3.2,0.19,951.33
2010-09-20,-3.2,0.19,951.33
2010-09-27,-3.2,0.19,951.33
2010-10-04,-3.2,0.19,960.369
2010-10-11,-3.2,0.19,960.369
2010-10-18,-3.2,0.19,960.369
2010-10-25,-3.2,0.19,960.369
2010-11-01,-3.1,0.19,970.89
2010-11-08,-3.1,0.19,970.89
2010-11-15,-3.1,0.19,970.89
2010-11-22,-3.1,0.19,970.89
2010-11-29,-3.1,0.19,970.89
2010-12-06,-3.2,0.18,979.39
2010-12-13,-3.2,0.18,979.39
2010-12-20,-3.2,0.18,979.39
2010-12-27,-3.2,0.18,979.39
2011-01-03,-2.9,0.17,978.912
2011-01-10,-2.9,0.17,978.912
2011-01-17,-2.9,0.17,978.912
2011-01-24,-2.9,0.17,978.912
2011-01-31,-2.9,0.17,978.912
2011-02-07,-2.9,0.16,987.088
2011-02-14,-2.9,0.16,987.088
2011-02-21,-2.9,0.16,987.088
2011-02-28,-2.9,0.16,987.088
2011-03-07,-2.7,0.14,1000.695
2011-03-14,-2.7,0.14,1000.695
2011-03-21,-2.7,0.14,1000.695
2011-03-28,-2.7,0.14,1000.695
2011-04-04,-2.6,0.1,1009.366
2011-04-11,-2.6,0.1,1009.366
2011-04-18,-2.6,0.1,1009.366
2011-04-25,-2.6,0.1,1009.366
2011-05-02,-2.5,0.09,1016.664
2011-05-09,-2.5,0.09,1016.664
2011-05-16,-2.5,0.09,1016.664
2011-05-23,-2.5,0.09,1016.664
2011-05-30,-2.5,0.09,1016.664
2011-06-06,-2.6,0.09,1023.527
2011-06-13,-2.6,0.09,1023.527
2011-06-20,-2.6,0.09,1023.527
2011-06-27,-2.6,0.09,1023.527
2011-07-04,-2.6,0.07,1029.57
2011-07-11,-2.6,0.07,1029.57
2011-07-18,-2.6,0.07,1029.57
2011-07-25,-2.6,0.07,1029.57
2011-08-01,-2.5,0.1,1033.04
2011-08-08,-2.5,0.1,1033.04
2011-08-15,-2.5,0.1,1033.04
2011-08-22,-2.5,0.1,1033.04
2011-08-29,-2.5,0.1,1033.04
2011-09-05,-2.4,0.08,1038.738
2011-09-12,-2.4,0.08,1038.738
2011-09-19,-2.4,0.08,1038.738
2011-09-26,-2.4,0.08,1038.738
2011-10-03,-2.5,0.07,1042.129
2011-10-10,-2.5,0.07,1042.129
2011-10-17,-2.5,0.07,1042.129
2011-10-24,-2.5,0.07,1042.129
2011-10-31,-2.5,0.07,1042.129
2011-11-07,-2.6,0.08,1055.231
2011-11-14,-2.6,0.08,1055.231
2011-11-21,-2.6,0.08,1055.231
2011-11-28,-2.6,0.08,1055.231
2011-12-05,-2.6,0.07,1066.406
2011-12-12,-2.6,0.07,1066.406
2011-12-19,-2.6,0.07,1066.406
2011-12-26,-2.6,0.07,1066.406
2012-01-02,-2.6,0.08,1069.691
2012-01-09,-2.6,0.08,1069.691
2012-01-16,-2.6,0.08,1069.691
2012-01-23,-2.6,0.08,1069.691
2012-01-30,-2.6,0.08,1069.691
2012-02-06,-2.7,0.1,1080.197
2012-02-13,-2.7,0.1,1080.197
2012-02-20,-2.7,0.1,1080.197
2012-02-27,-2.7,0.1,1080.197
2012-03-05,-2.8,0.13,1095.166
2012-03-12,-2.8,0.13,1095.166
2012-03-19,-2.8,0.13,1095.166
2012-03-26,-2.8,0.13,1095.166
2012-04-02,-2.7,0.14,1099.978
2012-04-09,-2.7,0.14,1099.978
2012-04-16,-2.7,0.14,1099.978
2012-04-23,-2.7,0.14,1099.978
2012-04-30,-2.7,0.14,1099.978
2012-05-07,-2.8,0.16,1103.669
2012-05-14,-2.8,0.16,1103.669
2012-05-21,-2.8,0.16,1103.669
2012-05-28,-2.8,0.16,1103.669
2012-06-04,-2.8,0.16,1108.545
2012-06-11,-2.8,0.16,1108.545
2012-06-18,-2.8,0.16,1108.545
2012-06-25,-2.8,0.16,1108.545
2012-07-02,-2.8,0.16,1113.756
2012-07-09,-2.8,0.16,1113.756
2012-07-16,-2.8,0.16,1113.756
2012-07-23,-2.8,0.16,1113.756
2012-07-30,-2.8,0.16,1113.756
2012-08-06,-3.0,0.13,1115.866
2012-08-13,-3.0,0.13,1115.866
2012-08-20,-3.0,0.13,1115.866
2012-08-27,-3.0,0.13,1115.866
2012-09-03,-3.0,0.14,1126.389
2012-09-10,-3.0,0.14,1126.389
2012-09-17,-3.0,0.14,1126.389
2012-09-24,-3.0,0.14,1126.389
2012-10-01,-2.9,0.16,1134.623
2012-10-08,-2.9,0.16,1134.623
2012-10-15,-2.9,0.16,1134.623
2012-10-22,-2.9,0.16,1134.623
2012-10-29,-2.9,0.16,1134.623
2012-11-05,-2.9,0.16,1149.019
2012-11-12,-2.9,0.16,1149.019
2012-11-19,-2.9,0.16,1149.019
2012-11-26,-2.9,0.16,1149.019
2012-12-03,-3.0,0.16,1156.695
2012-12-10,-3.0,0.16,1156.695
2012-12-17,-3.0,0.16,1156.695
2012-12-24,-3.0,0.16,1156.695
2012-12-31,-3.0,0.16,1156.695
2013-01-07,-3.1,0.14,1160.082
2013-01-14,-3.1,0.14,1160.082
2013-01-21,-3.1,0.14,1160.082
2013-01-28,-3.1,0.14,1160.082
2013-02-04,-3.1,0.15,1164.584
2013-02-11,-3.1,0.15,1164.584
2013-02-18,-3.1,0.15,1164.584
2013-02-25,-3.1,0.15,1164.584
2013-03-04,-3.1,0.14,1174.354
2013-03-11,-3.1,0.14,1174.354
2013-03-18,-3.1,0.14,1174.354
2013-03-25,-3.1,0.14,1174.354
2013-04-01,-3.3,0.15,1178.421
2013-04-08,-3.3,0.15,1178.421
2013-04-15,-3.3,0.15,1178.421
2013-04-22,-3.3,0.15,1178.421
2013-04-29,-3.3,0.15,1178.421
2013-05-06,-3.2,0.11,1185.026
2013-05-13,-3.2,0.11,1185.026
2013-05-20,-3.2,0.11,1185.026
2013-05-27,-3.2,0.11,1185.026
2013-06-03,-3.2,0.09,1189.693
2013-06-10,-3.2,0.09,1189.693
2013-06-17,-3.2,0.09,1189.693
2013-06-24,-3.2,0.09,1189.693
2013-07-01,-3.2,0.09,1196.581
2013-07-08,-3.2,0.09,1196.581
2013-07-15,-3.2,0.09,1196.581
2013-07-22,-3.2,0.09,1196.581
2013-07-29,-3.2,0.09,1196.581
2013-08-05,-3.1,0.08,1198.798
2013-08-12,-3.1,0.08,1198.798
2013-08-19,-3.1,0.08,1198.798
2013-08-26,-3.1,0.08,1198.798
2013-09-02,-3.2,0.08,1206.327
2013-09-09,-3.2,0.08,1206.327
2013-09-16,-3.2,0.08,1206.327
2013-09-23,-3.2,0.08,1206.327
2013-09-30,-3.2,0.08,1206.327
2013-10-07,-3.3,0.09,1213.425
2013-10-14,-3.3,0.09,1213.425
2013-10-21,-3.3,0.09,1213.425
2013-10-28,-3.3,0.09,1213.425
2013-11-04,-3.3,0.08,1220.844
2013-11-11,-3.3,0.08,1220.844
2013-11-18,-3.3,0.08,1220.844
2013-11-25,-3.3,0.08,1220.844
2013-12-02,-3.2,0.09,1230.286
2013-12-09,-3.2,0.09,1230.286
2013-12-16,-3.2,0.09,1230.286
2013-12-23,-3.2,0.09,1230.286
2013-12-30,-3.2,0.09,1230.286
2014-01-06,-3.2,0.07,1231.631
2014-01-13,-3.2,0.07,1231.631
2014-01-20,-3.2,0.07,1231.631
2014-01-27,-3.2,0.07,1231.631
2014-02-03,-3.2,0.07,1237.534
2014-02-10,-3.2,0.07,1237.534
2014-02-17,-3.2,0.07,1237.534
2014-02-24,-3.2,0.07,1237.534
2014-03-03,-3.3,0.08,1261.586
2014-03-10,-3.3,0.08,1261.586
2014-03-17,-3.3,0.08,1261.586
2014-03-24,-3.3,0.08,1261.586
2014-03-31,-3.3,0.08,1261.586
2014-04-07,-3.0,0.09,1270.128
2014-04-14,-3.0,0.09,1270.128
2014-04-21,-3.0,0.09,1270.128
2014-04-28,-3.0,0.09,1270.128
2014-05-05,-3.2,0.09,1275.948
2014-05-12,-3.2,0.09,1275.948
2014-05-19,-3.2,0.09,1275.948
2014-05-26,-3.2,0.09,1275.948
2014-06-02,-3.1,0.1,1279.375
2014-06-09,-3.1,0.1,1279.375
2014-06-16,-3.1,0.1,1279.375
2014-06-23,-3.1,0.1,1279.375
2014-06-30,-3.1,0.1,1279.375
2014-07-07,-3.1,0.09,1284.825
2014-07-14,-3.1,0.09,1284.825
2014-07-21,-3.1,0.09,1284.825
2014-07-28,-3.1,0.09,1284.825
2014-08-04,-3.1,0.09,1287.503
2014-08-11,-3.1,0.09,1287.503
2014-08-18,-3.1,0.09,1287.503
2014-08-25,-3.1,0.09,1287.503
2014-09-01,-3.2,0.09,1290.772
2014-09-08,-3.2,0.09,1290.772
2014-09-15,-3.2,0.09,1290.772
2014-09-22,-3.2,0.09,1290.772
2014-09-29,-3.2,0.09,1290.772
2014-10-06,-3.2,0.09,1294.037
2014-10-13,-3.2,0.09,1294.037
2014-10-20,-3.2,0.09,1294.037
2014-10-27,-3.2,0.09,1294.037
2014-11-03,-3.2,0.09,1309.492
2014-11-10,-3.2,0.09,1309.492
2014-11-17,-3.2,0.09,1309.492
2014-11-24,-3.2,0.09,1309.492
2014-12-01,-3.2,0.12,1326.698
2014-12-08,-3.2,0.12,1326.698
2014-12-15,-3.2,0.12,1326.698
2014-12-22,-3.2,0.12,1326.698
2014-12-29,-3.2,0.12,1326.698
2015-01-05,-3.2,0.11,1333.447
2015-01-12,-3.2,0.11,1333.447
2015-01-19,-3.2,0.11,1333.447
2015-01-26,-3.2,0.11,1333.447
2015-02-02,-3.2,0.11,1341.256
2015-02-09,-3.2,0.11,1341.256
2015-02-16,-3.2,0.11,1341.256
2015-02-23,-3.2,0.11,1341.256
2015-03-02,-3.2,0.11,1354.764
2015-03-09,-3.2,0.11,1354.764
2015-03-16,-3.2,0.11,1354.764
2015-03-23,-3.2,0.11,1354.764
2015-03-30,-3.2,0.11,1354.764
2015-04-06,-3.3,0.12,1359.926
2015-04-13,-3.3,0.12,1359.926
2015-04-20,-3.3,0.12,1359.926
2015-04-27,-3.3,0.12,1359.926
2015-05-04,-3.1,0.12,1364.57
2015-05-11,-3.1,0.12,1364.57
2015-05-18,-3.1,0.12,1364.57
2015-05-25,-3.1,0.12,1364.57
2015-06-01,-3.2,0.13,1366.158
2015-06-08,-3.2,0.13,1366.158
2015-06-15,-3.2,0.13,1366.158
2015-06-22,-3.2,0.13,1366.158
2015-06-29,-3.2,0.13,1366.158
2015-07-06,-3.1,0.13,1369.775
2015-07-13,-3.1,0.13,1369.775
2015-07-20,-3.1,0.13,1369.775
2015-07-27,-3.1,0.13,1369.775
2015-08-03,-3.1,0.14,1375.053
2015-08-10,-3.1,0.14,1375.053
2015-08-17,-3.1,0.14,1375.053
2015-08-24,-3.1,0.14,1375.053
2015-08-31,-3.1,0.14,1375.053
2015-09-07,-3.1,0.14,1383.872
2015-09-14,-3.1,0.14,1383.872
2015-09-21,-3.1,0.14,1383.872
2015-09-28,-3.1,0.14,1383.872
2015-10-05,-3.1,0.12,1391.429
2015-10-12,-3.1,0.12,1391.429
2015-10-19,-3.1,0.12,1391.429
2015-10-26,-3.1,0.12,1391.429
2015-11-02,-3.3,0.12,1402.991
2015-11-09,-3.3,0.12,1402.991
2015-11-16,-3.3,0.12,1402.991
2015-11-23,-3.3,0.12,1402.991
2015-11-30,-3.3,0.12,1402.991
2015-12-07,-3.2,0.24,1415.044
2015-12-14,-3.2,0.24,1415.044
2015-12-21,-3.2,0.24,1415.044
2015-12-28,-3.2,0.24,1415.044
2016-01-04,-3.2,0.34,1417.331
2016-01-11,-3.2,0.34,1417.331
2016-01-18,-3.2,0.34,1417.331
2016-01-25,-3.2,0.34,1417.331
2016-02-01,-3.3,0.38,1420.976
2016-02-08,-3.3,0.38,1420.976
2016-02-15,-3.3,0.38,1420.976
2016-02-22,-3.3,0.38,1420.976
2016-02-29,-3.3,0.38,1420.976
2016-03-07,-3.3,0.36,1436.877
2016-03-14,-3.3,0.36,1436.877
2016-03-21,-3.3,0.36,1436.877
2016-03-28,-3.3,0.36,1436.877
2016-04-04,-3.4,0.37,1444.638
2016-04-11,-3.4,0.37,1444.638
2016-04-18,-3.4,0.37,1444.638
2016-04-25,-3.4,0.37,1444.638
2016-05-02,-3.3,0.37,1450.998
2016-05-09,-3.3,0.37,1450.998
2016-05-16,-3.3,0.37,1450.998
2016-05-23,-3.3,0.37,1450.998
2016-05-30,-3.3,0.37,1450.998
2016-06-06,-3.3,0.38,1457.506
2016-06-13,-3.3,0.38,1457.506
2016-06-20,-3.3,0.38,1457.506
2016-06-27,-3.3,0.38,1457.506
2016-07-04,-3.3,0.39,1463.677
2016-07-11,-3.3,0.39,1463.677
2016-07-18,-3.3,0.39,1463.677
2016-07-25,-3.3,0.39,1463.677
2016-08-01,-3.4,0.4,1464.341
2016-08-08,-3.4,0.4,1464.341
2016-08-15,-3.4,0.4,1464.341
2016-08-22,-3.4,0.4,1464.341
2016-08-29,-3.4,0.4,1464.341
2016-09-05,-3.5,0.4,1470.25
2016-09-12,-3.5,0.4,1470.25
2016-09-19,-3.5,0.4,1470.25
2016-09-26,-3.5,0.4,1470.25
2016-10-03,-3.5,0.4,1475.811
2016-10-10,-3.5,0.4,1475.811
2016-10-17,-3.5,0.4,1475.811
2016-10-24,-3.5,0.4,1475.811
2016-10-31,-3.5,0.4,1475.811
2016-11-07,-3.5,0.41,1488.54
2016-11-14,-3.5,0.41,1488.54
2016-11-21,-3.5,0.41,1488.54
2016-11-28,-3.5,0.41,1488.54
2016-12-05,-3.4,0.54,1499.355
2016-12-12,-3.4,0.54,1499.355
2016-12-19,-3.4,0.54,1499.355
2016-12-26,-3.4,0.54,1499.355
2017-01-02,-3.4,0.65,1504.579
2017-01-09,-3.4,0.65,1504.579
2017-01-16,-3.4,0.65,1504.579
2017-01-23,-3.4,0.65,1504.579
2017-01-30,-3.4,0.65,1504.579
2017-02-06,-3.3,0.66,1504.655
2017-02-13,-3.3,0.66,1504.655
2017-02-20,-3.3,0.66,1504.655
2017-02-27,-3.3,0.66,1504.655
2017-03-06,-3.4,0.79,1527.119
2017-03-13,-3.4,0.79,1527.119
2017-03-20,-3.4,0.79,1527.119
2017-03-27,-3.4,0.79,1527.119
2017-04-03,-3.1,0.9,1539.472
2017-04-10,-3.1,0.9,1539.472
2017-04-17,-3.1,0.9,1539.472
2017-04-24,-3.1,0.9,1539.472
2017-05-01,-3.2,0.91,1548.163
2017-05-08,-3.2,0.91,1548.163
2017-05-15,-3.2,0.91,1548.163
2017-05-22,-3.2,0.91,1548.163
2017-05-29,-3.2,0.91,1548.163
2017-06-05,-3.1,1.04,1555.21
2017-06-12,-3.1,1.04,1555.21
2017-06-19,-3.1,1.04,1555.21
2017-06-26,-3.1,1.04,1555.21
2017-07-03,-3.0,1.15,1562.592
2017-07-10,-3.0,1.15,1562.592
2017-07-17,-3.0,1.15,1562.592
2017-07-24,-3.0,1.15,1562.592
2017-07-31,-3.0,1.15,1562.592
2017-08-07,-3.0,1.16,1565.288
2017-08-14,-3.0,1.16,1565.288
2017-08-21,-3.0,1.16,1565.288
2017-08-28,-3.0,1.16,1565.288
2017-09-04,-3.0,1.15,1578.295
2017-09-11,-3.0,1.15,1578.295
2017-09-18,-3.0,1.15,1578.295
2017-09-25,-3.0,1.15,1578.295
2017-10-02,-3.1,1.15,1583.264
2017-10-09,-3.1,1.15,1583.264
2017-10-16,-3.1,1.15,1583.264
2017-10-23,-3.1,1.15,1583.264
2017-10-30,-3.1,1.15,1583.264
2017-11-06,-3.1,1.16,1592.131
2017-11-13,-3.1,1.16,1592.131
2017-11-20,-3.1,1.16,1592.131
2017-11-27,-3.1,1.16,1592.131
2017-12-04,-3.1,1.3,1604.544
2017-12-11,-3.1,1.3,1604.544
2017-12-18,-3.1,1.3,1604.544
2017-12-25,-3.1,1.3,1604.544
2018-01-01,-3.2,1.41,1611.341
2018-01-08,-3.2,1.41,1611.341
2018-01-15,-3.2,1.41,1611.341
2018-01-22,-3.2,1.41,1611.341
2018-01-29,-3.2,1.41,1611.341
2018-02-05,-3.2,1.42,1616.281
2018-02-12,-3.2,1.42,1616.281
2018-02-19,-3.2,1.42,1616.281
2018-02-26,-3.2,1.42,1616.281
2018-03-05,-3.1,1.51,1633.038
2018-03-12,-3.1,1.51,1633.038
2018-03-19,-3.1,1.51,1633.038
2018-03-26,-3.1,1.51,1633.038
2018-04-02,-3.3,1.69,1639.951
2018-04-09,-3.3,1.69,1639.951
2018-04-16,-3.3,1.69,1639.951
2018-04-23,-3.3,1.69,1639.951
2018-04-30,-3.3,1.69,1639.951
2018-05-07,-3.2,1.7,1650.879
2018-05-14,-3.2,1.7,1650.879
2018-05-21,-3.2,1.7,1650.879
2018-05-28,-3.2,1.7,1650.879
2018-06-04,-3.3,1.82,1661.272
2018-06-11,-3.3,1.82,1661.272
2018-06-18,-3.3,1.82,1661.272
2018-06-25,-3.3,1.82,1661.272
2018-07-02,-3.1,1.91,1669.057
2018-07-09,-3.1,1.91,1669.057
2018-07-16,-3.1,1.91,1669.057
2018-07-23,-3.1,1.91,1669.057
2018-07-30,-3.1,1.91,1669.057
2018-08-06,-3.1,1.91,1671.608
2018-08-13,-3.1,1.91,1671.608
2018-08-20,-3.1,1.91,1671.608
2018-08-27,-3.1,1.91,1671.608
2018-09-03,-3.2,1.95,1685.515
2018-09-10,-3.2,1.95,1685.515
2018-09-17,-3.2,1.95,1685.515
2018-09-24,-3.2,1.95,1685.515
2018-10-01,-3.1,2.19,1690.132
2018-10-08,-3.1,2.19,1690.132
2018-10-15,-3.1,2.19,1690.132
2018-10-22,-3.1,2.19,1690.132
2018-10-29,-3.1,2.19,1690.132
2018-11-05,-3.1,2.2,1701.602
2018-11-12,-3.1,2.2,1701.602
2018-11-19,-3.1,2.2,1701.602
2018-11-26,-3.1,2.2,1701.602
2018-12-03,-3.0,2.27,1706.892
2018-12-10,-3.0,2.27,1706.892
2018-12-17,-3.0,2.27,1706.892
2018-12-24,-3.0,2.27,1706.892
2018-12-31,-3.0,2.27,1706.892
2019-01-07,-3.0,2.4,1709.726
2019-01-14,-3.0,2.4,1709.726
2019-01-21,-3.0,2.4,1709.726
2019-01-28,-3.0,2.4,1709.726
2019-02-04,-3.0,2.4,1707.784
2019-02-11,-3.0,2.4,1707.784
2019-02-18,-3.0,2.4,1707.784
2019-02-25,-3.0,2.4,1707.784
2019-03-04,-3.1,2.41,1719.262
2019-03-11,-3.1,2.41,1719.262
2019-03-18,-3.1,2.41,1719.262
2019-03-25,-3.1,2.41,1719.262
2019-04-01,-2.9,2.42,1726.409
2019-04-08,-2.9,2.42,1726.409
2019-04-15,-2.9,2.42,1726.409
2019-04-22,-2.9,2.42,1726.409
2019-04-29,-2.9,2.42,1726.409
2019-05-06,-3.0,2.39,1732.227
2019-05-13,-3.0,2.39,1732.227
2019-05-20,-3.0,2.39,1732.227
2019-05-27,-3.0,2.39,1732.227
2019-06-03,-2.9,2.38,1737.761
2019-06-10,-2.9,2.38,1737.761
2019-06-17,-2.9,2.38,1737.761
2019-06-24,-2.9,2.38,1737.761
2019-07-01,-3.0,2.4,1746.898
2019-07-08,-3.0,2.4,1746.898
2019-07-15,-3.0,2.4,1746.898
2019-07-22,-3.0,2.4,1746.898
2019-07-29,-3.0,2.4,1746.898
2019-08-05,-2.9,2.13,1749.115
2019-08-12,-2.9,2.13,1749.115
2019-08-19,-2.9,2.13,1749.115
2019-08-26,-2.9,2.13,1749.115
2019-09-02,-2.9,2.04,1762.662
2019-09-09,-2.9,2.04,1762.662
2019-09-16,-2.9,2.04,1762.662
2019-09-23,-2.9,2.04,1762.662
2019-09-30,-2.9,2.04,1762.662
2019-10-07,-2.9,1.83,1769.485
2019-10-14,-2.9,1.83,1769.485
2019-10-21,-2.9,1.83,1769.485
2019-10-28,-2.9,1.83,1769.485
2019-11-04,-2.9,1.55,1785.601
2019-11-11,-2.9,1.55,1785.601
2019-11-18,-2.9,1.55,1785.601
2019-11-25,-2.9,1.55,1785.601
2019-12-02,-2.8,1.55,1794.26
2019-12-09,-2.8,1.55,1794.26
2019-12-16,-2.8,1.55,1794.26
2019-12-23,-2.8,1.55,1794.26
2019-12-30,-2.8,1.55,1794.26
2020-01-06,-2.9,1.55,1798.984
2020-01-13,-2.9,1.55,1798.984
2020-01-20,-2.9,1.55,1798.984
2020-01-27,-2.9,1.55,1798.984
2020-02-03,-2.8,1.58,1795.984
2020-02-10,-2.8,1.58,1795.984
2020-02-17,-2.8,1.58,1795.984
2020-02-24,-2.8,1.58,1795.984
2020-03-02,-3.1,0.65,1826.076
2020-03-09,-3.1,0.65,1826.076
2020-03-16,-3.1,0.65,1826.076
2020-03-23,-3.1,0.65,1826.076
2020-03-30,-3.1,0.65,1826.076
2020-04-06,-3.4,0.05,1887.38
2020-04-13,-3.4,0.05,1887.38
2020-04-20,-3.4,0.05,1887.38
2020-04-27,-3.4,0.05,1887.38
2020-05-04,-3.4,0.05,1929.729
2020-05-11,-3.4,0.05,1929.729
2020-05-18,-3.4,0.05,1929.729
2020-05-25,-3.4,0.05,1929.729
2020-06-01,-3.4,0.08,1955.37
2020-06-08,-3.4,0.08,1955.37
2020-06-15,-3.4,0.08,1955.37
2020-06-22,-3.4,0.08,1955.37
2020-06-29,-3.4,0.08,1955.37
2020-07-06,-3.2,0.09,1978.268
2020-07-13,-3.2,0.09,1978.268
2020-07-20,-3.2,0.09,1978.268
2020-07-27,-3.2,0.09,1978.268
2020-08-03,-3.5,0.1,2004.524
2020-08-10,-3.5,0.1,2004.524
2020-08-17,-3.5,0.1,2004.524
2020-08-24,-3.5,0.1,2004.524
2020-08-31,-3.5,0.1,2004.524
2020-09-07,-3.5,0.09,2026.246
2020-09-14,-3.5,0.09,2026.246
2020-09-21,-3.5,0.09,2026.246
2020-09-28,-3.5,0.09,2026.246
2020-10-05,-3.5,0.09,2040.201
2020-10-12,-3.5,0.09,2040.201
2020-10-19,-3.5,0.09,2040.201
2020-10-26,-3.5,0.09,2040.201
2020-11-02,-3.5,0.09,2055.633
2020-11-09,-3.5,0.09,2055.633
2020-11-16,-3.5,0.09,2055.633
2020-11-23,-3.5,0.09,2055.633
2020-11-30,-3.5,0.09,2055.633
2020-12-07,-3.5,0.09,2070.526
2020-12-14,-3.5,0.09,2070.526
2020-12-21,-3.5,0.09,2070.526
2020-12-28,-3.5,0.09,2070.526
2021-01-04,-3.0,0.09,2093.534
2021-01-11,-3.0,0.09,2093.534
2021-01-18,-3.0,0.09,2093.534
2021-01-25,-3.0,0.09,2093.534
2021-02-01,-3.5,0.08,2100.216
2021-02-08,-3.5,0.08,2100.216
2021-02-15,-3.5,0.08,2100.216
2021-02-22,-3.5,0.08,2100.216
2021-03-01,-3.3,0.07,2115.282
2021-03-08,-3.3,0.07,2115.282
2021-03-15,-3.3,0.07,2115.282
2021-03-22,-3.3,0.07,2115.282
2021-03-29,-3.3,0.07,2115.282
2021-04-05,-3.1,0.07,2154.819
2021-04-12,-3.1,0.07,2154.819
2021-04-19,-3.1,0.07,2154.819
2021-04-26,-3.1,0.07,2154.819
2021-05-03,-2.8,0.06,2167.934
2021-05-10,-2.8,0.06,2167.934
2021-05-17,-2.8,0.06,2167.934
2021-05-24,-2.8,0.06,2167.934
2021-05-31,-2.8,0.06,2167.934
2021-06-07,-2.7,0.08,2178.843
2021-06-14,-2.7,0.08,2178.843
2021-06-21,-2.7,0.08,2178.843
2021-06-28,-2.7,0.08,2178.843
2021-07-05,-2.8,0.1,2186.118
2021-07-12,-2.8,0.1,2186.118
2021-07-19,-2.8,0.1,2186.118
2021-07-26,-2.8,0.1,2186.118
2021-08-02,-2.5,0.09,2187.596
2021-08-09,-2.5,0.09,2187.596
2021-08-16,-2.5,0.09,2187.596
2021-08-23,-2.5,0.09,2187.596
2021-08-30,-2.5,0.09,2187.596
2021-09-06,-2.4,0.08,2194.822
2021-09-13,-2.4,0.08,2194.822
2021-09-20,-2.4,0.08,2194.822
2021-09-27,-2.4,0.08,2194.822
2021-10-04,-2.2,0.08,2202.387
2021-10-11,-2.2,0.08,2202.387
2021-10-18,-2.2,0.08,2202.387
2021-10-25,-2.2,0.08,2202.387
2021-11-01,-1.8,0.08,2211.54
2021-11-08,-1.8,0.08,2211.54
2021-11-15,-1.8,0.08,2211.54
2021-11-22,-1.8,0.08,2211.54
2021-11-29,-1.8,0.08,2211.54
2021-12-06,-1.7,0.08,2223.817
2021-12-13,-1.7,0.08,2223.817
2021-12-20,-1.7,0.08,2223.817
2021-12-27,-1.7,0.08,2223.817
2022-01-03,-1.7,0.08,2233.537
2022-01-10,-1.7,0.08,2233.537
2022-01-17,-1.7,0.08,2233.537
2022-01-24,-1.7,0.08,2233.537
2022-01-31,-1.7,0.08,2233.537
2022-02-07,-0.9,0.08,2232.023
2022-02-14,-0.9,0.08,2232.023
2022-02-21,-0.9,0.08,2232.023
2022-02-28,-0.9,0.08,2232.023
2022-03-07,-0.7,0.2,2257.565
2022-03-14,-0.7,0.2,2257.565
2022-03-21,-0.7,0.2,2257.565
2022-03-28,-0.7,0.2,2257.565
2022-04-04,-0.2,0.33,2269.748
2022-04-11,-0.2,0.33,2269.748
2022-04-18,-0.2,0.33,2269.748
2022-04-25,-0.2,0.33,2269.748
2022-05-02,0.1,0.77,2272.221
2022-05-09,0.1,0.77,2272.221
2022-05-16,0.1,0.77,2272.221
2022-05-23,0.1,0.77,2272.221
2022-05-30,0.1,0.77,2272.221
2022-06-06,0.2,1.21,2278.11
2022-06-13,0.2,1.21,2278.11
2022-06-20,0.2,1.21,2278.11
2022-06-27,0.2,1.21,2278.11
2022-07-04,0.5,1.68,2279.12
2022-07-11,0.5,1.68,2279.12
2022-07-18,0.5,1.68,2279.12
2022-07-25,0.5,1.68,2279.12
2022-08-01,0.8,2.33,2275.416
2022-08-08,0.8,2.33,2275.416
2022-08-15,0.8,2.33,2275.416
2022-08-22,0.8,2.33,2275.416
2022-08-29,0.8,2.33,2275.416
2022-09-05,1.2,2.56,2279.946
2022-09-12,1.2,2.56,2279.946
2022-09-19,1.2,2.56,2279.946
2022-09-26,1.2,2.56,2279.946
2022-10-03,,3.08,2283.799
2022-10-10,,3.08,2283.799
2022-10-17,,3.08,2283.799
2022-10-24,,3.08,2283.799
2022-10-31,,3.08,2283.799
2022-11-07,,3.78,2291.416
2022-11-14,,3.78,2291.416
2022-11-21,,3.78,2291.416
2022-11-28,,3.78,2291.416
2022-12-05,,4.1,2297.344
2022-12-12,,4.1,2297.344
2022-12-19,,4.1,2297.344
2022-12-26,,4.1,2297.344
2023-01-02,,4.33,2299.897
2023-01-09,,4.33,2299.897
2023-01-16,,4.33,2299.897
2023-01-23,,4.33,2299.897
2023-01-30,,4.33,2299.897
2023-02-06,,4.57,2297.461
2023-02-13,,4.57,2297.461
2023-02-20,,4.57,2297.461
2023-02-27,,4.57,2297.461
2023-03-06,,4.65,2310.338
2023-03-13,,4.65,2310.338
2023-03-20,,4.65,2310.338
2023-03-27,,4.65,2310.338
